"source","target","weight","cross_college","papers"
"lyons","vnaraya3","1","False","Quenching measurements of Kr 5p[3/2]<sub>2</sub> ← ← 4p<sup>6</sup> <s"
"cdrock","tjhorn","3","False","Microstructure development and properties of micro-alloyed copper, Cu-|1.5 MW CW RF Loads for Gyrotrons|Microstructure and Elevated Temperature Flexure Testing of Tungsten Pr"
"ehyland","kwwegman","1","False","Back from the past? Assessment of nitrogen removal ability of buried h"
"hhuang11","mliu10","7","False","1-D Manual Tracing Based on a High Density Haptic Stimulation Grid - a|Abduction/Adduction Assistance From Powered Hip Exoskeleton Enables Mo|Closed-Loop Feedback Control of Human Step Width During Walking by Med"
"fyyamane","ooralka","2","False","Design and Fabrication of 1-D CMUT Arrays for Dual-Mode Dual-Frequency|Activation of primate frontal eye fields with a CMUT phased array syst"
"dxlascel","kdange","1","True","Veterinary education and experience shape beliefs about dog breeds Par"
"dxlascel","megruen","4","False","Veterinary education and experience shape beliefs about dog breeds Par|Development and validation of a sleep questionnaire, SNoRE 3.0, to eva|Activity patterns are associated with fractional lifespan, memory, and"
"kdange","megruen","2","True","Veterinary education and experience shape beliefs about dog breeds Par|Veterinary education and experience shape beliefs about dog breeds. Pa"
"knivanov","xwu27","1","False","Prediction and uncertainty quantification of SAFARI-1 axial neutron fl"
"jtascenc","lkhanley","1","False","SEGS-1 a cassava genomic sequence increases the severity of African ca"
"jslindse","mtanigu","7","False","Four Routes to 3-(3-Methoxy-1,3-dioxopropyl)pyrrole, a Core Motif of R|Digital Database of Absorption Spectra of Diverse Flavonoids Enables S|Absorption and fluorescence spectra of open-chain tetrapyrrole pigment"
"knappe","mrhyman","1","True","Pilot-scale biofiltration of 1,4-dioxane at drinking water-relevant co"
"jvveliad","sbhatta4","2","False","Switching Loss Analysis of Three-Phase Three- Level Neutral Point Clam|Determination of Parameters of Symmetrical Six-Phase Permanent Magnet "
"narayan","rjnaraya","5","False","Laser-assisted formation of 3c-SiC and continuous diamond growth using|Synthesis and novel properties of Q-silicon|Nanosecond Laser Annealing of NMC 811 Cathodes for Enhanced Performanc"
"igransb","sesmith5","2","False","Building upon the CAPE Framework for Broader Understanding of Capacity|Assessment of Self-Identified Learning Struggles in CS2 Programming As"
"cdelgad","kbchen2","1","True","Shrink or grow the kids? Scale cognition in an immersive virtual envir"
"cdelgad","mopeters","1","True","Shrink or grow the kids? Scale cognition in an immersive virtual envir"
"kbchen2","mopeters","2","True","Shrink or grow the kids? Scale cognition in an immersive virtual envir|Scale Worlds: Iterative refinement, evaluation, and theory-usability b"
"hvtafres","jliu38","1","False","Corrigendum to “Molecular dynamics simulation of steady-state droplet "
"cmaltec","jjiang26","3","False","123 Benchmarking of Artificial Neural Network Models for Genomic Predi|SLEMM: million-scale genomic predictions with window-based SNP weighti|Inbreeding depression for producer-recorded udder, metabolic, and repr"
"galewbar","sozawa","2","False","The clinical features and treatment of fishhook injuries in freshwater|ULTRASONOGRAPHIC EVALUATION OF COELOMIC FLUID IN HEALTHY CORN SNAKES ("
"jkmattin","mpgreen2","1","True","Measurement of Electron-Neutrino Charged-Current Cross Sections on <mm"
"amgrunde","richardv","1","True","Survivability of Salmonella Typhimurium (ATCC 14208) and Listeria inno"
"amgrunde","rwgonzal","1","True","Survivability of Salmonella Typhimurium (ATCC 14208) and Listeria inno"
"richardv","rwgonzal","2","False","Survivability of Salmonella Typhimurium (ATCC 14208) and Listeria inno|Environmental life cycle assessment of premium and ultra hygiene tissu"
"mcricker","sscmjv","2","False","Soil organic carbon changes in a Carolina Bay wetland 15 years after r|A rapid approach for ecological assessments in Carolina Bay wetlands t"
"aharris5","fldelosr","1","False","Using detrending to assess SARS-CoV-2 wastewater loads as a leading in"
"aharris5","nkotlar","1","False","Using detrending to assess SARS-CoV-2 wastewater loads as a leading in"
"fldelosr","nkotlar","2","False","Using detrending to assess SARS-CoV-2 wastewater loads as a leading in|Using Detrending to Assess SARS-CoV-2 Wastewater Loads as a Leading In"
"clanzas","efpearso","1","False","Impacts of the <scp>COVID</scp>‐19 pandemic on antimicrobial use in co"
"memayorg","oyozalti","2","False","Quantifying association and disparities between diabetes complications|Detecting Human Trafficking: Automated Classification of Online Custom"
"bsunderw","cahintz","8","False","Using continuous traffic counts extracted from smartphone data to eval|Early Friction and Texture Evolution After an Asphalt Overlay|Towards sustainable roads: A State-of-the-art review on the use of rec"
"bejin","chwang2","1","False","Factors influencing older adults' intention to use virtual fitting roo"
"ekemahl","rbhandfi","2","False","In-Hospital Code Status Updates: Trends Over Time and the Impact of CO|The Impact of Opioid Prescribing Limits on Drug Usage in South Carolin"
"ekemahl","swking","1","False","In-Hospital Code Status Updates: Trends Over Time and the Impact of CO"
"rbhandfi","swking","1","False","In-Hospital Code Status Updates: Trends Over Time and the Impact of CO"
"jlswann","memayorg","1","False","Evaluation of the US COVID-19 Scenario Modeling Hub for informing pand"
"jmcasper","jnbocarr","3","False","An Exploratory Study of a Health and Wellness Intervention on STEM Col|Physical Activity Associated with Older Adult Pickleball Participation|Perceived Constraints to Pickleball Participation Among Black Older Ad"
"jmcasper","kabush","1","False","An Exploratory Study of a Health and Wellness Intervention on STEM Col"
"jmcasper","mkanters","1","False","An Exploratory Study of a Health and Wellness Intervention on STEM Col"
"jnbocarr","kabush","1","False","An Exploratory Study of a Health and Wellness Intervention on STEM Col"
"jnbocarr","mkanters","1","False","An Exploratory Study of a Health and Wellness Intervention on STEM Col"
"kabush","mkanters","1","False","An Exploratory Study of a Health and Wellness Intervention on STEM Col"
"kanderso","rdmalhei","3","False","Evaluating the Ileal and Cecal Microbiota Composition of a 1940 Herita|The Effect of Housing Environment on Commercial Brown Egg Layer Produc|Evaluation of Physical Egg Quality Parameters of Commercial Brown Layi"
"achakra2","sasha","2","False","Game-Theoretic Mixed $H_{2}/H_{\infty}$ Control with Sparsity Constrai|Robust and Scalable Game-Theoretic Security Investment Methods for Vol"
"jastern","rhli2","4","False","Evaluation of autoantibodies to desmoglein-2 in dogs with and without |Circulating neutrophil extracellular traps in cats with hypertrophic c|Naturally occurring canine laminopathy leading to a dilated and fibros"
"baran","nlu2","3","False","Adaptive cold-load pickup considerations in 2-stage microgrid unit com|A Secure and Adaptive Hierarchical Multi-Timescale Framework for Resil|Adopting Dynamic VAR Compensators to Mitigate PV Impacts on Unbalanced"
"baran","wtang8","2","False","Adaptive cold-load pickup considerations in 2-stage microgrid unit com|A Secure and Adaptive Hierarchical Multi-Timescale Framework for Resil"
"nlu2","wtang8","2","False","Adaptive cold-load pickup considerations in 2-stage microgrid unit com|A Secure and Adaptive Hierarchical Multi-Timescale Framework for Resil"
"jshen3","sisalmon","5","False","Carbonic anhydrase textile structured packing for efficient <scp>CO<su|Carbonic Anhydrase Enhanced UV-Crosslinked PEG-DA/PEO Extruded Hydroge|Biocatalytic Membranes for Carbon Capture and Utilization"
"franzen","raghilad","1","False","Comparative study of the binding and activation of 2,4-dichlorophenol "
"dljorda2","kmjennin","2","False","Tolerance of muscadine grape to 2,4-D choline postemergence-directed|Evaluation of electrical and mechanical Palmer amaranth (<i>Amaranthus"
"dljorda2","mhoffma3","1","False","Tolerance of muscadine grape to 2,4-D choline postemergence-directed"
"kmjennin","mhoffma3","2","False","Tolerance of muscadine grape to 2,4-D choline postemergence-directed|Preplant Application of Allyl Isothiocyanate Controls Weeds and Pathog"
"jabalko","oapetrit","2","False","Retrospective evaluation of wobbly hedgehog syndrome in 49 African pyg|Anesthetic efficacy of dexmedetomidine-ketamine in eastern box turtles"
"mrahe","psitthi","2","False","Detection and disease diagnosis trends (2017–2022) for Streptococcus s|The effect of bone and analytical methods on the assessment of bone mi"
"gcmclaug","iuroeder","1","False","HD 222925: A New Opportunity to Explore the Astrophysical and Nuclear "
"jhkelley","rllongla","1","False","New constraints on sodium production in globular clusters from the<mml"
"clmarian","krmunana","2","False","Presumed pituitary apoplexy in 26 dogs: Clinical findings, treatments,|Magnetic resonance imaging characteristics of atlanto-axial subluxatio"
"clmarian","mwnolan","1","False","Presumed pituitary apoplexy in 26 dogs: Clinical findings, treatments,"
"clmarian","njolby","2","False","Presumed pituitary apoplexy in 26 dogs: Clinical findings, treatments,|Magnetic resonance imaging characteristics of atlanto-axial subluxatio"
"clmarian","pjearly","2","False","Presumed pituitary apoplexy in 26 dogs: Clinical findings, treatments,|Magnetic resonance imaging characteristics of atlanto-axial subluxatio"
"clmarian","semusuli","1","False","Presumed pituitary apoplexy in 26 dogs: Clinical findings, treatments,"
"krmunana","mwnolan","1","False","Presumed pituitary apoplexy in 26 dogs: Clinical findings, treatments,"
"krmunana","njolby","2","False","Presumed pituitary apoplexy in 26 dogs: Clinical findings, treatments,|Magnetic resonance imaging characteristics of atlanto-axial subluxatio"
"krmunana","pjearly","2","False","Presumed pituitary apoplexy in 26 dogs: Clinical findings, treatments,|Magnetic resonance imaging characteristics of atlanto-axial subluxatio"
"krmunana","semusuli","1","False","Presumed pituitary apoplexy in 26 dogs: Clinical findings, treatments,"
"mwnolan","njolby","1","False","Presumed pituitary apoplexy in 26 dogs: Clinical findings, treatments,"
"mwnolan","pjearly","1","False","Presumed pituitary apoplexy in 26 dogs: Clinical findings, treatments,"
"mwnolan","semusuli","1","False","Presumed pituitary apoplexy in 26 dogs: Clinical findings, treatments,"
"njolby","pjearly","2","False","Presumed pituitary apoplexy in 26 dogs: Clinical findings, treatments,|Magnetic resonance imaging characteristics of atlanto-axial subluxatio"
"njolby","semusuli","1","False","Presumed pituitary apoplexy in 26 dogs: Clinical findings, treatments,"
"pjearly","semusuli","1","False","Presumed pituitary apoplexy in 26 dogs: Clinical findings, treatments,"
"amlocke2","dljorda2","3","False","Changes in the herbicide sensitivity and competitive ability of <i>Abu|Rapid evolution of competitive ability in giant foxtail (<i>Setaria fa|Views of RNAi approaches for weed management in turfgrass systems"
"amlocke2","rleon","3","False","Changes in the herbicide sensitivity and competitive ability of <i>Abu|Rapid evolution of competitive ability in giant foxtail (<i>Setaria fa|Views of RNAi approaches for weed management in turfgrass systems"
"dljorda2","rleon","6","False","Changes in the herbicide sensitivity and competitive ability of <i>Abu|Rapid evolution of competitive ability in giant foxtail (<i>Setaria fa|Evaluation of electrical and mechanical Palmer amaranth (<i>Amaranthus"
"rcollaz","sitar","7","False","Chemical Vapor Deposition of Monolayer MoS<sub>2</sub> on Chemomechani|High conductivity in Ge-doped AlN achieved by a non-equilibrium proces|Anderson transition in compositionally graded p-AlGaN"
"rcollaz","spavlid","4","False","Chemical Vapor Deposition of Monolayer MoS<sub>2</sub> on Chemomechani|Demonstration of near-ideal Schottky contacts to Si-doped AlN|Analysis of Vertical GaN JBS and p-n Diodes by Mg Ion Implantation and"
"sitar","spavlid","4","False","Chemical Vapor Deposition of Monolayer MoS<sub>2</sub> on Chemomechani|Demonstration of near-ideal Schottky contacts to Si-doped AlN|Analysis of Vertical GaN JBS and p-n Diodes by Mg Ion Implantation and"
"iguvenc","oozdemi","8","False","Impact of 3-D Antenna Radiation Pattern in UAV Air-to-Ground Path Loss|Spectrum Activity Monitoring and Analysis for Sub-6 GHz Bands Using a |AERIQ: SDR-Based LTE I/Q Measurement and Analysis Framework for Air-to"
"emmeyer","hchen57","1","False","The Absence of Malvidin-3-Glucoside in Petiole Tissue Predicts Rare Re"
"emmeyer","pmperkin","1","False","The Absence of Malvidin-3-Glucoside in Petiole Tissue Predicts Rare Re"
"hchen57","pmperkin","1","False","The Absence of Malvidin-3-Glucoside in Petiole Tissue Predicts Rare Re"
"dxlascel","eghohmei","1","True","Development and validation of a sleep questionnaire, SNoRE 3.0, to eva"
"dxlascel","njolby","2","False","Development and validation of a sleep questionnaire, SNoRE 3.0, to eva|Activity patterns are associated with fractional lifespan, memory, and"
"eghohmei","megruen","1","True","Development and validation of a sleep questionnaire, SNoRE 3.0, to eva"
"eghohmei","njolby","1","True","Development and validation of a sleep questionnaire, SNoRE 3.0, to eva"
"megruen","njolby","8","False","Development and validation of a sleep questionnaire, SNoRE 3.0, to eva|Activity patterns are associated with fractional lifespan, memory, and|A novel task of canine olfaction for use in adult and senior pet dogs"
"hwu15","mmuller2","1","False","Lung nodule biopsy guided using a 30 MHz ultrasound transducer: in vit"
"hwu15","xjiang5","8","False","Lung nodule biopsy guided using a 30 MHz ultrasound transducer: in vit|Intravascular Sono-Ablation for In-Stent Restenosis Relief: Transducer|Flexible Ultrasonic Transducers for Wearable Biomedical Applications: "
"mmuller2","xjiang5","1","False","Lung nodule biopsy guided using a 30 MHz ultrasound transducer: in vit"
"mbgoshe","mrhyman","1","False","Abstract 1847: Identifying the enzyme responsible for initiating aerob"
"jhu3","lgtateos","1","True","Classification of tree forms in aerial LiDAR point clouds using CNN fo"
"chwang2","jfeng2","1","True","Using <scp>3D</scp> virtual fitting room stimuli to enhance older adul"
"jmgluck","xfang3","1","False","Development of a Pneumatic-Driven Fiber-Shaped Robot Scaffold for Use "
"cwong9","dzbaron","2","False","Thermal Estimation for 3D-ICs Through Generative Networks|Group Testing With Side Information via Generalized Approximate Messag"
"cwong9","paulf","1","False","Thermal Estimation for 3D-ICs Through Generative Networks"
"cwong9","twu19","1","False","Thermal Estimation for 3D-ICs Through Generative Networks"
"dzbaron","paulf","1","False","Thermal Estimation for 3D-ICs Through Generative Networks"
"dzbaron","twu19","1","False","Thermal Estimation for 3D-ICs Through Generative Networks"
"paulf","twu19","1","False","Thermal Estimation for 3D-ICs Through Generative Networks"
"dxie","jodle","1","False","PSIV-30 Exploring the Prebiotic Activities of Proanthocyanidins on a P"
"dxie","xilin","1","False","PSIV-30 Exploring the Prebiotic Activities of Proanthocyanidins on a P"
"jodle","xilin","5","False","PSIV-30 Exploring the Prebiotic Activities of Proanthocyanidins on a P|Intestinal Carnitine Status and Fatty Acid Oxidation in Response to Cl|MicroRNA and mRNA sequencing analyses reveal key hepatic metabolic and"
"lvschnab","mbfisher","2","True","Preclinical tendon and ligament models: Beyond the 3Rs (replacement, r|Neo-natal castration leads to subtle differences in porcine anterior c"
"aecarso2","dazaharo","1","False","Heparin Affinity-Based IL-4 Delivery to Modulate Macrophage Phenotype "
"aecarso2","jmgluck","1","True","Heparin Affinity-Based IL-4 Delivery to Modulate Macrophage Phenotype "
"aecarso2","mwking2","1","True","Heparin Affinity-Based IL-4 Delivery to Modulate Macrophage Phenotype "
"dazaharo","jmgluck","1","True","Heparin Affinity-Based IL-4 Delivery to Modulate Macrophage Phenotype "
"dazaharo","mwking2","1","True","Heparin Affinity-Based IL-4 Delivery to Modulate Macrophage Phenotype "
"jmgluck","mwking2","2","False","Heparin Affinity-Based IL-4 Delivery to Modulate Macrophage Phenotype |A textile-reinforced composite vascular graft that modulates macrophag"
"haedward","kemckee","1","False","Critical Competencies of 4-H Camp Staff for Achieving High Performance"
"haedward","ksjayara","1","False","Critical Competencies of 4-H Camp Staff for Achieving High Performance"
"kemckee","ksjayara","1","False","Critical Competencies of 4-H Camp Staff for Achieving High Performance"
"alstiele","camckinn","3","False","45: Comparison of the Effects of Normothermic Machine Perfusion and Co|Comparison of the effects of normothermic machine perfusion and cold s|Changes in equine intestinal stem/progenitor cell number at resection "
"alstiele","lmgonza4","4","False","45: Comparison of the Effects of Normothermic Machine Perfusion and Co|Comparison of the effects of normothermic machine perfusion and cold s|Changes in equine intestinal stem/progenitor cell number at resection "
"camckinn","lmgonza4","4","False","45: Comparison of the Effects of Normothermic Machine Perfusion and Co|Comparison of the effects of normothermic machine perfusion and cold s|Biomarkers of Intestinal Injury in Colic"
"awhitfi","drotenb","6","False","Multigenic Hairpin Transgenes in Tomato Confer Resistance to Multiple |First Report of Resistance-Breaking Variants of Tomato Spotted Wilt Vi|Abaxial leaf surface-mounted multimodal wearable sensor for continuous"
"iguvenc","mlsichit","7","False","Spectrum Activity Monitoring and Analysis for Sub-6 GHz Bands Using a |AERIQ: SDR-Based LTE I/Q Measurement and Analysis Framework for Air-to|Demonstration of Joint SDR/UAV Experiment Development in AERPAW"
"iguvenc","rdutta","4","False","Spectrum Activity Monitoring and Analysis for Sub-6 GHz Bands Using a |AERIQ: SDR-Based LTE I/Q Measurement and Analysis Framework for Air-to|Demonstration of Joint SDR/UAV Experiment Development in AERPAW"
"mlsichit","oozdemi","6","False","Spectrum Activity Monitoring and Analysis for Sub-6 GHz Bands Using a |AERIQ: SDR-Based LTE I/Q Measurement and Analysis Framework for Air-to|Demonstration of Joint SDR/UAV Experiment Development in AERPAW"
"mlsichit","rdutta","4","False","Spectrum Activity Monitoring and Analysis for Sub-6 GHz Bands Using a |AERIQ: SDR-Based LTE I/Q Measurement and Analysis Framework for Air-to|Demonstration of Joint SDR/UAV Experiment Development in AERPAW"
"oozdemi","rdutta","4","False","Spectrum Activity Monitoring and Analysis for Sub-6 GHz Bands Using a |AERIQ: SDR-Based LTE I/Q Measurement and Analysis Framework for Air-to|Demonstration of Joint SDR/UAV Experiment Development in AERPAW"
"gdcollin","kledmist","1","False","Reevaluation of the degree day base 60°F concept in US cotton (<i>Goss"
"alkwansa","ygyingli","6","False","Insights into substrate coordination and glycosyl transfer of poplar c|DFT-Based Calculation of Molecular Hyperpolarizability and SFG Intensi|Effect of solvent on the emulsion and morphology of polyfluorene films"
"hall","nccrook","3","False","Design of 8-mer peptides that block Clostridioides difficile toxin A i|Design of 8-mer Peptides that Block Clostridioides difficile Toxin A i|An integrated chemical engineering approach to understanding microplas"
"hall","smenega","1","False","Design of 8-mer peptides that block Clostridioides difficile toxin A i"
"nccrook","smenega","3","False","Design of 8-mer peptides that block Clostridioides difficile toxin A i|Cellulose Acetate-Stabilized Pickering Emulsions: Preparation, Rheolog|Breakdown of <scp>polyethylene therepthalate</scp> microplastics under"
"cxu24","jfpatric","1","False","Polymer-derived SiOC reinforced with core–shell nanophase structure of"
"jastern","yueda","3","False","Hypertrophic cardiomyopathy in purpose-bred cats with the A31P mutatio|The Role of Personalized Medicine in Companion Animal Cardiology|Sex‐specific differences and predictors of echocardiographic measures "
"awhitfi","qwei3","1","True","Abaxial leaf surface-mounted multimodal wearable sensor for continuous"
"awhitfi","yzhu7","1","True","Abaxial leaf surface-mounted multimodal wearable sensor for continuous"
"drotenb","qwei3","1","True","Abaxial leaf surface-mounted multimodal wearable sensor for continuous"
"drotenb","yzhu7","1","True","Abaxial leaf surface-mounted multimodal wearable sensor for continuous"
"qwei3","yzhu7","1","False","Abaxial leaf surface-mounted multimodal wearable sensor for continuous"
"bgwalan","ekautz","2","False","Impact of environmental oxygen on nanoparticle formation and agglomera|Investigating zirconium alloy corrosion with advanced experimental tec"
"amlynch3","kaharrel","1","False","Case report: Laryngospasm following ethanol ablation of a parathyroid "
"amlynch3","yueda","2","False","Case report: Laryngospasm following ethanol ablation of a parathyroid |Evaluation of thrombin generation in dogs administered clopidogrel"
"kaharrel","yueda","1","False","Case report: Laryngospasm following ethanol ablation of a parathyroid "
"jcmichno","reronque","2","False","Spanish in the Southeast: What a Swarm of Variables Can Tell Us about |Perceptions of inclusive language in the Spanish of the Southeast: dat"
"bgreaves","lawilli3","2","False","What Challenges Do Developers Face About Checked-in Secrets in Softwar|SecretBench: A Dataset of Software Secrets"
"celeprev","mrblanch","1","True","Educator beliefs and organizational constraints: Factors that influenc"
"lalucia","lpal","7","False","Surface Mechanical Properties and Topological Characteristics of Therm|Polymer upcycling of municipal solid cellulosic waste by tandem mechan|Computational and experimental insights into the molecular architectur"
"lalucia","spontak","1","True","Surface Mechanical Properties and Topological Characteristics of Therm"
"lpal","spontak","1","True","Surface Mechanical Properties and Topological Characteristics of Therm"
"pdumbach","srporter","2","False","Understanding Themes in Postsecondary Research Using Topic Modeling an|Effects of the Pandemic on Faculty at Public Research Universities"
"glmille3","wshi3","2","False","Abundance, diversity, and composition of root-associated microbial com|Water deficits shape the microbiome of Bermudagrass roots to be Actino"
"bmmorten","gabr","4","False","Local scour around bridge abutments: Assessment of accuracy and conser|Various Bacterial Attachment Functions and Modeling of Biomass Distrib|Elucidating factors governing MICP biogeochemical processes at macro-s"
"jmdole","jwduggin","2","True","Academic Prolfes of Students in a College of Agriculture|Uneven Paths: Agricultural Pathways that Lead Students to Enroll"
"leplatt","tadrake","1","False","Isolated or Integrated? Tracing the Principal Mentor–Intern Relationsh"
"fncastel","mabolha","2","True","Smart Dope: A Self‐Driving Fluidic Lab for Accelerated Development of |AlphaFlow: autonomous discovery and optimization of multi-step chemist"
"fgarcia4","jjohns24","3","False","Accelerating China’s power sector decarbonization can save lives: inte|The Health and Climate Benefits of Economic Dispatch in China?s Power |The Health and Climate Benefits of Economic Dispatch in China’s Power "
"dxu27","wwen2","1","False","Neurogenesis Dynamics-inspired Spiking Neural Network Training Acceler"
"aamassi","dsun4","2","True","Sustainable materials acceleration platform reveals stable and efficie|Hybrid magnonics in hybrid perovskite antiferromagnets"
"aamassi","kgundog","1","True","Sustainable materials acceleration platform reveals stable and efficie"
"aamassi","mabolha","1","False","Sustainable materials acceleration platform reveals stable and efficie"
"dsun4","kgundog","1","False","Sustainable materials acceleration platform reveals stable and efficie"
"dsun4","mabolha","1","True","Sustainable materials acceleration platform reveals stable and efficie"
"kgundog","mabolha","1","True","Sustainable materials acceleration platform reveals stable and efficie"
"cubbage","mebaldw2","1","True","Estimating landowners’ willingness to accept payments for nature-based"
"cubbage","mlupek","1","False","Estimating landowners’ willingness to accept payments for nature-based"
"mebaldw2","mlupek","1","True","Estimating landowners’ willingness to accept payments for nature-based"
"aaysu","ajawad","1","False","SS-AXI: Secure and Safe Access Control Mechanism for Multi-Tenant Clou"
"agfikes","mcsrougi","1","True","Design and Implementation of an Accessible and Open-Sourced <i>In Sili"
"lcolpog","owduckwo","1","False","Evidence for the accumulation of toxic metal(loid)s in agricultural so"
"gsseiler","njolby","1","False","MRI features can help to confirm a diagnosis of progressive myelomalac"
"jkward2","jonr","2","False","Using Partial Budgeting Analyses to Analyze Profitability of Commercia|High-density Planting and a Smaller Row Width Increased Yield and Decr"
"jkward2","mjknuth","2","False","Using Partial Budgeting Analyses to Analyze Profitability of Commercia|High-density Planting and a Smaller Row Width Increased Yield and Decr"
"jonr","mjknuth","2","False","Using Partial Budgeting Analyses to Analyze Profitability of Commercia|High-density Planting and a Smaller Row Width Increased Yield and Decr"
"khan","nccrook","1","False","Cellulose Acetate-Stabilized Pickering Emulsions: Preparation, Rheolog"
"khan","smenega","2","False","Cellulose Acetate-Stabilized Pickering Emulsions: Preparation, Rheolog|Vapor phase synthesis of metal–organic frameworks on a nanofibrous aer"
"fbreid","lmkleman","2","False","IngredientDB: A GUI-based Matlab database program for estimating the p|Modeling the formulation pH of elderberry syrup with multiple weak aci"
"eooviedo","mvjoseph","3","False","Standardized ileal amino acid digestibility of high-oleic full-fat soy|Influence of extruded soybean meal with varying fat and oleic acid con|Current Agronomic Practices, Harvest & Post-Harvest Processing of Soyb"
"eooviedo","otfoye","1","False","Influence of extruded soybean meal with varying fat and oleic acid con"
"mvjoseph","otfoye","2","False","Influence of extruded soybean meal with varying fat and oleic acid con|Effects of full-fat high-oleic soybean meal in layer diets on nutrient"
"cmtherio","rbarran","1","True","Bile salt hydrolases shape the bile acid landscape and restrict Clostr"
"chsiao2","khan","1","False","Interacting collagen and tannic acid Particles: Uncovering pH-dependen"
"erthomas","jimielke","1","False","Acoustic correlates of aspirated consonants in Maranao"
"jaforre3","tdwalke2","1","False","Determining the effectiveness of using acoustic velocity as an indirec"
"kjpeters","pdbradfo","1","True","Laser Doppler vibrometry measurements of acoustic attenuation in optic"
"dcmuddim","swkullma","2","False","Maximized Spatial Information and Minimized Acquisition Time of Top-Ha|Comparative analysis of sucrose-embedding for whole-body zebrafish MSI"
"ktate","lrlarson","2","False","Evaluating impacts of R3 workshops for first‐time hunters at universit|Collaborative capacity-building for collective evaluation: a case stud"
"ktate","mnpeters","2","False","Evaluating impacts of R3 workshops for first‐time hunters at universit|How a marine debris environmental education program plays to strengths"
"lrlarson","mnpeters","1","False","Evaluating impacts of R3 workshops for first‐time hunters at universit"
"jkpacifi","moorman","5","False","Survival and cause‐specific mortality of male wild turkeys across the |Conservation motivations and willingness to pay for wildlife managemen|Robust assessment of associations between weather and eastern wild tur"
"mchi","tmbarnes","8","False","Leveraging Deep Reinforcement Learning for Metacognitive Interventions|How and When: The Impact of Metacognitive Knowledge Instruction and Mo|XAI to Increase the Effectiveness of an Intelligent Pedagogical Agent"
"bwtaylo3","reirwin","1","False","Nature's chefs: Uniting the hidden diversity of food making and prepar"
"bwtaylo3","srhopkin","1","False","Nature's chefs: Uniting the hidden diversity of food making and prepar"
"reirwin","srhopkin","1","False","Nature's chefs: Uniting the hidden diversity of food making and prepar"
"cbcoope3","kbusch","1","True","Facilitator organizations enhance learning and action through citizen "
"dsun4","jliu38","2","True","Chiral-phonon-activated spin Seebeck effect|Thickness‐Dependent Thermal Conductivity and Phonon Mean Free Path Dis"
"bwbeeler","knivanov","1","False","Development of an efficient and improved core thermal-hydraulics predi"
"bwbeeler","mnavramo","1","False","Development of an efficient and improved core thermal-hydraulics predi"
"knivanov","mnavramo","4","False","Development of an efficient and improved core thermal-hydraulics predi|Fuel performance uncertainty quantification and sensitivity analysis i|Preservation of kinetics parameters generated by Monte Carlo calculati"
"aclark","dpkelly","1","False","Facilitative Teaching Utilizing Active Learning Modules in Engineering"
"macowley","ytsuji","1","False","LncRNA Tuna is activated in cadmium-induced placental insufficiency an"
"dasalvi","shall5","1","False","Antimicrobial Effects of Plasma-Activated Simulated Seawater (PASW) on"
"ihusain2","wyu2","2","False","Sequence Prediction for SiC MOSFET Active Gate Driving With a Recurren|Medium Voltage Solid State Transformer for Extreme Fast Charging Appli"
"dbrown","mbgoshe","1","False","Tizoxanide Antiviral Activity on Dengue Virus Replication"
"nsharm23","xjiang5","3","False","Development of a Wearable Ultrasound Transducer for Sensing Muscle Act|Flexible Ultrasonic Transducers for Wearable Biomedical Applications: |Towards ultrasound imaging-based closed-loop peripheral nerve stimulat"
"mrblanch","richardv","3","True","Using Activity Theory to understand the interactions of a university i|Fluffy, Fluffier, and Fluffiest: Creating and Testing Biodegradable St|Observing Microplastics in the Environment through Citizen-Science-Ins"
"alwelch","atbliksl","4","False","Hypoxia Primes Human ISCs for Interleukin-Dependent Rescue of Stem Cel|Enteric glial cell network function is required for epithelial barrier|257 Effects of Prebiotic Galactooligosaccharide (GOS) on Hindgut Micro"
"bernholc","wlu2","2","False","Electro-thermal actuation in percolative ferroelectric polymer nanocom|Interfacial origin of dielectric constant enhancement in high-temperat"
"jyin8","yzhu7","1","False","Caterpillar-inspired soft crawling robot with distributed programmable"
"dxlascel","mwnolan","1","False","Acute radiotherapy-associated oral pain may promote tumor growth at di"
"dxlascel","skmishra","1","False","Acute radiotherapy-associated oral pain may promote tumor growth at di"
"dxlascel","ylai7","1","False","Acute radiotherapy-associated oral pain may promote tumor growth at di"
"mwnolan","skmishra","1","False","Acute radiotherapy-associated oral pain may promote tumor growth at di"
"mwnolan","ylai7","1","False","Acute radiotherapy-associated oral pain may promote tumor growth at di"
"skmishra","ylai7","1","False","Acute radiotherapy-associated oral pain may promote tumor growth at di"
"agrinba","tghashg","3","True","Deep learning-based adaptive optics for light sheet fluorescence micro|COMBINe enables automated detection and classification of neurons and |Bulk and mosaic deletions of Egfr reveal regionally defined gliogenesi"
"hmitaso","jvukoma","2","True","Spatially interactive modeling of land change identifies location-spec|An open-source platform for geospatial participatory modeling in the c"
"hmitaso","rkmeente","3","True","Spatially interactive modeling of land change identifies location-spec|Point Density Variations in Airborne Lidar Point Clouds|An open-source platform for geospatial participatory modeling in the c"
"jvukoma","rkmeente","3","False","Spatially interactive modeling of land change identifies location-spec|Viewscape change highlights shifting drivers of exurban development ov|An open-source platform for geospatial participatory modeling in the c"
"elseekam","jvukoma","1","False","Socio-spatial factors influence climate change adaptation decisions of"
"galewbar","jabalko","3","False","Anesthetic efficacy of dexmedetomidine-ketamine in eastern box turtles|Evaluation of Targeted Injections of Ivermectin or Potassium Chloride |Characterization of Current Husbandry and Veterinary Care Practices of"
"galewbar","oapetrit","1","False","Anesthetic efficacy of dexmedetomidine-ketamine in eastern box turtles"
"imgimeno","rrkulkar","3","False","In ovo HVT vaccination enhances cellular responses at hatch and additi|In Ovo Vaccination with Recombinant Herpes Virus of the Turkey-Laryngo|Effect of CpG-Oligonucleotide in Enhancing Recombinant Herpes Virus of"
"oaharrys","sshasha2","1","False","Predicting additive manufacturing defects with robust feature selectio"
"spark","wjsagues","2","True","Green Needle Coke Production from Pyrolysis Biocrude toward Bio-based |Sustainable Li-ion anode material from Fe-catalyzed graphitization of "
"rleon","screberg","3","False","Addressing biases in replacement series: the importance of reference d|Breeding allelopathy in cereal rye for weed suppression|Using structure-from-motion to estimate cover crop biomass and charact"
"arkendal","slvaden","2","False","Adeno‐associated virus‐vectored erythropoietin gene therapy for anemia|Lesser vestibular periurethral gland‐like inflammation associated with"
"aakedrow","efpearso","2","False","Veterinary Students Underestimate Cat and Dog Owner Adherence and Know|Decision making on antimicrobial use: Cat and dog owners’ knowledge an"
"flowers","japiedra","2","True","42 Adrenomedullin Stimulates Proliferation, Migration and Adhesion of |Uterine histotroph and conceptus development: III. Adrenomedullin stim"
"flowers","xwang97","2","False","42 Adrenomedullin Stimulates Proliferation, Migration and Adhesion of |Uterine histotroph and conceptus development: III. Adrenomedullin stim"
"japiedra","xwang97","2","True","42 Adrenomedullin Stimulates Proliferation, Migration and Adhesion of |Uterine histotroph and conceptus development: III. Adrenomedullin stim"
"mwking2","yzhan296","1","False","Techniques for navigating <scp>postsurgical</scp> adhesions: Insights "
"efimenko","jgenzer","2","False","Tuning Interfacial Adhesion in Polyester/Polyamide Systems|Continuous Ligand-Free Catalysis Using a Hybrid Polymer Network Suppor"
"oapetrit","rcrespo","2","False","Pharmacokinetics of intravenously and trans-dermally administered flur|Pharmacokinetics of fluralaner as a systemic drug to control infestati"
"oapetrit","rebaynes","3","False","Pharmacokinetics of intravenously and trans-dermally administered flur|Pharmacokinetics and Safety of Sulfamethoxazole-Trimethoprim After Ora|Pharmacokinetics of fluralaner as a systemic drug to control infestati"
"rcrespo","rebaynes","2","False","Pharmacokinetics of intravenously and trans-dermally administered flur|Pharmacokinetics of fluralaner as a systemic drug to control infestati"
"amlynch3","rhli2","1","False","Evaluation of thrombin generation in dogs administered clopidogrel"
"rhli2","yueda","1","False","Evaluation of thrombin generation in dogs administered clopidogrel"
"mgpapich","tdefranc","2","False","Pharmacokinetics of pimobendan after oral administration to dogs with |Population pharmacokinetics of single dose oral pimobendan in the ferr"
"caharms","jabalko","1","False","EVALUATION OF INTRACARDIAC ADMINISTRATION OF POTASSIUM CHLORIDE, IVERM"
"aybozkur","ejlobato","6","False","Adolescent Asthma Monitoring: A Preliminary Study of Audio and Spirome|A Wearable System for Continuous Monitoring and Assessment of Speech, |Advances in Modeling and Interpretability of Deep Neural Sleep Staging"
"eghohmei","lvschnab","1","True","Neo-natal castration leads to subtle differences in porcine anterior c"
"eghohmei","mbfisher","1","True","Neo-natal castration leads to subtle differences in porcine anterior c"
"aybozkur","mmccoll","1","True","A Wearable System for Continuous Monitoring and Assessment of Speech, "
"aybozkur","sdneuper","1","True","A Wearable System for Continuous Monitoring and Assessment of Speech, "
"aybozkur","sghosh2","1","True","A Wearable System for Continuous Monitoring and Assessment of Speech, "
"ejlobato","mmccoll","1","True","A Wearable System for Continuous Monitoring and Assessment of Speech, "
"ejlobato","sdneuper","1","True","A Wearable System for Continuous Monitoring and Assessment of Speech, "
"ejlobato","sghosh2","1","True","A Wearable System for Continuous Monitoring and Assessment of Speech, "
"mmccoll","sdneuper","1","True","A Wearable System for Continuous Monitoring and Assessment of Speech, "
"mmccoll","sghosh2","1","True","A Wearable System for Continuous Monitoring and Assessment of Speech, "
"sdneuper","sghosh2","1","True","A Wearable System for Continuous Monitoring and Assessment of Speech, "
"kdembek","klhepwor","1","False","General anesthesia does not induce ultrasonographic changes in the ple"
"kdembek","ncnelso2","1","False","General anesthesia does not induce ultrasonographic changes in the ple"
"klhepwor","ncnelso2","1","False","General anesthesia does not induce ultrasonographic changes in the ple"
"lhoggar","vvvolpe","1","False","Gendered Racial Microaggressions and Emotional Eating for Black Young "
"ddreisig","fgould","1","False","Impact of seed blend and structured maize refuge on <i>Helicoverpa zea"
"bbcutts","lrlarson","2","False","Advancing social equity in urban tree planting: Lessons learned from a|Paying for <scp>nature‐based</scp> solutions: A review of funding and "
"cboi","rgcarbon","2","False","Advances in high‐throughput, high‐capacity nonwoven membranes for chro|Purification of a monoclonal antibody using a novel high-capacity mult"
"hwu15","nsharm23","1","False","Flexible Ultrasonic Transducers for Wearable Biomedical Applications: "
"ktstolee","sesmith5","2","False","An Experience Report on Introducing Explicit Strategies into Testing C|Improving Grading Outcomes in Software Engineering Projects Through Au"
"ktstolee","twprice","1","False","An Experience Report on Introducing Explicit Strategies into Testing C"
"sesmith5","twprice","1","False","An Experience Report on Introducing Explicit Strategies into Testing C"
"ccgoller","mcsrougi","1","True","Abstract 1931: Innovating Life Sciences Laboratory Training: Molecular"
"ccgoller","slchen2","1","False","Abstract 1931: Innovating Life Sciences Laboratory Training: Molecular"
"mcsrougi","slchen2","1","True","Abstract 1931: Innovating Life Sciences Laboratory Training: Molecular"
"hmitaso","rjricha2","1","True","Performance of unoccupied aerial application systems for aquatic weed "
"hmitaso","rleon","1","True","Performance of unoccupied aerial application systems for aquatic weed "
"rjricha2","rleon","2","False","Performance of unoccupied aerial application systems for aquatic weed |Low carrier volume herbicide trials and UAAS support management effort"
"jdmannin","jkpacifi","1","True","Ungulate responses and habituation to unmanned aerial vehicles in Afri"
"jdmannin","jlcampbe","1","True","Ungulate responses and habituation to unmanned aerial vehicles in Afri"
"jkpacifi","jlcampbe","1","True","Ungulate responses and habituation to unmanned aerial vehicles in Afri"
"jjpawlak","richardv","4","False","Aerobic aquatic biodegradation of bio-based and biodegradable polymers|Aquatic aerobic biodegradation of commonly flushed materials in aerobi|Aquatic Biodegradation of Poly(β-Hydroxybutyrate) and Polypropylene Bl"
"jjpawlak","mmccoll","1","True","Aquatic aerobic biodegradation of commonly flushed materials in aerobi"
"mmccoll","richardv","2","True","Aquatic aerobic biodegradation of commonly flushed materials in aerobi|Enzyme-assisted dewatering and strength enhancement of cellulosic fibe"
"agopalar","mbryant","2","False","Modulation and Annihilation of Aeroelastic Limit-Cycle Oscillations Us|Numerical Study of Circular-Cylinder Disturbance Generators with Rigid"
"fli5","gnp","1","False","Vapor phase synthesis of metal–organic frameworks on a nanofibrous aer"
"fli5","khan","2","False","Vapor phase synthesis of metal–organic frameworks on a nanofibrous aer|Mechanically robust, thermally insulating and photo-responsive aerogel"
"fli5","smenega","1","False","Vapor phase synthesis of metal–organic frameworks on a nanofibrous aer"
"gnp","khan","1","False","Vapor phase synthesis of metal–organic frameworks on a nanofibrous aer"
"gnp","smenega","1","False","Vapor phase synthesis of metal–organic frameworks on a nanofibrous aer"
"sepratt2","vfellner","1","False","39 An in-Vitro Model of the Equine Fecal Microbiome to Assess How Hors"
"acfahren","eooviedo","1","False","Corn kernel hardness and drying temperature affect particle size post-"
"rcrespo","rrkulkar","1","False","Immune Response Evaluation in Commercial Turkeys Affected with Clostri"
"amcabasm","bmmorten","2","False","Fluvial geomorphic factors affecting liquefaction‐induced lateral spre|Resonant Column Testing Procedure for Microbial-Induced Carbonate-Prec"
"hwsedero","mkleine","1","False","Re-engineering a lost trait: <i>IPD3</i> , a master regulator of arbus"
"cboi","smenega","2","False","Pseudo-affinity capture of K. phaffii host cell proteins in flow-throu|Purification of a monoclonal antibody using a novel high-capacity mult"
"aecarso2","asanmig","1","False","Molecular Engineering of Cyclic Azobenzene‐Peptide Hybrid Ligands for "
"aecarso2","smenega","1","False","Molecular Engineering of Cyclic Azobenzene‐Peptide Hybrid Ligands for "
"asanmig","smenega","1","False","Molecular Engineering of Cyclic Azobenzene‐Peptide Hybrid Ligands for "
"demcgill","drbohnen","1","True","A geospatial and archaeological investigation of an African–American c"
"demcgill","jkmillha","1","False","A geospatial and archaeological investigation of an African–American c"
"demcgill","kwwegman","1","True","A geospatial and archaeological investigation of an African–American c"
"drbohnen","jkmillha","1","True","A geospatial and archaeological investigation of an African–American c"
"drbohnen","kwwegman","1","False","A geospatial and archaeological investigation of an African–American c"
"jkmillha","kwwegman","1","True","A geospatial and archaeological investigation of an African–American c"
"aharris5","amallen2","1","True","Shifting terrains: Understanding residential contaminants after flood "
"aharris5","bbcutts","1","True","Shifting terrains: Understanding residential contaminants after flood "
"amallen2","bbcutts","1","False","Shifting terrains: Understanding residential contaminants after flood "
"fldelosr","jducoste","2","False","Growth of Dunaliella viridis in multiple cycles of reclaimed media aft|Microplate-Based Cell Viability Assay as a Cost-Effective Alternative "
"bcallah","megruen","1","False","Longitudinal Analysis of Canine Oral Microbiome Using Whole Genome Seq"
"bcallah","njolby","1","False","Longitudinal Analysis of Canine Oral Microbiome Using Whole Genome Seq"
"jsking5","mmaguilo","2","False","Attributing interannual variability of net ecosystem exchange to model|Attributing interannual variability of net ecosystem exchange to model"
"birgand","mrburche","1","False","Quantification of Ammonium Release from an Aging Free Water Surface Co"
"birgand","tnaziz","1","True","Quantification of Ammonium Release from an Aging Free Water Surface Co"
"mrburche","tnaziz","1","True","Quantification of Ammonium Release from an Aging Free Water Surface Co"
"ajbirken","slvaden","1","False","Gastric <scp>pH</scp> and serum gastrin concentration in age‐matched h"
"eamckenn","kdange","3","False","Effects of age, seasonality, and reproductive status on the gut microb|Effect of fecal preservation method on captive southern white rhinocer|Conservation Innovations and Future Directions for the Study of Rhinoc"
"eamckenn","strived","3","False","Effects of age, seasonality, and reproductive status on the gut microb|Effect of fecal preservation method on captive southern white rhinocer|Conservation Innovations and Future Directions for the Study of Rhinoc"
"kdange","strived","3","False","Effects of age, seasonality, and reproductive status on the gut microb|Effect of fecal preservation method on captive southern white rhinocer|Conservation Innovations and Future Directions for the Study of Rhinoc"
"csdepern","jkpacifi","1","False","Variations in reproduction and age structure in the North American riv"
"hdwester","megruen","1","False","Age-associated changes in electroretinography measures in companion do"
"hdwester","njolby","1","False","Age-associated changes in electroretinography measures in companion do"
"gdcollin","jkward2","1","False","Testing the Agreement Between a Traditional and UAV-Based Method for Q"
"gdcollin","nnelson4","1","False","Testing the Agreement Between a Traditional and UAV-Based Method for Q"
"jkward2","nnelson4","1","False","Testing the Agreement Between a Traditional and UAV-Based Method for Q"
"capoole2","cfcastro","1","False","Drainage water recycling reduced nitrogen, phosphorus, and sediment lo"
"capoole2","mayousse","1","False","Drainage water recycling reduced nitrogen, phosphorus, and sediment lo"
"capoole2","rjricha2","1","False","Drainage water recycling reduced nitrogen, phosphorus, and sediment lo"
"cfcastro","mayousse","1","False","Drainage water recycling reduced nitrogen, phosphorus, and sediment lo"
"cfcastro","rjricha2","1","False","Drainage water recycling reduced nitrogen, phosphorus, and sediment lo"
"mayousse","rjricha2","1","False","Drainage water recycling reduced nitrogen, phosphorus, and sediment lo"
"bbcutts","cebarbie","1","False","Family matters: intergenerational influences on children’s agricultura"
"bbcutts","ktate","1","False","Family matters: intergenerational influences on children’s agricultura"
"bbcutts","wgknolle","2","False","Family matters: intergenerational influences on children’s agricultura|Environmental justice in disaster recovery: Recognition of the Latinx "
"cebarbie","ktate","2","False","Family matters: intergenerational influences on children’s agricultura|Towards a unified definition of local food"
"cebarbie","wgknolle","3","False","Family matters: intergenerational influences on children’s agricultura|How Memorable Are Agrifood Travel Experiences?|Towards a unified definition of local food"
"ktate","wgknolle","2","False","Family matters: intergenerational influences on children’s agricultura|Towards a unified definition of local food"
"jmgray2","nnelson4","1","True","Machine learning approach for modeling daily pluvial flood dynamics in"
"dosmond","lcolpog","1","False","Soil sampling depth effect on critical soil test values of phosphorus "
"hubbe","lpal","1","False","Innovation in lignocellulosics dewatering and drying for energy sustai"
"hubbe","richardv","1","False","Innovation in lignocellulosics dewatering and drying for energy sustai"
"lpal","richardv","2","False","Innovation in lignocellulosics dewatering and drying for energy sustai|Enzyme-assisted dewatering and strength enhancement of cellulosic fibe"
"jkuzma","kdgriege","2","True","Identifying sustainability assessment parameters for genetically engin|Ensuring Sustainable Novel Plant Biotechnologies Requires Formalized R"
"fisik","tdwalke2","2","False","Low-density AgriSeq targeted genotyping-by-sequencing markers are effi|Performance Based on Measurements from Individual-Tree Progeny Tests S"
"choyo","daskaar","1","False","AHRR Hypomethylation mediates the association between maternal smoking"
"gflist","mpsingh","1","False","Embedding AI in society: ethics, policy, governance, and impacts"
"gflist","vdublje","1","True","Embedding AI in society: ethics, policy, governance, and impacts"
"gflist","wabauer","1","True","Embedding AI in society: ethics, policy, governance, and impacts"
"mpsingh","vdublje","1","True","Embedding AI in society: ethics, policy, governance, and impacts"
"mpsingh","wabauer","1","True","Embedding AI in society: ethics, policy, governance, and impacts"
"vdublje","wabauer","1","False","Embedding AI in society: ethics, policy, governance, and impacts"
"bmmcconn","kay","2","False","Air Movement Operations Planning Heuristic Improvement|Two-stage stochastic programming model of US Army aviation allocation "
"bmmcconn","king","2","False","Air Movement Operations Planning Heuristic Improvement|Two-stage stochastic programming model of US Army aviation allocation "
"kay","king","2","False","Air Movement Operations Planning Heuristic Improvement|Two-stage stochastic programming model of US Army aviation allocation "
"hfell","msmorril","1","True","The Impact of Wind Energy on Air Pollution and Emergency Department Vi"
"jgenzer","mddickey","2","False","Enhanced Triboelectric Charge Stability by Air‐Stable Radicals|Patterning of a High Surface Area Liquid Metal‐Carbon Composite Film U"
"acmyers3","mchen33","1","True","An airflow-driven system for scalable production of nano-microfiber wr"
"acmyers3","ryin","1","False","An airflow-driven system for scalable production of nano-microfiber wr"
"acmyers3","wgao5","1","False","An airflow-driven system for scalable production of nano-microfiber wr"
"mchen33","ryin","2","True","An airflow-driven system for scalable production of nano-microfiber wr|A Modified Hand-Held Force Meter to Measure Yarn Tension in the Ring S"
"mchen33","wgao5","1","True","An airflow-driven system for scalable production of nano-microfiber wr"
"ryin","wgao5","1","False","An airflow-driven system for scalable production of nano-microfiber wr"
"jgrimes","lwang5","2","False","Low Airspeed Impacts on Tom Turkey Response to Moderate Heat Stress|Low-cost Calibration Method for the Infrared Camera"
"jgrimes","sbshah3","2","False","Low Airspeed Impacts on Tom Turkey Response to Moderate Heat Stress|Low-cost Calibration Method for the Infrared Camera"
"lwang5","sbshah3","2","False","Low Airspeed Impacts on Tom Turkey Response to Moderate Heat Stress|Low-cost Calibration Method for the Infrared Camera"
"jjwierer","spavlid","1","False","Enhancement-Mode AlInN/GaN High-Electron-Mobility Transistors Enabled "
"jjacosta","mscastil","1","True","Analysis of alkaloids and reducing sugars in processed and unprocessed"
"jjacosta","rslewis","1","True","Analysis of alkaloids and reducing sugars in processed and unprocessed"
"mscastil","rslewis","1","False","Analysis of alkaloids and reducing sugars in processed and unprocessed"
"jahoppin","knappe","2","True","Estimation of the Half-Lives of Recently Detected Per- and Polyfluorin|Factors associated with per- and polyfluoroalkyl substances (PFAS) ser"
"jahoppin","nkotlar","2","True","Estimation of the Half-Lives of Recently Detected Per- and Polyfluorin|Factors associated with per- and polyfluoroalkyl substances (PFAS) ser"
"knappe","nkotlar","2","False","Estimation of the Half-Lives of Recently Detected Per- and Polyfluorin|Factors associated with per- and polyfluoroalkyl substances (PFAS) ser"
"jpkerns","macubeta","1","False","Influence of fungicide selection and application timing on take‐all ro"
"jpkerns","twgannon","1","False","Influence of fungicide selection and application timing on take‐all ro"
"macubeta","twgannon","1","False","Influence of fungicide selection and application timing on take‐all ro"
"btoconno","jdong","2","False","All Electrohydrodynamic Printed Flexible Organic Thin Film Transistors|Stretchable Organic Transistor Based Pressure Sensor Employing a Porou"
"btoconno","yzhu7","2","False","All Electrohydrodynamic Printed Flexible Organic Thin Film Transistors|Stretchable Organic Transistor Based Pressure Sensor Employing a Porou"
"jdong","yzhu7","2","False","All Electrohydrodynamic Printed Flexible Organic Thin Film Transistors|Stretchable Organic Transistor Based Pressure Sensor Employing a Porou"
"jsbaker4","klmarti3","1","False","Forested watersheds provide the highest water quality among all land c"
"chsiao2","mddickey","1","False","Compositional Design of Surface Oxides in Gallium–Indium Alloys"
"tmbarnes","twprice","4","False","Exploring Novices' Struggle and Progress During Programming Through Da|Do Intentions to Persist Predict Short-Term Computing Course Enrollmen|A Case Study on When and How Novices Use Code Examples in Open-Ended P"
"hmhassan","rrkulkar","1","True","In ovo feeding of probiotic lactobacilli differentially alters express"
"cmaltec","jodle","2","False","Dietary Prebiotic Oligosaccharides and Arachidonate Alter the Fecal Mi|MicroRNA and mRNA sequencing analyses reveal key hepatic metabolic and"
"cmaltec","vfellner","1","False","Dietary Prebiotic Oligosaccharides and Arachidonate Alter the Fecal Mi"
"jodle","vfellner","3","False","Dietary Prebiotic Oligosaccharides and Arachidonate Alter the Fecal Mi|257 Effects of Prebiotic Galactooligosaccharide (GOS) on Hindgut Micro|PSI-20 Effects of Prebiotic Galactooligosaccharide (Gos) on Piglet Gro"
"desaloni","rwgonzal","2","False","Transforming non-wood feedstocks into dissolving pulp via organosolv p|Environmental life cycle assessment of premium and ultra hygiene tissu"
"hzheng23","mdrake","1","False","Synergistic functionality of transglutaminase and protease on modulati"
"desaloni","richardv","2","False","Is sugarcane-based polyethylene a good alternative to fight climate ch|Environmental life cycle assessment of premium and ultra hygiene tissu"
"bsunderw","kim","6","False","Laboratory Performance Evaluation of Alternative Approaches to Incorpo|Repeatability and Reproducibility Analysis for Functional Test Results|Asphalt mixture fatigue damage and failure predictions using the simpl"
"cahintz","kim","3","False","Laboratory Performance Evaluation of Alternative Approaches to Incorpo|Repeatability and Reproducibility Analysis for Functional Test Results|Ruggedness Evaluation of Dynamic Modulus Test Using Small-Scale Test S"
"caharms","ncnelso2","1","False","Melon and rostral muscle morphology of Gervais' beaked whale (<i>Mesop"
"mlmoncad","skomarn","2","False","Total Utilization-Upcycling of Mushroom Protein By-Product: Characteri|Current Status and Nutritional Value of Green Leaf Protein"
"fedkiw","odvelev","2","False","Filiform Corrosion on Polyester Powder-Coated Aluminum|Next-Generation Battery Components Derived from Soft Dendritic Colloid"
"kmjennin","rleon","2","False","Evaluation of electrical and mechanical Palmer amaranth (<i>Amaranthus|Confirmation of a five‐way herbicide‐resistant <i>Amaranthus tubercula"
"jcdunne","rleon","2","False","Discrimination between protoporphyrinogen oxidase–inhibiting herbicide|Confirmation of a five‐way herbicide‐resistant <i>Amaranthus tubercula"
"cwcahoon","jcdunne","1","False","Confirmation of a five‐way herbicide‐resistant <i>Amaranthus tubercula"
"cwcahoon","kmjennin","1","False","Confirmation of a five‐way herbicide‐resistant <i>Amaranthus tubercula"
"cwcahoon","rleon","1","False","Confirmation of a five‐way herbicide‐resistant <i>Amaranthus tubercula"
"jcdunne","kmjennin","1","False","Confirmation of a five‐way herbicide‐resistant <i>Amaranthus tubercula"
"jgenzer","jryu","1","False","A scalable microstructure photonic coating fabricated by roll-to-roll "
"jgenzer","khan","1","False","A scalable microstructure photonic coating fabricated by roll-to-roll "
"jgenzer","yzhu7","1","False","A scalable microstructure photonic coating fabricated by roll-to-roll "
"jryu","khan","1","False","A scalable microstructure photonic coating fabricated by roll-to-roll "
"jryu","yzhu7","2","False","A scalable microstructure photonic coating fabricated by roll-to-roll |Template-free scalable roll-to-roll fabrication of textured transparen"
"khan","yzhu7","1","False","A scalable microstructure photonic coating fabricated by roll-to-roll "
"jwalgenb","smvillan","1","False","Type and duration of water stress influence host selection and coloniz"
"jlheitma","sscaag","5","False","Influence of compost amendment rate and level of compaction on the hyd|Analysis of Water Volume Required to Reach Steady Flow in the Constant|Comparison of Infiltration Test Methods for Soil Health Assessment"
"lezanno","tagates","1","False","An early-diverging iguanodontian (Dinosauria: Rhabdodontomorpha) from "
"mlila","mlmoncad","1","False","Spray drying to produce novel phytochemical-rich ingredients from juic"
"mlila","pmperkin","1","False","Spray drying to produce novel phytochemical-rich ingredients from juic"
"mlmoncad","pmperkin","1","False","Spray drying to produce novel phytochemical-rich ingredients from juic"
"qyxiang","wshi3","1","False","Foliar endophyte diversity in Eastern Asian-Eastern North American dis"
"ncnelso2","tmharri7","2","False","Defining a species-specific K constant in American Bullfrogs (Lithobat|Calculation of body surface area of corn snakes (Pantherophis guttatus"
"aakedrow","lmgonza4","1","False","Respondents to an American College of Veterinary Surgeons diplomate su"
"mbnsonwu","skim67","1","False","Undergraduate students’ perceptions of learning from foreign-born facu"
"csdepern","kameikle","1","True","Characterizing North Carolina black bear (Ursus americanus) population"
"cmroland","sagui","4","False","Unpolarized laser method for infrared spectrum calculation of amide I |Frustration Between Preferred States of Complementary Trinucleotide Re|Structure and Dynamics of DNA and RNA Double Helices Formed by d(CTG),"
"wchang6","xliu68","1","True","Excision of a Protein-Derived Amine for <i>p</i>-Aminobenzoate Assembl"
"gwalmond","mtknauer","1","True","6 Comparison of Ammonia Concentrations Between Flush and Pull-Plug Was"
"gwalmond","smleona4","1","True","6 Comparison of Ammonia Concentrations Between Flush and Pull-Plug Was"
"mtknauer","smleona4","4","False","6 Comparison of Ammonia Concentrations Between Flush and Pull-Plug Was|Estimating backfat depth, loin depth, and intramuscular fat percentage|181 Effect of Temperature and Humidity on Daily Feeding Behavior in Sw"
"amgrunde","dfcall","1","True","Nitrogen Fixation and Ammonium Assimilation Pathway Expression of Geob"
"jkpacifi","mnpeters","1","False","Conservation motivations and willingness to pay for wildlife managemen"
"mnpeters","moorman","1","False","Conservation motivations and willingness to pay for wildlife managemen"
"ajbirken","arkendal","1","False","A retrospective study of vector borne disease prevalence among anemic "
"ejjasels","falexal","1","False","Severe injuries among construction workers: Insights from OSHA’s new s"
"apmazzol","mbryant","6","False","Modeling Underwater Propulsion of a Helical Drive Using Computational |A Dynamic Model for Underwater Propulsion of an Amphibious Rover Devel|Modeling and Analysis of Terrestrial Locomotion Dynamics of Helical Dr"
"hhuang11","ksaul","1","False","Ankle Torque Estimation With Motor Unit Discharges in Residual Muscles"
"cmaltec","xilin","1","False","MicroRNA and mRNA sequencing analyses reveal key hepatic metabolic and"
"cmaltec","xwang97","1","False","MicroRNA and mRNA sequencing analyses reveal key hepatic metabolic and"
"jodle","xwang97","1","False","MicroRNA and mRNA sequencing analyses reveal key hepatic metabolic and"
"xilin","xwang97","1","False","MicroRNA and mRNA sequencing analyses reveal key hepatic metabolic and"
"ccgoller","glcomsto","1","True","Connecting Ethical Reasoning to Global Challenges through Analysis of "
"cflynch","khan6","1","False","Using Social Network Analysis to Evaluate the Functioning of a Class W"
"aybozkur","dlrober4","3","False","An Exploration of Machine Learning Methods for Gait Analysis of Potent|Towards a Multimodal Synchronized System for Quantifying Psychophysiol|Toward In-the-Field Canine Manifold Learning: Data Fusion for Evaluati"
"aybozkur","dxlascel","1","True","An Exploration of Machine Learning Methods for Gait Analysis of Potent"
"aybozkur","menomot","1","True","An Exploration of Machine Learning Methods for Gait Analysis of Potent"
"dlrober4","dxlascel","1","True","An Exploration of Machine Learning Methods for Gait Analysis of Potent"
"dlrober4","menomot","1","True","An Exploration of Machine Learning Methods for Gait Analysis of Potent"
"dxlascel","menomot","1","False","An Exploration of Machine Learning Methods for Gait Analysis of Potent"
"jeapen","scshanno","2","False","Design, Modeling, and Analysis of a Compact-External Electromagnetic P|Design, Modeling, and Analysis of a Compact-External Electromagnetic P"
"dasalvi","kstapel","1","True","Analysis of the effects of complex electrode geometries on the energy "
"atbliksl","mjburke3","1","False","Retrospective analysis of postoperative complications following surgic"
"bjreich","ehyland","1","False","Cretaceous climates: Mapping paleo-Köppen climatic zones using a Bayes"
"xliu68","xwang97","1","False","43 Metabolomic Analysis of Uterine Luminal Fluid During the Peri-Impla"
"fmeille","jbbarcen","1","False","Structural analysis and functional evaluation of the disordered ß–hexo"
"bjreich","jahoppin","1","False","A cross-sectional analysis of medical conditions and environmental fac"
"msolufse","rsazdan","1","False","A topological data analysis study on murine pulmonary arterial trees w"
"bcallah","damarks","2","False","Microbiome analysis of bile from apparently healthy cats and cats with|Gallbladder microbiota in healthy dogs and dogs with mucocele formatio"
"bcallah","gsseiler","2","False","Microbiome analysis of bile from apparently healthy cats and cats with|Gallbladder microbiota in healthy dogs and dogs with mucocele formatio"
"bcallah","jgookin","2","False","Microbiome analysis of bile from apparently healthy cats and cats with|Gallbladder microbiota in healthy dogs and dogs with mucocele formatio"
"damarks","gsseiler","2","False","Microbiome analysis of bile from apparently healthy cats and cats with|Gallbladder microbiota in healthy dogs and dogs with mucocele formatio"
"damarks","jgookin","2","False","Microbiome analysis of bile from apparently healthy cats and cats with|Gallbladder microbiota in healthy dogs and dogs with mucocele formatio"
"gsseiler","jgookin","2","False","Microbiome analysis of bile from apparently healthy cats and cats with|Gallbladder microbiota in healthy dogs and dogs with mucocele formatio"
"mgilman","stsynkov","4","False","Modeling the Earth’s Ionosphere by a Phase Screen for the Analysis of |Transionospheric Autofocus for Synthetic Aperture Radar|Transionospheric Autofocus for Synthetic Aperture Radar"
"bgreaves","whenck","2","False","Finding Fixed Vulnerabilities with Off-the-Shelf Static Analysis|MSNetViews: Geographically Distributed Management of Enterprise Networ"
"jryu","paulf","1","False","Thermal Cycling and Fatigue Life Analysis of a Laterally Conducting Ga"
"bakram","tmbarnes","1","False","Do Intentions to Persist Predict Short-Term Computing Course Enrollmen"
"bakram","twprice","1","False","Do Intentions to Persist Predict Short-Term Computing Course Enrollmen"
"cjdohert","miorizz","1","False","Comparative transcriptome analysis reveals candidate genes for cold st"
"cjdohert","pmperkin","1","False","Comparative transcriptome analysis reveals candidate genes for cold st"
"cjdohert","qyxiang","1","False","Comparative transcriptome analysis reveals candidate genes for cold st"
"miorizz","pmperkin","4","False","Comparative transcriptome analysis reveals candidate genes for cold st|Exploring shelf-life predictability of appearance traits and fruit tex|Blueberry Cell Wall Polysaccharide Composition of Three Distinct Fruit"
"miorizz","qyxiang","2","False","Comparative transcriptome analysis reveals candidate genes for cold st|Identification of bromelain subfamily proteases encoded in the pineapp"
"pmperkin","qyxiang","2","False","Comparative transcriptome analysis reveals candidate genes for cold st|Identification of bromelain subfamily proteases encoded in the pineapp"
"aoh","bgilger","2","False","Ex vivo analysis of ultraviolet radiation transmission through ocular |Effect of gentamicin on <scp>CD3</scp>+ T‐lymphocyte proliferation for"
"aoh","krwening","1","True","Ex vivo analysis of ultraviolet radiation transmission through ocular "
"bgilger","krwening","1","True","Ex vivo analysis of ultraviolet radiation transmission through ocular "
"aavilac","aybozkur","1","True","Rapid Drought Stress Detection in Plants Using Bioimpedance Measuremen"
"aavilac","ejlobato","1","True","Rapid Drought Stress Detection in Plants Using Bioimpedance Measuremen"
"aavilac","jlreyno4","1","True","Rapid Drought Stress Detection in Plants Using Bioimpedance Measuremen"
"aybozkur","jlreyno4","1","False","Rapid Drought Stress Detection in Plants Using Bioimpedance Measuremen"
"ejlobato","jlreyno4","1","False","Rapid Drought Stress Detection in Plants Using Bioimpedance Measuremen"
"bkim18","smbennet","1","False","Collaborative Writing in the Intelligence Community"
"ejgruber","rcrespo","1","False","Evaluation and establishment of reference intervals using the i-STAT1 "
"baquroll","ebbreits","1","False","A second-generation, point-of-care immunoassay provided improved detec"
"kowalsky","rseraci","1","False","Behavior of large diameter carbon fiber anchors"
"dosmond","ncnelso2","1","True","A short history of the phosphorus index and Andrew Sharpley's contribu"
"lclove","lfgraha2","1","False","Ventricular arrhythmias during anesthesia in a juvenile German Shepher"
"hdwester","jdbriley","1","False","Comparison of a blind and an ultrasound‐guided technique for Retrobulb"
"hhuang11","jyin8","1","False","Angle-programmed tendril-like trajectories enable a multifunctional gr"
"acgurbuz","szgurbuz","2","False","Boosting multi‐target recognition performance with multi‐input multi‐o|CV-SincNet: Learning Complex Sinc Filters From Raw Radar Data for Comp"
"jshen3","xfang3","1","False","Carbonic Anhydrase Enhanced UV-Crosslinked PEG-DA/PEO Extruded Hydroge"
"sisalmon","xfang3","1","False","Carbonic Anhydrase Enhanced UV-Crosslinked PEG-DA/PEO Extruded Hydroge"
"mkpeed","rlbayles","1","False","Asthma: The Use of Animal Models and Their Translational Utility"
"galewbar","mpairis","2","False","Presence of Extended-Spectrum Beta-Lactamase-Producing <i>Escherichia |Assessing Livestock Production Practices on Small-Scale Multi-Species "
"galewbar","skrhea","2","False","Presence of Extended-Spectrum Beta-Lactamase-Producing <i>Escherichia |Assessing Livestock Production Practices on Small-Scale Multi-Species "
"mpairis","skrhea","2","False","Presence of Extended-Spectrum Beta-Lactamase-Producing <i>Escherichia |Assessing Livestock Production Practices on Small-Scale Multi-Species "
"klhepwor","tprange","1","False","Error reporting in a large animal veterinary teaching hospital identif"
"amlocke2","rsozzan","1","False","Functional annotation of proteins for signaling network inference in n"
"cbcoope3","jvukoma","1","False","Using citizen science data to investigate annual survival rates of res"
"cbcoope3","moorman","1","False","Using citizen science data to investigate annual survival rates of res"
"jvukoma","moorman","1","False","Using citizen science data to investigate annual survival rates of res"
"leung","lrlarson","1","False","Making memories that matter: how do different recollections of an Anta"
"hdai","iguvenc","2","False","Base Station Antenna Uptilt Optimization for Cellular-Connected Drone |Channel Rank Improvement in Urban Drone Corridors Using Passive Intell"
"rgcarbon","smenega","1","False","Purification of a monoclonal antibody using a novel high-capacity mult"
"cmroland","krwening","1","False","Frustration Between Preferred States of Complementary Trinucleotide Re"
"krwening","sagui","1","False","Frustration Between Preferred States of Complementary Trinucleotide Re"
"rxu22","yliu292","1","False","Size‐Induced Ferroelectricity in Antiferroelectric Oxide Membranes"
"bgilger","macubeta","1","True","Phase-Dependent Differential In Vitro and Ex Vivo Susceptibility of As"
"dofreyte","khan","1","False","Characterization and biological evaluation of a novel flavonoid‐collag"
"ljunruh","rleon","1","False","Variability structure and heritability of germination timing in <scp><"
"dgkamper","ksaul","1","False","Cosimulation of the index finger extensor apparatus with finite elemen"
"nmlavoin","richardv","1","False","Redesigning the appearance of recycled containers for packaging applic"
"pmperkin","tmkon","1","False","Quantification and Prediction with Near Infrared Spectroscopy of Carbo"
"jwalgenb","llopezq","1","False","Living mulches reduce natural enemies when combined with frequent pest"
"aismirno","dvashae","1","True","Electron spin resonance in emerging spin-driven applications: Fundamen"
"bjreich","jwilli27","1","False","A penalized complexity prior for deep Bayesian transfer learning with "
"bgilger","jmgluck","1","True","Application of Noggin-Coated Electrospun Scaffold in Corneal Wound Hea"
"ihusain2","smlukic","2","False","Medium Voltage Solid State Transformer for Extreme Fast Charging Appli|Open Circuit Switch Fault Management Method of a Multi-Phase Synchrono"
"smlukic","wyu2","1","False","Medium Voltage Solid State Transformer for Extreme Fast Charging Appli"
"jryu","zikry","1","False","Predicting and Controlling Ribbing Instabilities of Carbon Nanotube–PD"
"frey","twei5","2","False","Simple Diesel Train Fuel Consumption Model for Real-Time Train Applica|Identifying emissions hotspots and strategies to reduce real-world fue"
"dofreyte","kjpeters","2","False","Scalable and High-Throughput In Vitro Vibratory Platform for Vocal Fol|Low-dose intrapulmonary drug delivery device for studies on next-gener"
"gmkumar","ranji","1","False","Supervised Machine Learning Approaches for Leak Localization in Water "
"drobenou","jwmille7","2","False","Estimating the benefits of stream water quality improvements in urbani|An estuary stress index based on nekton relationships with thematic wa"
"drobenou","rhhaefen","1","True","Estimating the benefits of stream water quality improvements in urbani"
"jwmille7","rhhaefen","1","True","Estimating the benefits of stream water quality improvements in urbani"
"kmathews","vfscharf","1","False","Evaluation of thoracic duct ligation and unilateral subphrenic pericar"
"hall","odvelev","2","False","An integrated chemical engineering approach to understanding microplas|Computational investigation of the phase behavior of colloidal squares"
"nccrook","odvelev","1","False","An integrated chemical engineering approach to understanding microplas"
"kwwegman","lgtateos","1","True","Curvature Weighted Decimation: A Novel, Curvature-Based Approach to Im"
"gary","jegoodwi","2","True","An Iterative Approach toward Development of Ensemble Visualization Tec|An Iterative Approach toward Development of Ensemble Visualization Tec"
"amlocke2","kdgriege","1","False","Views of RNAi approaches for weed management in turfgrass systems"
"dljorda2","kdgriege","1","False","Views of RNAi approaches for weed management in turfgrass systems"
"kdgriege","rleon","1","False","Views of RNAi approaches for weed management in turfgrass systems"
"cmwilli5","talong","1","True","Cellular clarity: a logistic regression approach to identify root epid"
"gvalacc","mlila","2","False","Development of Spray Dried Spirulina Protein-Berry Pomace Polyphenol P|Blueberry Supplementation and Skin Health"
"enford","jjpawlak","1","True","Aquatic Biodegradation of Poly(β-Hydroxybutyrate) and Polypropylene Bl"
"enford","richardv","1","True","Aquatic Biodegradation of Poly(β-Hydroxybutyrate) and Polypropylene Bl"
"dpgenere","egnichol","1","True","Vulnerability of wells in unconfined and confined aquifers to modern c"
"eesantis","hall","1","False","Using Enhanced Sampling Simulations to Study the Conformational Space "
"clpickwo","dhpoole","2","False","90 Exposure to Endophyte-Infected Tall Fescue Negatively Impacts Pulmo|103 Impact of Fescue Variety on Fecal Egg Counts in Mature Beef Cattle"
"clpickwo","dmfoster","1","True","90 Exposure to Endophyte-Infected Tall Fescue Negatively Impacts Pulmo"
"dhpoole","dmfoster","1","True","90 Exposure to Endophyte-Infected Tall Fescue Negatively Impacts Pulmo"
"ahjhala","ejjasels","1","False","Developing a Construction Domain–Specific Artificial Intelligence Lang"
"dhpoole","mhpoore","1","False","415 Awardee Talk: Foraging for Collaboration: Beef-Forage System Stren"
"bsunderw","mnguddat","1","False","Asphalt mixture fatigue damage and failure predictions using the simpl"
"kim","mnguddat","1","False","Asphalt mixture fatigue damage and failure predictions using the simpl"
"ecrisci","fscholl","1","True","A rapid, high-throughput, viral infectivity assay using automated brig"
"hwang18","rriehn","1","False","Assembly path dependence of telomeric DNA compaction by TRF1, TIN2, an"
"dhsuchof","rparaju","1","True","Assessing the financial viability of growing industrial hemp with lobl"
"dhsuchof","zholmes","1","True","Assessing the financial viability of growing industrial hemp with lobl"
"rparaju","zholmes","1","False","Assessing the financial viability of growing industrial hemp with lobl"
"igransb","tbdimitr","1","False","Assessment of Self-Identified Learning Struggles in CS2 Programming As"
"sesmith5","tbdimitr","1","False","Assessment of Self-Identified Learning Struggles in CS2 Programming As"
"japorter","kenartke","1","False","Assessing the impact of multisensory attributes of Textile-based Assis"
"msano2","rapetrel","1","True","Integrated Time Nanosecond Pulse Irreversible Electroporation (INSPIRE"
"ejlobato","mtknauer","1","True","Towards rapid weight assessment of finishing pigs using a handheld, mo"
"lpal","mmccoll","1","True","Enzyme-assisted dewatering and strength enhancement of cellulosic fibe"
"jlheitma","wshi3","1","False","Soil macroporosity modulates the extent of negative microbial associat"
"ebbreits","rgmaggi","4","False","The association of host and vector characteristics with Ctenocephalide|Blood Supplementation Enhances Bartonella henselae Growth and Molecula|Viability and Desiccation Resistance of Bartonella henselae in Biologi"
"drpanthe","fjlouws","2","False","Identification of quantitative trait loci associated with bacterial sp|Molecular mapping of quantitative trait loci for resistance to early b"
"atbliksl","klhepwor","1","False","Risk factors associated with an outbreak of equine coronavirus at a la"
"bjreadin","reirwin","1","False","Differential bumble bee gene expression associated with pathogen infec"
"despain","jhdespai","1","False","Nurturing the human connection: Increasing student engagement and pers"
"eesantis","mddickey","1","False","An atomically smooth container: Can the native oxide promote supercool"
"gnp","jljone21","1","False","Wake-up free ferroelectric hafnia-zirconia capacitors fabricated via
 "
"awhitfi","mdlorenz","2","False","Structural and functional insights into the ATP-binding cassette trans|CRISPR/Cas9-mediated genome editing of <i>Frankliniella occidentalis,<"
"amlocke2","twgannon","1","False","Characterizing atrazine, mesosulfuron-methyl, and topramezone bioavail"
"hdai","twu19","1","False","CGBA: Curvature-aware Geometric Black-box Attack"
"tmbarnes","vmcatete","7","False","Student Attitudes During the Pilot of the Computer Science Frontiers C|High School Girls’ Experiences in a Project-Based Learning Computer Sc|Project-Based Software Engineering Curriculum for Secondary Students"
"ahajbab","ebardak","1","False","Effects of Connectivity and Automation on Saturation Headway and Capac"
"hsu4","jyin8","1","False","Physically intelligent autonomous soft robotic maze escaper"
"ahajbab","slin23","1","False","Connected autonomous vehicles: State of practice"
"kbchen2","mzhu7","1","True","Modeling Human–Machine Interaction System Reliability with Multiple De"
"jwstalli","ssengup2","1","False","Statistical Challenges in Online Controlled Experiments: A Review of A"
"tmschaef","vskokov","1","False","Dynamic scaling of order parameter fluctuations in model B"
"arwisnet","ejgruber","1","False","What is your diagnosis? Ulcerative shell lesions from a diamond‐backed"
"ajawad","hzhou","1","False","Plutus: Bandwidth-Efficient Memory Security for GPUs"
"cfcastro","lsguerta","1","False","Quantifying the Impact of Model Selection When Examining Bank Retreat "
"kowalsky","mpourgh","1","False","Critical Bending Strain and Mechanical Properties of Corroded Reinforc"
"dsun4","xjiang5","1","True","Thickness‐Dependent Thermal Conductivity and Phonon Mean Free Path Dis"
"jliu38","xjiang5","2","False","Thickness‐Dependent Thermal Conductivity and Phonon Mean Free Path Dis|Ferroelectric Domain Wall Engineering Enables Thermal Modulation in PM"
"ksjayara","rparaju","1","True","Educational Needs of North Carolina Non-industrial Private Forest Land"
"alwelch","jodle","3","True","Enteric glial cell network function is required for epithelial barrier|257 Effects of Prebiotic Galactooligosaccharide (GOS) on Hindgut Micro|PSI-20 Effects of Prebiotic Galactooligosaccharide (Gos) on Piglet Gro"
"alwelch","lcvanlan","3","False","Enteric glial cell network function is required for epithelial barrier|257 Effects of Prebiotic Galactooligosaccharide (GOS) on Hindgut Micro|PSI-20 Effects of Prebiotic Galactooligosaccharide (Gos) on Piglet Gro"
"atbliksl","jodle","3","True","Enteric glial cell network function is required for epithelial barrier|257 Effects of Prebiotic Galactooligosaccharide (GOS) on Hindgut Micro|PSI-20 Effects of Prebiotic Galactooligosaccharide (Gos) on Piglet Gro"
"atbliksl","lcvanlan","3","False","Enteric glial cell network function is required for epithelial barrier|257 Effects of Prebiotic Galactooligosaccharide (GOS) on Hindgut Micro|PSI-20 Effects of Prebiotic Galactooligosaccharide (Gos) on Piglet Gro"
"jodle","lcvanlan","3","True","Enteric glial cell network function is required for epithelial barrier|257 Effects of Prebiotic Galactooligosaccharide (GOS) on Hindgut Micro|PSI-20 Effects of Prebiotic Galactooligosaccharide (Gos) on Piglet Gro"
"cxu34","hli83","1","False","TherapyPal: Towards a Privacy-Preserving Companion Diagnostic Tool bas"
"lsgoodel","vgcarraw","2","False","More PEAS Please! Teaching Teachers How to Integrate Food-based Learni|Integration of Food-based Learning With Science in the Preschool Class"
"ajkeung","jtuck","1","False","FrameD: framework for DNA-based data storage design, verification, and"
"agulyuk","ygyingli","1","False","Role of Nanoscale Morphology on the Efficiency of Solvent-Based Desali"
"bbcutts","jahipp","1","False","Paying for <scp>nature‐based</scp> solutions: A review of funding and "
"bbcutts","ksbunds","1","False","Paying for <scp>nature‐based</scp> solutions: A review of funding and "
"jahipp","ksbunds","1","False","Paying for <scp>nature‐based</scp> solutions: A review of funding and "
"jahipp","lrlarson","2","False","Paying for <scp>nature‐based</scp> solutions: A review of funding and |Better Health is Right Outside Your Door"
"ksbunds","lrlarson","1","False","Paying for <scp>nature‐based</scp> solutions: A review of funding and "
"asaibab","mmfarazm","1","False","Tensor-based flow reconstruction from optimally located sensor measure"
"aanevzor","cproulx","1","False","Peptoid-based macrodiscs of variable lipid composition for structural "
"igransb","tmbarnes","1","False","Project-Based Software Engineering Curriculum for Secondary Students"
"igransb","vmcatete","1","False","Project-Based Software Engineering Curriculum for Secondary Students"
"lpal","rwgonzal","1","False","Environmentally friendly oxidation pretreatments to produce sugar-base"
"acmyers3","kmathur","1","False","Simulation-Based Contact Pressure Prediction Model to Optimize Health "
"cxu24","yuan","1","False","Vibration-based hidden damage imaging using stereo cameras with digita"
"akrings","ehyland","1","True","Remnants of the “Grande Savane?” Insights from Soil Organic Matter at "
"ajbandod","avazque2","1","False","A Miniaturized, Battery‐Free, Wireless Wound Monitor That Predicts Wou"
"fli5","lmneal2","2","False","Numerical modeling of chemical looping oxidative dehydrogenation of et|Kinetic study of Ni-M/CNT catalyst in methane decomposition under micr"
"coby","oapetrit","1","True","Pharmacokinetics of fluralaner as a systemic drug to control infestati"
"coby","rcrespo","1","True","Pharmacokinetics of fluralaner as a systemic drug to control infestati"
"coby","rebaynes","1","True","Pharmacokinetics of fluralaner as a systemic drug to control infestati"
"ekyoungs","jcollazo","1","False","Bee species richness through time in an urbanizing landscape of the so"
"ekyoungs","reirwin","1","False","Bee species richness through time in an urbanizing landscape of the so"
"jcollazo","reirwin","1","False","Bee species richness through time in an urbanizing landscape of the so"
"arweave3","clpickwo","1","False","103 Impact of Fescue Variety on Fecal Egg Counts in Mature Beef Cattle"
"arweave3","dhpoole","1","False","103 Impact of Fescue Variety on Fecal Egg Counts in Mature Beef Cattle"
"gkennedy","icarbon","1","False","Cassava begomovirus species diversity changes during plant vegetative "
"gkennedy","lkhanley","2","False","Cassava begomovirus species diversity changes during plant vegetative |Genome segment ratios change during whitefly transmission of two bipar"
"icarbon","lkhanley","1","False","Cassava begomovirus species diversity changes during plant vegetative "
"jbtracy","ygyingli","1","False","Solvent Effects in Ligand Stripping Behavior of Colloidal Nanoparticle"
"howare","mmuller2","1","False","Random matrix theory (RMT) to quantify scattering behavior in lung mim"
"jboninf","mpairis","1","False","Efficacy of inguinal buffered lidocaine and intranasal flunixin meglum"
"lacraig","rclark","1","False","Quantifying and explaining the decline in public schoolteacher retirem"
"jaforre3","moorman","1","False","Tradeoffs between timber and wildlife habitat quality increase with de"
"ajawad","jtuck","1","False","Thoth: Bridging the Gap Between Persistently Secure Memories and Memor"
"laramir2","mlardons","1","True","Can we see the nitrate from the trees? Long-term linkages between trop"
"bjreich","sarumug","1","True","Beyond Simple Trend Tests: Detecting Significant Changes in Design‐Flo"
"tfang2","xjiang5","2","False","A Bi-In-Sn eutectic multi-layer high temperature ultrasound transmitte|Noninvasive liquid level sensing with laser generated ultrasonic waves"
"japiedra","kmathews","1","False","A postnatal network of co-hepato/pancreatic stem/progenitors in the bi"
"amjohns2","jlheitma","1","False","Water vapor transport through bioenergy grass residues and its effects"
"amjohns2","sscaag","1","False","Water vapor transport through bioenergy grass residues and its effects"
"fawrigh2","yzhou19","3","False","Integrative Chemical–Biological Grouping of Complex High Production Vo|Simultaneous modeling of multivariate heterogeneous responses and hete|Genetic Modifiers of Cystic Fibrosis Lung Disease Severity: Whole-Geno"
"nwising","vaugust","1","False","Effect of Electrode/Electrolyte Coupling on Birnessite (δ-MnO<sub>2</s"
"ajwest2","ryin","2","False","Investigation of Hemp and Nylon Blended Long-Staple Yarns and Their Wo|A critical review of characterization and measurement of textile-grade"
"raghilad","spontak","1","True","Preventing the spread of life-threatening gastrointestinal microbes on"
"ajwest2","mroe","1","True","Mosquito Blood Feeding Prevention Using an Extra-Low DC Voltage Charge"
"acfahren","bjreadin","1","False","Machine learning and data mining methodology to predict nominal and nu"
"acfahren","jgrimes","1","False","Machine learning and data mining methodology to predict nominal and nu"
"acfahren","pferket","2","False","Machine learning and data mining methodology to predict nominal and nu|Supplementation of ginger root extract into broiler chicken diet: effe"
"bjreadin","jgrimes","1","False","Machine learning and data mining methodology to predict nominal and nu"
"bjreadin","pferket","1","False","Machine learning and data mining methodology to predict nominal and nu"
"jgrimes","pferket","1","False","Machine learning and data mining methodology to predict nominal and nu"
"iabolotn","ntdinh","3","False","Interface Capturing Flow Boiling Simulations in a Compact Heat Exchang|Data-Driven RANS Turbulence Closures for Forced Convection Flow in Rea|Direct Numerical Simulation of Low and Unitary Prandtl Number Fluids i"
"mmuller2","yzhu7","1","False","Ultrasound Characterization of Cortical Bone Using Shannon Entropy"
"dofreyte","mbfisher","1","False","Tendon Extracellular Matrix Promotes Myotendinous Junction Protein Exp"
"asanmig","nccrook","1","False","Programming Probiotics: Diet-responsive gene expression and colonizati"
"fang","king","1","False","Price competition and cost efficiency facing buyer’s bounded rationali"
"eghohmei","mhpoore","1","True","358 The Effects of Varying Levels of Cotton Gin Byproduct and Wet brew"
"eghohmei","vfellner","1","True","358 The Effects of Varying Levels of Cotton Gin Byproduct and Wet brew"
"mhpoore","vfellner","1","False","358 The Effects of Varying Levels of Cotton Gin Byproduct and Wet brew"
"gwlucier","rseraci","1","False","Rapid Prestressed Concrete Retrofit with Prestressed Mechanically-Fast"
"gvalacc","miorizz","1","False","Identification of bromelain subfamily proteases encoded in the pineapp"
"gvalacc","pmperkin","1","False","Identification of bromelain subfamily proteases encoded in the pineapp"
"gvalacc","qyxiang","1","False","Identification of bromelain subfamily proteases encoded in the pineapp"
"kanderso","pferket","1","False","The Effect of Housing Environment on Commercial Brown Egg Layer Produc"
"pferket","rdmalhei","1","False","The Effect of Housing Environment on Commercial Brown Egg Layer Produc"
"dwermke","whenck","1","False","It's like flossing your teeth: On the Importance and Challenges of Rep"
"kbusch","ktate","1","True","Collaborative capacity-building for collective evaluation: a case stud"
"kbusch","lrlarson","1","True","Collaborative capacity-building for collective evaluation: a case stud"
"agrinba","mahaider","1","True","Bulk and mosaic deletions of Egfr reveal regionally defined gliogenesi"
"mahaider","tghashg","1","True","Bulk and mosaic deletions of Egfr reveal regionally defined gliogenesi"
"jayoder","mkpeed","1","True","Legacy and emerging per- and polyfluoroalkyl substances suppress the n"
"jayoder","swkullma","1","False","Legacy and emerging per- and polyfluoroalkyl substances suppress the n"
"mkpeed","swkullma","1","True","Legacy and emerging per- and polyfluoroalkyl substances suppress the n"
"ehyland","lezanno","1","False","Timing of the Greenhorn transgression and OAE2 in Central Utah using C"
"gbyrd","jtuck","1","False","PreFlush: Lightweight Hardware Prediction Mechanism for Cache Line Flu"
"hdai","slin23","1","False","Efficient Content Delivery in User-Centric and Cache-Enabled Vehicular"
"ajplanch","cjmattin","2","False","Developmental cadmium exposure disrupts zebrafish vestibular calcium c|CTD tetramers: a new online tool that computationally links curated ch"
"ajplanch","kcmarsde","1","False","Developmental cadmium exposure disrupts zebrafish vestibular calcium c"
"cjmattin","kcmarsde","1","False","Developmental cadmium exposure disrupts zebrafish vestibular calcium c"
"kanderso","lwalker3","1","False","Impact of Stocking Densities on the Microbiota of the Cloaca, Eggshell"
"csayde","nnelson4","1","False","Optimization of the number and locations of the calibration stations n"
"iyoon","nrames","1","False","Voter Registration in the United States: A Call for Change"
"jkpacifi","rwkays","1","False","Using decoys and camera traps to estimate depredation rates and neonat"
"moorman","rwkays","1","False","Using decoys and camera traps to estimate depredation rates and neonat"
"alwoodle","dhsuchof","1","False","Horizontal Planting Orientation Can Improve Yield in Organically Grown"
"alwoodle","jonr","1","False","Horizontal Planting Orientation Can Improve Yield in Organically Grown"
"alwoodle","kmjennin","1","False","Horizontal Planting Orientation Can Improve Yield in Organically Grown"
"dhsuchof","jonr","1","False","Horizontal Planting Orientation Can Improve Yield in Organically Grown"
"dhsuchof","kmjennin","1","False","Horizontal Planting Orientation Can Improve Yield in Organically Grown"
"jonr","kmjennin","1","False","Horizontal Planting Orientation Can Improve Yield in Organically Grown"
"ecrisci","gwalmond","1","False","Testable Candidate Immune Correlates of Protection for Porcine Reprodu"
"dhsuchof","hchen57","1","False","A Novel Method for Stimulating Cannabis sativa L. Male Flowers from Fe"
"bwhipker","dhsuchof","1","False","Hemp yield and cannabinoid concentrations under variable nitrogen and "
"bwhipker","kledmist","1","False","Hemp yield and cannabinoid concentrations under variable nitrogen and "
"bwhipker","lcolpog","1","False","Hemp yield and cannabinoid concentrations under variable nitrogen and "
"dhsuchof","kledmist","1","False","Hemp yield and cannabinoid concentrations under variable nitrogen and "
"dhsuchof","lcolpog","1","False","Hemp yield and cannabinoid concentrations under variable nitrogen and "
"kledmist","lcolpog","1","False","Hemp yield and cannabinoid concentrations under variable nitrogen and "
"ekemahl","hsheese","2","False","Pricing for services with cross-segment externalities, capacity constr|Capacity shortages, regulation, and firm incentives in the generic dru"
"ccrosenf","kszagack","1","False","More-Than-Human Ethics of Care in the Poetry of Mary Oliver"
"cgill2","kamyers2","1","False","Human-centered design in the context of social determinants of health "
"asaibab","ipsen","1","False","Monte Carlo Methods for Estimating the Diagonal of a Real Symmetric Ma"
"mhlittle","tadrake","1","False","What Shapes Principals’ Early Education Leadership Practices? A Mixed-"
"jrbrunet","vdublje","1","False","Exploring and Understanding Law Enforcement’s Relationship with Techno"
"dljorda2","lrlux","1","False","Survey of herbicide and fungicide use in peanut in North Carolina and "
"aeroglu","nccrook","1","True","Carotenoids in Health as Studied by Omics-Related Endpoints"
"drotenb","mdlorenz","1","False","CRISPR/Cas9-mediated genome editing of <i>Frankliniella occidentalis,<"
"atbliksl","mgerard","1","False","A novel case of tracheal injury secondary to gunshot trauma in a white"
"bdhansen","semusuli","1","False","Case report: Low dose dexmedetomidine infusion for the management of h"
"twprice","vmcatete","2","False","A Case Study on When and How Novices Use Code Examples in Open-Ended P|Investigating the Impact of On-Demand Code Examples on Novices' Open-E"
"mchi","mpsingh","1","False","Healthful Connected Living: Vision and Challenges for the Case of Obes"
"damarks","ebbreits","1","False","Eosinophilic pericardial effusion and pericarditis in a cat"
"damarks","rgmaggi","1","False","Eosinophilic pericardial effusion and pericarditis in a cat"
"efimenko","mabolha","1","False","Continuous Ligand-Free Catalysis Using a Hybrid Polymer Network Suppor"
"jgenzer","mabolha","1","False","Continuous Ligand-Free Catalysis Using a Hybrid Polymer Network Suppor"
"pdswartz","wchang6","1","True","A Ferric-Superoxide Intermediate Initiates P450-Catalyzed Cyclic Dipep"
"kgundog","qgu3","1","True","Metal‐Halide Perovskite Lasers: Cavity Formation and Emission Characte"
"aoh","lvschnab","1","False","Effect of gentamicin on <scp>CD3</scp>+ T‐lymphocyte proliferation for"
"bgilger","lvschnab","1","False","Effect of gentamicin on <scp>CD3</scp>+ T‐lymphocyte proliferation for"
"btoconno","hwade","3","True","Rubber-Toughened Organic Solar Cells: Miscibility–Morphology–Performan|Molecular interactions that drive morphological and mechanical stabili|Emergent molecular traits of lettuce and tomato grown under wavelength"
"alstiele","bjsheaha","1","False","A LGR5 reporter pig model closely resembles human intestine for improv"
"alstiele","japiedra","1","False","A LGR5 reporter pig model closely resembles human intestine for improv"
"bjsheaha","japiedra","1","False","A LGR5 reporter pig model closely resembles human intestine for improv"
"bjsheaha","lmgonza4","1","False","A LGR5 reporter pig model closely resembles human intestine for improv"
"japiedra","lmgonza4","1","False","A LGR5 reporter pig model closely resembles human intestine for improv"
"asanmig","bmrao","1","False","Laminin switches terminal differentiation fate of human trophoblast st"
"btoconno","hwsedero","1","True","Emergent molecular traits of lettuce and tomato grown under wavelength"
"hwade","hwsedero","1","True","Emergent molecular traits of lettuce and tomato grown under wavelength"
"amikael","bwiegman","1","False","Chewing Through Challenges: Exploring the Evolutionary Pathways to Woo"
"aihawari","knivanov","1","False","Challenge for the validation of high-fidelity multi-physics LWR modeli"
"aihawari","mnavramo","1","False","Challenge for the validation of high-fidelity multi-physics LWR modeli"
"kstapel","scshanno","1","False","Plasma surface ionization wave interactions with single channels"
"ajwest2","dhsuchof","1","True","A critical review of characterization and measurement of textile-grade"
"dhsuchof","ryin","1","True","A critical review of characterization and measurement of textile-grade"
"kmathur","msuh2","1","False","Electromechanical Characterization of Commercial Conductive Yarns for "
"kmathur","ryin","1","False","Electromechanical Characterization of Commercial Conductive Yarns for "
"msuh2","ryin","1","False","Electromechanical Characterization of Commercial Conductive Yarns for "
"mbreen3","mbreiski","1","True","Population dynamics and genome-wide selection scan for dogs in Chernob"
"knappe","macubeta","1","True","Degradation of imidacloprid by <i>Phanerodontia chrysosporium</i> on w"
"knappe","tnaziz","1","False","Degradation of imidacloprid by <i>Phanerodontia chrysosporium</i> on w"
"macubeta","tnaziz","1","True","Degradation of imidacloprid by <i>Phanerodontia chrysosporium</i> on w"
"sgaddam4","skmishra","1","True","A new role of <scp>TRPM8</scp> in circadian rhythm and molecular clock"
"adpierce","nsingle","1","False","Immersive Videos Improve Student Self-Efficacy in Clinical Lactation"
"hmitaso","lgtateos","1","True","An open-source platform for geospatial participatory modeling in the c"
"jvukoma","lgtateos","1","False","An open-source platform for geospatial participatory modeling in the c"
"lgtateos","rkmeente","2","False","An open-source platform for geospatial participatory modeling in the c|Forecasting global spread of invasive pests and pathogens through inte"
"astaicu","bjreich","1","False","A Nonparametric Test of Group Distributional Differences for Hierarchi"
"astaicu","jemeitze","1","False","A Nonparametric Test of Group Distributional Differences for Hierarchi"
"bjreich","jemeitze","1","False","A Nonparametric Test of Group Distributional Differences for Hierarchi"
"lsgoodel","nkcooke","1","False","College Student Food and Housing Insecurity: Students’ Perceived Deter"
"lpal","odvelev","1","True","Polymer Color Intelligence: Effect of Materials, Instruments, and Meas"
"klfelder","rmjetton","1","False","Ecology, Impacts, and Management of Common Late-season Defoliators of "
"jlburne5","vmbakerr","1","False","Perceptions of relationship value and exploitation risk mediate the ef"
"chuang35","hstohl","1","False","Visualizing qualitative data: unpacking the complexities and nuances o"
"alwelch","skim22","2","True","257 Effects of Prebiotic Galactooligosaccharide (GOS) on Hindgut Micro|PSI-20 Effects of Prebiotic Galactooligosaccharide (Gos) on Piglet Gro"
"alwelch","vfellner","2","True","257 Effects of Prebiotic Galactooligosaccharide (GOS) on Hindgut Micro|PSI-20 Effects of Prebiotic Galactooligosaccharide (Gos) on Piglet Gro"
"alwelch","xilin","2","True","257 Effects of Prebiotic Galactooligosaccharide (GOS) on Hindgut Micro|PSI-20 Effects of Prebiotic Galactooligosaccharide (Gos) on Piglet Gro"
"atbliksl","skim22","2","True","257 Effects of Prebiotic Galactooligosaccharide (GOS) on Hindgut Micro|PSI-20 Effects of Prebiotic Galactooligosaccharide (Gos) on Piglet Gro"
"atbliksl","vfellner","2","True","257 Effects of Prebiotic Galactooligosaccharide (GOS) on Hindgut Micro|PSI-20 Effects of Prebiotic Galactooligosaccharide (Gos) on Piglet Gro"
"atbliksl","xilin","2","True","257 Effects of Prebiotic Galactooligosaccharide (GOS) on Hindgut Micro|PSI-20 Effects of Prebiotic Galactooligosaccharide (Gos) on Piglet Gro"
"jodle","skim22","2","False","257 Effects of Prebiotic Galactooligosaccharide (GOS) on Hindgut Micro|PSI-20 Effects of Prebiotic Galactooligosaccharide (Gos) on Piglet Gro"
"lcvanlan","skim22","2","True","257 Effects of Prebiotic Galactooligosaccharide (GOS) on Hindgut Micro|PSI-20 Effects of Prebiotic Galactooligosaccharide (Gos) on Piglet Gro"
"lcvanlan","vfellner","2","True","257 Effects of Prebiotic Galactooligosaccharide (GOS) on Hindgut Micro|PSI-20 Effects of Prebiotic Galactooligosaccharide (Gos) on Piglet Gro"
"lcvanlan","xilin","2","True","257 Effects of Prebiotic Galactooligosaccharide (GOS) on Hindgut Micro|PSI-20 Effects of Prebiotic Galactooligosaccharide (Gos) on Piglet Gro"
"skim22","vfellner","2","False","257 Effects of Prebiotic Galactooligosaccharide (GOS) on Hindgut Micro|PSI-20 Effects of Prebiotic Galactooligosaccharide (Gos) on Piglet Gro"
"skim22","xilin","2","False","257 Effects of Prebiotic Galactooligosaccharide (GOS) on Hindgut Micro|PSI-20 Effects of Prebiotic Galactooligosaccharide (Gos) on Piglet Gro"
"vfellner","xilin","2","False","257 Effects of Prebiotic Galactooligosaccharide (GOS) on Hindgut Micro|PSI-20 Effects of Prebiotic Galactooligosaccharide (Gos) on Piglet Gro"
"cfcastro","csayde","1","False","High-Resolution Monitoring of Scour Using a Novel Fiber-Optic Distribu"
"galewbar","mbreen3","1","False","Dirofilaria immitis Identified in Galapagos Sea Lions (Zalophus wolleb"
"galewbar","slvaden","1","False","Dirofilaria immitis Identified in Galapagos Sea Lions (Zalophus wolleb"
"mbreen3","slvaden","1","False","Dirofilaria immitis Identified in Galapagos Sea Lions (Zalophus wolleb"
"alwoodle","amlocke2","1","False","No-till imparts yield stability and greater cumulative yield under var"
"alwoodle","dosmond","1","False","No-till imparts yield stability and greater cumulative yield under var"
"alwoodle","jlheitma","1","False","No-till imparts yield stability and greater cumulative yield under var"
"amlocke2","dosmond","1","False","No-till imparts yield stability and greater cumulative yield under var"
"amlocke2","jlheitma","1","False","No-till imparts yield stability and greater cumulative yield under var"
"dosmond","jlheitma","1","False","No-till imparts yield stability and greater cumulative yield under var"
"jrbochin","liclarke","1","False","Enhancing ionic conductivity in polymer melts results in smaller diame"
"ahajbab","lhajiba","1","False","White Phase Intersection Control Through Distributed Coordination: A M"
"jytzeng","xjjeng","1","False","Transfer learning with false negative control improves polygenic risk "
"gary","mdparker","1","False","Severe Convective Storms in Limited Instability Organized by Pattern a"
"lalucia","richardv","1","False","A critical review of existing and emerging technologies and systems to"
"classen","kdgriege","1","False","Phosphorus sustainability through coordinated stakeholder engagement: "
"mdlorenz","mjscott3","1","False","Development of transgenic corn planthopper <scp><i>Peregrinus maidis"
"dljorda2","lcolpog","1","False","Influence of planting pattern on corn response to sub‐surface drip irr"
"dljorda2","raatwell","1","False","Influence of planting pattern on corn response to sub‐surface drip irr"
"dljorda2","rheinig","1","False","Influence of planting pattern on corn response to sub‐surface drip irr"
"lcolpog","raatwell","1","False","Influence of planting pattern on corn response to sub‐surface drip irr"
"lcolpog","rheinig","1","False","Influence of planting pattern on corn response to sub‐surface drip irr"
"raatwell","rheinig","1","False","Influence of planting pattern on corn response to sub‐surface drip irr"
"sskhan","tbdimitr","1","True","Exploring Students' Perceptions and Engagement in Hybrid Flexible Cour"
"davidian","wlu4","1","False","Dynamic prediction of residual life with longitudinal covariates using"
"bkgoodwi","rmrejesu","1","False","Understanding the effect of cover crop use on prevented planting losse"
"cmwilli5","impeszle","1","True","Multiplex CRISPR editing of wood for sustainable fiber production"
"cmwilli5","jpwang","1","True","Multiplex CRISPR editing of wood for sustainable fiber production"
"cmwilli5","klan2","1","True","Multiplex CRISPR editing of wood for sustainable fiber production"
"cmwilli5","rbarran","1","True","Multiplex CRISPR editing of wood for sustainable fiber production"
"impeszle","jpwang","1","False","Multiplex CRISPR editing of wood for sustainable fiber production"
"impeszle","klan2","1","False","Multiplex CRISPR editing of wood for sustainable fiber production"
"impeszle","rbarran","1","True","Multiplex CRISPR editing of wood for sustainable fiber production"
"jpwang","klan2","1","False","Multiplex CRISPR editing of wood for sustainable fiber production"
"jpwang","rbarran","1","True","Multiplex CRISPR editing of wood for sustainable fiber production"
"klan2","rbarran","1","True","Multiplex CRISPR editing of wood for sustainable fiber production"
"jliu38","kjpeters","1","False","Ferroelectric Domain Wall Engineering Enables Thermal Modulation in PM"
"jliu38","yzhu7","1","False","Ferroelectric Domain Wall Engineering Enables Thermal Modulation in PM"
"kjpeters","xjiang5","1","False","Ferroelectric Domain Wall Engineering Enables Thermal Modulation in PM"
"kjpeters","yzhu7","1","False","Ferroelectric Domain Wall Engineering Enables Thermal Modulation in PM"
"xjiang5","yzhu7","1","False","Ferroelectric Domain Wall Engineering Enables Thermal Modulation in PM"
"jminogu","kmoliver","1","False","Multimodal CS Education Using a Scaffolded CSCL Environment"
"lsguerta","nnelson4","1","False","Satellite and in situ cyanobacteria monitoring: Understanding the impa"
"clanzas","jrfletc2","1","False","Distilling Mechanistic Models From Multi-Omics Data"
"acdon","beasleym","1","False","An Evolving Risk Landscape: Insights from a Decade of Surveys of Execu"
"acdon","branson","1","False","An Evolving Risk Landscape: Insights from a Decade of Surveys of Execu"
"beasleym","branson","1","False","An Evolving Risk Landscape: Insights from a Decade of Surveys of Execu"
"jastern","tdefranc","1","False","Delayed-release rapamycin halts progression of left ventricular hypert"
"dofreyte","gpcruse","1","True","Low-dose intrapulmonary drug delivery device for studies on next-gener"
"gpcruse","kjpeters","1","True","Low-dose intrapulmonary drug delivery device for studies on next-gener"
"mulvey","rcmayer","1","False","Restoring trust in employers: Diagnosing & treating the perception tha"
"kanderso","mvjoseph","1","False","Effects of full-fat high-oleic soybean meal in layer diets on nutrient"
"kanderso","otfoye","1","False","Effects of full-fat high-oleic soybean meal in layer diets on nutrient"
"pferket","rjb","1","True","Nutritional programming in Nile tilapia (Oreochromis niloticus): Effec"
"gcmclaug","jpknelle","1","False","Neutrino fast flavor instability in three dimensions for a neutron sta"
"agopalar","jredward","1","False","Discrete vortex modeling of perching and hovering maneuvers"
"bcjohns2","ldfusare","1","False","What do excellent school leader preparation programs look like?"
"doharris","lawilli3","1","True","Do Software Security Practices Yield Fewer Vulnerabilities?"
"bcallah","kmathews","1","False","Gallbladder microbiota in healthy dogs and dogs with mucocele formatio"
"damarks","kmathews","1","False","Gallbladder microbiota in healthy dogs and dogs with mucocele formatio"
"gsseiler","kmathews","1","False","Gallbladder microbiota in healthy dogs and dogs with mucocele formatio"
"jgookin","kmathews","1","False","Gallbladder microbiota in healthy dogs and dogs with mucocele formatio"
"amlynch3","dmmerite","1","False","Persistent spontaneous pneumomediastinum in a dog with pulmonary fibro"
"amlynch3","ncnelso2","1","False","Persistent spontaneous pneumomediastinum in a dog with pulmonary fibro"
"dmmerite","ncnelso2","1","False","Persistent spontaneous pneumomediastinum in a dog with pulmonary fibro"
"dlrober4","tjmenzie","1","False","The Engineering Mindset Is an Ethical Mindset (We Just Don’t Teach It "
"mgpapich","sozawa","1","False","Population pharmacokinetics of single dose oral pimobendan in the ferr"
"mgpapich","tmharri7","1","False","Population pharmacokinetics of single dose oral pimobendan in the ferr"
"sozawa","tdefranc","1","False","Population pharmacokinetics of single dose oral pimobendan in the ferr"
"sozawa","tmharri7","1","False","Population pharmacokinetics of single dose oral pimobendan in the ferr"
"tdefranc","tmharri7","1","False","Population pharmacokinetics of single dose oral pimobendan in the ferr"
"hmitaso","jflevine","1","False","Predicting residential septic system malfunctions for targeted drone i"
"cxu24","tfang2","1","False","Impact and wetting of polysilazane droplets on a metal surface"
"jcdunne","rpatters","1","False","Evaluating the Effects of Flooding Stress during Multiple Growth Stage"
"dbdoughe","dsun4","1","False","Spreading resistance effects in tunneling spectroscopy of <mml:math xm"
"jtreme","lacraig","1","True","The (menu) price effect of a Michelin star"
"ktstolee","tjmenzie","1","False","Fair Enough: Searching for Sufficient Measures of Fairness"
"jccarr","sbcraig","1","True","Intention to reengage in entrepreneurship: Performance feedback, sensa"
"kdaniel","mddickey","1","True","Interfacial Tension Hysteresis of Eutectic Gallium‐Indium"
"eshim","xfang3","1","False","Use of Meltblown Nonwoven Fabric Filter for Stormwater Runoff Treatmen"
"hhuang11","jfeng2","1","True","A Novel Framework to Facilitate User Preferred Tuning for a Robotic Kn"
"jfeng2","mliu10","1","True","A Novel Framework to Facilitate User Preferred Tuning for a Robotic Kn"
"jyin8","ryin","1","True","Spiral‐Shape Fast‐Moving Soft Robots"
"dfcall","owduckwo","1","True","Perspective: Phosphorus monitoring must be rooted in sustainability fr"
"bourham","tfang2","1","False","Noninvasive liquid level sensing with laser generated ultrasonic waves"
"bourham","xjiang5","1","False","Noninvasive liquid level sensing with laser generated ultrasonic waves"
"cjdohert","mwkudeno","1","True","Hybrid spatial–temporal Mueller matrix imaging spectropolarimeter for "
"bwiegman","mhreiski","1","False","Phylogenomics reveals the history of host use in mosquitoes"
"krwening","rriehn","1","False","A nanophotonic interferometer"
"mkpeed","oapetrit","1","False","Investigation of a Questionnaire Used to Measure Self-Perception of Se"
"jlheitma","rleon","1","False","Subsurface Lateral Solute Transport in Turfgrass"
"jlheitma","twgannon","1","False","Subsurface Lateral Solute Transport in Turfgrass"
"rleon","sscaag","1","False","Subsurface Lateral Solute Transport in Turfgrass"
"rleon","twgannon","1","False","Subsurface Lateral Solute Transport in Turfgrass"
"sscaag","twgannon","1","False","Subsurface Lateral Solute Transport in Turfgrass"
"syang24","wlu4","1","False","Targeted optimal treatment regime learning using summary statistics"
"jljone21","rsozzan","1","True","Phosphate starvation: response mechanisms and solutions"
