"source","target","weight","cross_college","papers"
"gnp","jljone21","4","False","Reduced fatigue and leakage of ferroelectric TiN/Hf<sub>0.5</sub>Zr<su|Role of Oxygen Source on Buried Interfaces in Atomic-Layer-Deposited F|Role of Oxygen Source on Buried Interfaces in Atomic-Layer- Deposited "
"amlynch3","rhli2","1","False","2022 Update of the Consensus on the Rational Use of Antithrombotics an"
"jvukoma","rkmeente","1","False","UrbanWatch: A 1-meter resolution land cover and land use database for "
"mwnolan","njolby","1","False","Stereotactic radiotherapy (10 Gy X 3) for canine nonlymphomatous intra"
"iherrma","kmmurph1","2","False","Long‐term effects of ciclosporin and oclacitinib on mediators of toler|Pathology in Practice"
"iherrma","pbiziko","1","False","Long‐term effects of ciclosporin and oclacitinib on mediators of toler"
"kmmurph1","pbiziko","1","False","Long‐term effects of ciclosporin and oclacitinib on mediators of toler"
"rcollaz","sitar","14","False","Record &amp;gt;10 MV/cm mesa breakdown fields in Al0.85Ga0.15N/Al0.6Ga|Large‐Area, Solar‐Blind, Sub‐250 nm Detection AlGaN Avalanche Photodio|GaN lateral polar junction arrays with 3D control of doping by supersa"
"rcollaz","spavlid","6","False","Record &amp;gt;10 MV/cm mesa breakdown fields in Al0.85Ga0.15N/Al0.6Ga|Large‐Area, Solar‐Blind, Sub‐250 nm Detection AlGaN Avalanche Photodio|GaN lateral polar junction arrays with 3D control of doping by supersa"
"sitar","spavlid","6","False","Record &amp;gt;10 MV/cm mesa breakdown fields in Al0.85Ga0.15N/Al0.6Ga|Large‐Area, Solar‐Blind, Sub‐250 nm Detection AlGaN Avalanche Photodio|GaN lateral polar junction arrays with 3D control of doping by supersa"
"jlswann","memayorg","4","False","Modeling the Impact of Nonpharmaceutical Interventions on COVID-19 Tra|Could Earlier Availability of Boosters and Pediatric Vaccines Have Red|Organizational decision‐making during COVID‐19: A qualitative analysis"
"iguvenc","oozdemi","5","False","Indoor Propagation Measurements with Transparent Reflectors at 28/39/1|Ray Tracing Analysis of Sub-6 GHz and mmWave Indoor Coverage with Refl|60 GHz Outdoor Propagation Measurements and Analysis Using Facebook Te"
"cdrock","dkaoumi","2","False","Laser Powder Bed Fusion of ODS 14YWT from Gas Atomization Reaction Syn|Laser powder bed fusion additive manufacturing of oxide dispersion str"
"cdrock","tjhorn","2","False","Laser Powder Bed Fusion of ODS 14YWT from Gas Atomization Reaction Syn|Laser powder bed fusion additive manufacturing of oxide dispersion str"
"dkaoumi","tjhorn","2","False","Laser Powder Bed Fusion of ODS 14YWT from Gas Atomization Reaction Syn|Laser powder bed fusion additive manufacturing of oxide dispersion str"
"mcricker","sscmjv","1","False","Hydrology and Vegetation Relationships in a Carolina Bay Wetland 15 Ye"
"cboi","rgcarbon","2","False","Corrigendum to ‘A direct comparison between membrane adsorber and pack|Purification of Adeno-Associated Virus (AAV) Serotype 2 from Spodopter"
"aharris5","fldelosr","2","False","Comparing Rates of Change in SARS-CoV-2 Wastewater Load and Clinical C|Timing and Trends for Municipal Wastewater, Lab-Confirmed Case, and Sy"
"aharris5","nkotlar","2","False","Comparing Rates of Change in SARS-CoV-2 Wastewater Load and Clinical C|Timing and Trends for Municipal Wastewater, Lab-Confirmed Case, and Sy"
"fldelosr","nkotlar","2","False","Comparing Rates of Change in SARS-CoV-2 Wastewater Load and Clinical C|Timing and Trends for Municipal Wastewater, Lab-Confirmed Case, and Sy"
"cebarbie","jvukoma","1","False","To travel or not to travel during COVID-19: The influence of political"
"cebarbie","wgknolle","4","False","To travel or not to travel during COVID-19: The influence of political|Agricultural and environmental education: a call for meaningful collab|Investigating Predictors of Public- and Private-Sphere Sustainable Beh"
"jvukoma","wgknolle","1","False","To travel or not to travel during COVID-19: The influence of political"
"jahipp","lgtateos","1","False","Exploring public values through Twitter data associated with urban par"
"ahajbab","jlswann","1","False","Using COVID-19 Data on Vaccine Shipments and Wastage to Inform Modelin"
"ahajbab","lhajiba","2","False","Using COVID-19 Data on Vaccine Shipments and Wastage to Inform Modelin|Effects of Autonomous Driving Behavior on Intersection Performance and"
"jlswann","lhajiba","1","False","Using COVID-19 Data on Vaccine Shipments and Wastage to Inform Modelin"
"ktate","lrlarson","2","False","Political polarization of conservation issues in the era of COVID-19: |Self-reported participation in outdoor and nature-based recreation bef"
"ktate","mnpeters","3","False","Political polarization of conservation issues in the era of COVID-19: |Self-reported participation in outdoor and nature-based recreation bef|What is community-level environmental literacy, and how can we measure"
"lrlarson","mnpeters","5","False","Political polarization of conservation issues in the era of COVID-19: |Self-reported participation in outdoor and nature-based recreation bef|Factors associated with human tolerance of snakes in the southeastern "
"aharris5","hmitaso","1","True","Timing and Trends for Municipal Wastewater, Lab-Confirmed Case, and Sy"
"aharris5","jahoppin","1","True","Timing and Trends for Municipal Wastewater, Lab-Confirmed Case, and Sy"
"fldelosr","hmitaso","1","True","Timing and Trends for Municipal Wastewater, Lab-Confirmed Case, and Sy"
"fldelosr","jahoppin","1","True","Timing and Trends for Municipal Wastewater, Lab-Confirmed Case, and Sy"
"hmitaso","jahoppin","1","False","Timing and Trends for Municipal Wastewater, Lab-Confirmed Case, and Sy"
"hmitaso","nkotlar","1","True","Timing and Trends for Municipal Wastewater, Lab-Confirmed Case, and Sy"
"jahoppin","nkotlar","3","True","Timing and Trends for Municipal Wastewater, Lab-Confirmed Case, and Sy|Source apportionment of serum PFASs in two highly exposed communities|Drinking Water–Associated PFAS and Fluoroethers and Lipid Outcomes in "
"elseekam","ktate","1","False","Self-reported participation in outdoor and nature-based recreation bef"
"elseekam","lrlarson","1","False","Self-reported participation in outdoor and nature-based recreation bef"
"elseekam","mnpeters","1","False","Self-reported participation in outdoor and nature-based recreation bef"
"ahuerta","dfrpp","1","False","Complete Genome Sequence of Xanthomonas arboricola pv.
            <i>"
"bwbeeler","mnavramo","2","False","Investigation of <mml:math xmlns:mml=""http://www.w3.org/1998/Math/Math|Ab initio molecular dynamics investigation of <mml:math xmlns:mml=""htt"
"ecrisci","fscholl","1","True","Effect of BIO-PLYTM, a Platelet-Rich Plasma Derived Biologic on PRRSV-"
"jshen3","sisalmon","3","False","Carbonic Anhydrase Immobilized on Textile Structured Packing Using Chi|Advances in 3D Gel Printing for Enzyme Immobilization|Durable and Versatile Immobilized Carbonic Anhydrase on Textile Struct"
"fli5","prwestmo","2","False","Oxygen Nonstoichiometry and Defect Models of Brownmillerite-Structured|CaMn0.9Ti0.1O3 based redox catalysts for chemical looping – Oxidative "
"cboi","smenega","1","False","Purification of Adeno-Associated Virus (AAV) Serotype 2 from Spodopter"
"rgcarbon","smenega","4","False","Purification of Adeno-Associated Virus (AAV) Serotype 2 from Spodopter|Towards continuous mAb purification: Clearance of host cell proteins f|Development of peptide affinity ligands for the purification of polycl"
"hwang18","rriehn","1","False","Densely methylated DNA traps Methyl-CpG–binding domain protein 2 but p"
"dpgenere","laramir2","1","True","Partitioning inorganic carbon fluxes from paired O2–CO2 gas measuremen"
"dpgenere","mlardons","1","True","Partitioning inorganic carbon fluxes from paired O2–CO2 gas measuremen"
"laramir2","mlardons","2","True","Partitioning inorganic carbon fluxes from paired O2–CO2 gas measuremen|Do experimental pH increases alter the structure and function of a low"
"dxie","fscholl","1","True","Flavonols and dihydroflavonols inhibit the main protease activity of S"
"dljorda2","kmjennin","6","False","Tolerance of southern highbush blueberry to 2,4-D choline postemergenc|Tolerance of plasticulture strawberry to 2,4-D choline applied to row |Effect of cotton herbicide programs on weed population trajectories an"
"dljorda2","mhoffma3","2","False","Tolerance of southern highbush blueberry to 2,4-D choline postemergenc|Tolerance of plasticulture strawberry to 2,4-D choline applied to row "
"kmjennin","mhoffma3","2","False","Tolerance of southern highbush blueberry to 2,4-D choline postemergenc|Tolerance of plasticulture strawberry to 2,4-D choline applied to row "
"alwelch","atbliksl","4","False","Multi-Institutional Retrospective Case-Control Study Evaluating Clinic|Enteric Glial Cell Network Function is Required for Epithelial Barrier|Porcine Models of the Intestinal Microbiota: The Translational Key to "
"mlmastro","prhess","1","False","Doxorubicin for treatment of histiocytic sarcoma in dogs: 31 cases (20"
"mlmastro","sesuter","1","False","Doxorubicin for treatment of histiocytic sarcoma in dogs: 31 cases (20"
"prhess","sesuter","1","False","Doxorubicin for treatment of histiocytic sarcoma in dogs: 31 cases (20"
"jahoppin","pdumbach","1","True","Allergic and non-allergic wheeze among farm women in the Agricultural "
"jnbocarr","ksbunds","1","False","The Contribution of Sport in the Rehabilitation Process of Disabled Mi"
"cfrohli","iuroeder","1","False","Horizons: nuclear astrophysics in the 2020s and Beyond"
"drpanthe","fjlouws","1","False","Correction to: Four bottlenecks restrict colonization and invasion by "
"dxlascel","megruen","2","False","2022 AAHA Pain Management Guidelines for Dogs and Cats*|Static posturography as a novel measure of the effects of aging on pos"
"fli5","mabolha","2","False","Cover Picture: Flow Synthesis of Single and Mixed Metal Oxides (Chem. |Flow Synthesis of Single and Mixed Metal Oxides"
"lsgoodel","ngcosco","1","True","Hands-on childcare garden intervention: A randomized controlled trial "
"dxlascel","skmishra","1","False","Investigating the Role of Artemin and Its Cognate Receptor, GFRα3, in "
"ajwest2","mroe","1","True","Novel 3-D Spacer Textiles to Protect Crops from Insect Infestation and"
"lawilli3","whenck","1","False","Top Five Challenges in Software Supply Chain Security: Observations Fr"
"dkaoumi","hawest","1","False","Investigation of the fatigue crack behavior of 304 stainless steels us"
"hhuang11","yzhu7","2","False","Ultrasoft Porous 3D Conductive Dry Electrodes for Electrophysiological|Resembled Tactile Feedback for Object Recognition Using a Prosthetic H"
"iabolotn","ntdinh","2","False","An adaptive knowledge-based data-driven approach for turbulence modeli|A Perspective on Data-Driven Coarse Grid Modeling for System-Level The"
"jshen3","xfang3","1","False","Advances in 3D Gel Printing for Enzyme Immobilization"
"sisalmon","xfang3","1","False","Advances in 3D Gel Printing for Enzyme Immobilization"
"agrinba","japiedra","1","True","Ontogeny of cellular organization and LGR5 expression in porcine cochl"
"rleon","screberg","4","False","New directions in weed management and research using 3D imaging|Assessing weediness potential of Brassica carinata (A.) Braun in the s|Eradication of <i>Commelina benghalensis</i> in a long-term experiment"
"cmtherio","jrfletc2","1","False","The Stickland Reaction Precursor <i>trans</i> -4-Hydroxy- <scp>l</scp>"
"amlynch3","sesuter","2","False","Outcomes of 434 dogs with non-steroidal anti-inflammatory drug toxicos|Outcomes of nonsteroidal anti-inflammatory drug toxicosis treated with"
"amlynch3","yueda","2","False","Outcomes of 434 dogs with non-steroidal anti-inflammatory drug toxicos|Outcomes of nonsteroidal anti-inflammatory drug toxicosis treated with"
"sesuter","yueda","2","False","Outcomes of 434 dogs with non-steroidal anti-inflammatory drug toxicos|Outcomes of nonsteroidal anti-inflammatory drug toxicosis treated with"
"bjreich","jahoppin","2","False","Respiratory and allergic outcomes among 5-year-old children exposed to|Pyrimethanil and chlorpyrifos air concentrations and pregnant women’s "
"mhlittle","tadrake","1","False","When School Doesn’t Start at Age 5: Elementary Principal Leadership of"
"hdai","iguvenc","2","False","60 GHz Outdoor Propagation Measurements and Analysis Using Facebook Te|Precoder Design for Physical-Layer Security and Authentication in Mass"
"hdai","mlsichit","1","False","60 GHz Outdoor Propagation Measurements and Analysis Using Facebook Te"
"hdai","oozdemi","1","False","60 GHz Outdoor Propagation Measurements and Analysis Using Facebook Te"
"iguvenc","mlsichit","6","False","60 GHz Outdoor Propagation Measurements and Analysis Using Facebook Te|National Radio Dynamic Zone Concept with Autonomous Aerial and Ground |AERPAW Vehicles"
"mlsichit","oozdemi","3","False","60 GHz Outdoor Propagation Measurements and Analysis Using Facebook Te|National Radio Dynamic Zone Concept with Autonomous Aerial and Ground |Out-of-Zone Signal Leakage Sensing in Radio Dynamic Zones"
"bourham","zalsmad","2","False","Shielding and corrosion properties of the Alloy 709 as canister materi|An assessment of protective coating dry cask canisters with structural"
"kanderso","rdmalhei","1","False","Influence of dietary dacitic tuff breccia on laying hen performance an"
"dcdorman","rmschoen","1","False","The Current State of Veterinary Toxicology Education at AAVMC Member V"
"bernholc","wlu2","3","False","<i>Ab initio</i> simulations of metal contacts for graphene-based devi|Relaxor ferroelectric polymer exhibits ultrahigh electromechanical cou|Local manifestations of thickness-dependent topology and edge states i"
"dxlascel","menomot","3","False","Initial exploration of the discriminatory ability of the PetPace colla|A Pilot, Open-Label Study to Evaluate the Efficacy of Intra-Articular |Spatial and Temporal Analytic Pipeline for Evaluation of Potential Gui"
"claplan","mmwillia","1","True","Laser ablation reveals the impact of Cdc15p on the stiffness of the co"
"bgwalan","ekautz","1","False","Gas-phase oxidation and nanoparticle formation in multi-element laser "
"baquroll","ebbreits","3","False","Vector-borne disease and its relationship to hematologic abnormalities|An Improved Point-of-Care ELISA for the Diagnosis of Anaplasmosis and |Rickettsia typhi infection in a clinically-ill dog from Houston, Texas"
"kbusch","mrblanch","1","False","What effective design strategies do rural, underserved students in STE"
"kgarcia2","rlcook","2","True","Readily available resources across sites and genotypes result in great|ACORN Review: NPK fertilizer use in loblolly pine plantations: Who are"
"kgarcia2","zholmes","1","True","Readily available resources across sites and genotypes result in great"
"rlcook","zholmes","1","False","Readily available resources across sites and genotypes result in great"
"dcmuddim","eghohmei","1","False","Development and validation of a high resolving power absolute quantita"
"richardv","rwgonzal","6","False","Developing Alternative, High-Absorbency Brown Fibers: Tissue Paper fro|Rethinking the use of bio-based plastics to accelerate the decarboniza|Nanoparticles and essential oils with antiviral activity on packaging "
"jslindse","mtanigu","7","False","Panchromatic Absorbers Tethered for Bioconjugation or Surface Attachme|Phyllobilins – Bioactive Natural Products Derived from Chlorophyll – P|Balancing Panchromatic Absorption and Multistep Charge Separation in a"
"aspnes","franzen","1","False","Classical Model of Surface Enhanced Infrared Absorption (SEIRA) Spectr"
"tmbarnes","vmcatete","4","False","Block-based abstractions and expansive services to make advanced compu|Building a Virtual Community of Practice: Teacher Learning for Computa|Case Studies on the Use of Storyboarding by Novice Programmers"
"klmarti3","moorman","1","False","Breeding bird abundance and species diversity greatest in high-severit"
"ekyoungs","jcollazo","1","False","Estimating bee abundance: can mark-recapture methods validate common s"
"ccrosenf","vdublje","1","False","The public impact of academic and print media portrayals of TMS: shini"
"mrblanch","richardv","1","True","Investigating the Experiences, Beliefs, and Career Intentions of Histo"
"mgjones3","sjcarrie","2","False","Accelerating high school students’ science career trajectories through|Leveraging the epistemic emotion of awe as a pedagogical tool to teach"
"desaloni","enford","1","True","Rethinking the use of bio-based plastics to accelerate the decarboniza"
"desaloni","richardv","1","False","Rethinking the use of bio-based plastics to accelerate the decarboniza"
"desaloni","rwgonzal","1","False","Rethinking the use of bio-based plastics to accelerate the decarboniza"
"enford","richardv","1","True","Rethinking the use of bio-based plastics to accelerate the decarboniza"
"enford","rwgonzal","1","True","Rethinking the use of bio-based plastics to accelerate the decarboniza"
"odvelev","smenega","1","False","An accelerated antibody aggregation test based on time sequenced dynam"
"jhou8","knivanov","2","False","A hybrid neutronics method with novel fission diffusion synthetic acce|CTF-PARCS Core Multi-Physics Computational Framework for Efficient LWR"
"jodle","skim22","1","False","Gruel Creep Feeding Accelerates Growth and Alters Intestinal Health of"
"jodle","smleona4","1","False","Gruel Creep Feeding Accelerates Growth and Alters Intestinal Health of"
"jodle","vfellner","1","False","Gruel Creep Feeding Accelerates Growth and Alters Intestinal Health of"
"jodle","xilin","2","False","Gruel Creep Feeding Accelerates Growth and Alters Intestinal Health of|Effects of medium chain triglycerides on hepatic fatty acid oxidation "
"skim22","smleona4","1","False","Gruel Creep Feeding Accelerates Growth and Alters Intestinal Health of"
"skim22","vfellner","1","False","Gruel Creep Feeding Accelerates Growth and Alters Intestinal Health of"
"skim22","xilin","1","False","Gruel Creep Feeding Accelerates Growth and Alters Intestinal Health of"
"smleona4","vfellner","1","False","Gruel Creep Feeding Accelerates Growth and Alters Intestinal Health of"
"smleona4","xilin","1","False","Gruel Creep Feeding Accelerates Growth and Alters Intestinal Health of"
"vfellner","xilin","1","False","Gruel Creep Feeding Accelerates Growth and Alters Intestinal Health of"
"aaysu","paulf","1","False","FAXID: FPGA-Accelerated XGBoost Inference for Data Centers using HLS"
"aybozkur","dlrober4","5","False","Comparing Accelerometry and Depth Sensing-Based Computer Vision for Ca|Preliminary Evaluation of a System with On-Body and Aerial Sensors for|Spatial and Temporal Analytic Pipeline for Evaluation of Potential Gui"
"ahajbab","gflist","1","False","Testing Connected Vehicle-Based Accident Mitigation for Red-Light Viol"
"ahaque3","ascafur","1","False","Mutual Accountability Layer: Accountable Anonymity Within Accountable "
"csgalik","jsbaker4","2","True","Crediting temporary forest carbon: Retrospective and empirical perspec|When burning wood to generate energy makes climate sense"
"arricha3","rleon","2","False","<i>Brassica carinata</i> nutrient accumulation and partitioning across|Critical period of grass weed control in ALS-tolerant grain sorghum (S"
"khan6","rasdorf","1","False","Assessment and Prediction of Impact of Flight Configuration Factors on"
"richardv","spark","2","False","Toughened Renewable Bio-polyester Blends Achieved through Crystallizat|Effect of ash in paper sludge on enzymatic hydrolysis"
"chsiao2","khan","2","False","Microstructural Defects of Epoxy–Phenolic Polymers on Metal Substrates|Molecular structure effects on the mechanisms of corrosion protection "
"dofreyte","khan","1","False","High-Axial-Aspect Tannic Acid Microparticles Facilitate Gelation and I"
"caharms","kdange","2","True","Whole Blood Fatty Acid Profiles of Cold-Stunned Juvenile Green, Kemp’s|Comparison of Whole Blood Fatty Acid Profiles between Lionfish (Pteroi"
"dfcall","fldelosr","1","False","Influence of Inoculum Type on Volatile Fatty Acid and Methane Producti"
"japiedra","rashirwa","1","True","Multiscale Anisotropic Tissue Biofabrication via Bulk Acoustic Pattern"
"fyyamane","ooralka","2","False","A Handheld Imaging Probe for Acoustic Angiography With an Ultrawideban|A pre-charged CMUT structure with a built-in charge storage capacitor"
"mchi","tmbarnes","4","False","Mixing Backward- with Forward-Chaining for Metacognitive Skill Acquisi|The Impact of Batch Deep Reinforcement Learning on Student Performance|Enhancing a student productivity model for adaptive problem-solving as"
"xliu68","xwang97","1","False","Prioritize biologically relevant ions for data-independent acquisition"
"agrinba","tghashg","1","True","Illumination angle correction during image acquisition in light-sheet "
"gkennedy","lkhanley","1","False","Vector acquisition and co-inoculation of two plant viruses influences "
"dlgray2","trjones8","1","False","Urban Middle Schoolers’ Opportunities to Belong Predict Fluctuations i"
"alwoodle","lcolpog","1","False","Distribution and Fractionation of Zinc and Copper in Poultry Litters A"
"alwoodle","sbkulesz","3","False","Distribution and Fractionation of Zinc and Copper in Poultry Litters A|Organic nitrogen fertilizer sources for field production of flue‐cured|Effects of Nitrogen Source and Rate on Soybean Yield and Quality"
"lcolpog","sbkulesz","2","False","Distribution and Fractionation of Zinc and Copper in Poultry Litters A|Critical soil test values of phosphorus and potassium for soybean and "
"hmitaso","rkmeente","2","True","Predicting flood damage probability across the conterminous United Sta|Rapid-DEM: Rapid Topographic Updates through Satellite Change Detectio"
"ddreisig","gkennedy","5","False","Evaluating invasion risk and population dynamics of the brown marmorat|Standardized Field Trials in Cotton and Bioassays to Evaluate Resistan|Temperature-driven differences in phenology and habitat suitability fo"
"ddreisig","jwalgenb","2","False","Evaluating invasion risk and population dynamics of the brown marmorat|Temperature-driven differences in phenology and habitat suitability fo"
"gkennedy","jwalgenb","3","False","Evaluating invasion risk and population dynamics of the brown marmorat|Temperature-driven differences in phenology and habitat suitability fo|Western flower thrips (Frankliniella occidentalis) field resistance to"
"csayde","nnelson4","1","False","Characterizing soil water content variability across spatial scales fr"
"jayscue","ldfusare","1","False","Equity and Early Implementation of the Every Student Succeeds Act in S"
"efpearso","lvschnab","1","False","A call to action for veterinarians and partners in animal health to co"
"fscholl","jmgluck","1","True","A standardized procedure for quantitative evaluation of residual viral"
"fscholl","kmathur","1","True","A standardized procedure for quantitative evaluation of residual viral"
"fscholl","rbormond","1","True","A standardized procedure for quantitative evaluation of residual viral"
"jmgluck","kmathur","1","False","A standardized procedure for quantitative evaluation of residual viral"
"jmgluck","rbormond","1","False","A standardized procedure for quantitative evaluation of residual viral"
"kmathur","rbormond","1","False","A standardized procedure for quantitative evaluation of residual viral"
"dasalvi","shall5","1","False","Physicochemical properties and antimicrobial impacts of plasma‐activat"
"aneilso","mlila","2","False","Enhancing the Cognitive Effects of Flavonoids With Physical Activity: |Bioaccessibility and intestinal cell uptake of carotenoids and chlorop"
"jastern","rhli2","1","False","Platelet Priming and Activation in Naturally Occurring Thermal Burn In"
"jastern","yueda","2","False","Platelet Priming and Activation in Naturally Occurring Thermal Burn In|Ambulatory electrocardiography, heart rate variability, and pharmacolo"
"rhli2","yueda","1","False","Platelet Priming and Activation in Naturally Occurring Thermal Burn In"
"bjsheaha","cmtherio","1","False","Prolonged oral antimicrobial administration prevents doxorubicin-induc"
"hubbe","lalucia","1","False","Evidence for antimicrobial activity in hemp hurds and lignin-containin"
"hubbe","lpal","2","False","Evidence for antimicrobial activity in hemp hurds and lignin-containin|Molded pulp products for sustainable packaging: Production rate challe"
"lalucia","lpal","3","False","Evidence for antimicrobial activity in hemp hurds and lignin-containin|A Critical Review of the Performance and Soil Biodegradability Profile|A systematic examination of the dynamics of water-cellulose interactio"
"nsharm23","xjiang5","1","False","Development of a wearable ultrasound transducer for sensing muscle act"
"jsking5","mmaguilo","5","False","Effects of Spatial Variability and Drainage on Extracellular Enzyme Ac|Integrating Short Rotation Woody Crops into Conventional Agricultural |Water use of short-rotation coppice American sycamore (Platanus occide"
"amhardis","jnbocarr","1","True","“I have to be the example”: Motherhood as a lens for understanding phy"
"oyozalti","ruzsoy","2","False","Coordination of manufacturing and engineering activities during produc|Managing Product Transitions: A Bilevel Programming Approach"
"jvveliad","sbhatta4","4","False","A New Switching Strategy for a GaN-based Three-Level Active Neutral Po|A SiC based Two-Stage Pulsed Power Converter System for Laser Diode Dr|Design Considerations of Multi-Phase Multilevel Inverters for High-Pow"
"cebarbie","elseekam","1","False","Actor-network theory and organizational resilience to climate change i"
"ajbandod","mddickey","1","False","A Soft Wearable Microfluidic Patch with Finger-Actuated Pumps and Valv"
"mjlewis","njolby","1","False","ACVIM</scp> consensus statement on diagnosis and management of acute c"
"amgrunde","kstapel","1","True","Plasma‐driven biocatalysis: In situ hydrogen peroxide production with "
"amgrunde","lmquesad","1","False","Plasma‐driven biocatalysis: In situ hydrogen peroxide production with "
"kstapel","lmquesad","1","True","Plasma‐driven biocatalysis: In situ hydrogen peroxide production with "
"bakram","tmbarnes","3","False","Adaptive Immediate Feedback for Block-Based Programming: Design and Ev|Exploring Design Choices to Support Novices' Example Use During Creati|Increasing Students' Persistence in Computer Science through a Lightwe"
"bakram","twprice","3","False","Adaptive Immediate Feedback for Block-Based Programming: Design and Ev|Exploring Design Choices to Support Novices' Example Use During Creati|Increasing Students' Persistence in Computer Science through a Lightwe"
"tmbarnes","twprice","4","False","Adaptive Immediate Feedback for Block-Based Programming: Design and Ev|Case Studies on the Use of Storyboarding by Novice Programmers|Exploring Design Choices to Support Novices' Example Use During Creati"
"icarbon","jtascenc","1","False","Rapid Multilocus Adaptation of Clonal Cabbage Leaf Curl Virus Populati"
"cwong9","dzbaron","3","False","Modeling of Adaptive Receiver Performance Using Generative Adversarial|RxGAN: Modeling High-Speed Receiver through Generative Adversarial Net|Mismatched Estimation in the Distance Geometry Problem"
"cwong9","paulf","2","False","Modeling of Adaptive Receiver Performance Using Generative Adversarial|RxGAN: Modeling High-Speed Receiver through Generative Adversarial Net"
"cwong9","twu19","2","False","Modeling of Adaptive Receiver Performance Using Generative Adversarial|RxGAN: Modeling High-Speed Receiver through Generative Adversarial Net"
"dzbaron","paulf","2","False","Modeling of Adaptive Receiver Performance Using Generative Adversarial|RxGAN: Modeling High-Speed Receiver through Generative Adversarial Net"
"dzbaron","twu19","2","False","Modeling of Adaptive Receiver Performance Using Generative Adversarial|RxGAN: Modeling High-Speed Receiver through Generative Adversarial Net"
"paulf","twu19","2","False","Modeling of Adaptive Receiver Performance Using Generative Adversarial|RxGAN: Modeling High-Speed Receiver through Generative Adversarial Net"
"ajawad","hzhou","1","False","Adaptive Security Support for Heterogeneous Memory on GPUs"
"hsu4","nsharm23","1","False","Editorial: Next Generation User-Adaptive Wearable Robots"
"hsheese","kay","1","True","Designing a manufacturing network with additive manufacturing using st"
"jjpawlak","richardv","3","False","Materials challenges and opportunities to address growing micro/nanopl|High-performance sustainable tissue paper from agricultural residue: a|Microfiber shedding from nonwoven materials including wipes and meltbl"
"ahjhala","jegoodwi","1","True","A Digital Communication Twin for Addressing Misinformation: Vision, Ch"
"ahjhala","mpsingh","1","False","A Digital Communication Twin for Addressing Misinformation: Vision, Ch"
"ahjhala","ycheng20","1","True","A Digital Communication Twin for Addressing Misinformation: Vision, Ch"
"jegoodwi","mpsingh","1","True","A Digital Communication Twin for Addressing Misinformation: Vision, Ch"
"jegoodwi","ycheng20","1","False","A Digital Communication Twin for Addressing Misinformation: Vision, Ch"
"mpsingh","ycheng20","1","True","A Digital Communication Twin for Addressing Misinformation: Vision, Ch"
"classen","msharar","2","False","Addressing Nutrient Imbalances in Animal Agriculture Systems|Impacts of utilizing swine lagoon sludge as a composting ingredient"
"lawilli3","tjmenzie","2","False","Dazzle|Do I really need all this work to find vulnerabilities?"
"jahipp","jnbocarr","1","False","Applying Systems Thinking Approaches to Address Preventive Health Fact"
"jahipp","mbedward","1","False","Applying Systems Thinking Approaches to Address Preventive Health Fact"
"jnbocarr","mbedward","2","False","Applying Systems Thinking Approaches to Address Preventive Health Fact|Examination of Ecological Systems Contexts Within a Latino-Based Commu"
"cflynch","sesmith5","3","False","Characterizing Student Development Progress|Designing a Dashboard for Student Teamwork Analysis|Who Uses Office Hours?"
"dasalvi","nmlavoin","1","True","Cold atmospheric pressure plasma for the sanitation of conveyor belt m"
"amaity","choyo","1","False","Maternal Mediterranean Diet Adherence and Its Associations with Matern"
"mkpeed","rlbayles","2","False","Withaferin A Inhibits Neutrophil Adhesion, Migration, and Respiratory |Investigation of plasma cell-free DNA as a potential biomarker in hors"
"efimenko","jgenzer","4","False","Controlling PA6/PET adhesion to facilitate interfacial fracture|Potent Antibacterial Composite Nonwovens Functionalized with Bioactive|PDMS networks meet barnacles: a complex and often toxic relationship"
"knivanov","mnavramo","6","False","Extending a low-order inhomogeneous adjoint equations model to a highe|Quantification of the Importance of the Modeling Fidelity in the Best |Development of a High-Fidelity Multi-Physics Coupling Between MCNP6.2 "
"japiedra","kmathews","1","False","The use of autologous skeletal muscle progenitor cells for adjunctive "
"japiedra","slvaden","1","False","The use of autologous skeletal muscle progenitor cells for adjunctive "
"kmathews","slvaden","1","False","The use of autologous skeletal muscle progenitor cells for adjunctive "
"galewbar","sozawa","1","False","Intravenous regional antibiotic perfusion as an adjunctive therapy to "
"bjreich","syang24","5","False","Spectral adjustment for spatial confounding|A spatial causal analysis of wildland fire-contributed PM2.5 using num|Discussion on “Spatial+: A novel approach to spatial confounding” by D"
"hhuang11","mliu10","7","False","Admittance Control Based Human-in-the-Loop Optimization for Hip Exoske|Is there a trade-off between economy and task goal variability in tran|A simplified model for whole-body angular momentum calculation"
"apgriesh","emzechma","1","False","Customer complaint management and smart technology adoption by communi"
"hlee33","yxu11","3","False","Influence of motivational orientations on consumers’ adoption of virtu|Consumer Motivations for Luxury Fashion Rental: A Second-Order Factor |Virtual Fitting Rooms for Online Apparel Shopping: An Exploration of C"
"pkolar","shall5","2","False","Nitrogen-doped biochars as adsorbents for mitigation of heavy metals a|Effect of Surface Modification by Oxygen-Enriched Chemicals on the Sur"
"kdembek","klhepwor","2","False","Comparison of Fluid Analysis and Cytologic Findings of Cerebrospinal F|Comparison of thoracic ultrasonography and thoracic radiography betwee"
"kdembek","ncnelso2","1","False","Comparison of thoracic ultrasonography and thoracic radiography betwee"
"klhepwor","ncnelso2","1","False","Comparison of thoracic ultrasonography and thoracic radiography betwee"
"caharms","galewbar","1","False","Perspective: Opportunities for advancing aquatic invertebrate welfare"
"narayan","rjnaraya","5","False","Laser-patterned carbon coatings on flexible and optically transparent |Formation of Q-carbon with wafer scale integration|Effect of oxygen and fluorine plasma surface treatment of silicon‐inco"
"megruen","njolby","4","False","Canine Geriatric Syndrome: A Framework for Advancing Research in Veter|Static posturography as a novel measure of the effects of aging on pos|Relationship between hearing, cognitive function, and quality of life "
"fedkiw","odvelev","2","False","Applications of Soft Dendritic Colloids in Li-Ion Batteries with Advan|Structure–Performance Relationships of Li-Ion Battery Fiber-Based Sepa"
"acgurbuz","szgurbuz","2","False","Effect of Kinematics and Fluency in Adversarial Synthetic Data Generat|Performance Comparison of Radar and Video for American Sign Language R"
"elseekam","wgknolle","1","False","Strategies for building diverse tourism advocates"
"jhstewar","jnpearso","1","False","Best FACES Forward: Outcomes of an Advocacy Intervention for Black Par"
"mbreiski","mhreiski","1","True","Life‐history stage and the population genetics of the tiger mosquito <"
"bafloyd","iguvenc","3","False","National Radio Dynamic Zone Concept with Autonomous Aerial and Ground |The AERPAW Experiment Workflow - Considerations for Designing Usage Mo|Automating Operator Oversight in an Autonomous, Regulated, Safety-Crit"
"bafloyd","mlsichit","3","False","National Radio Dynamic Zone Concept with Autonomous Aerial and Ground |The AERPAW Experiment Workflow - Considerations for Designing Usage Mo|Automating Operator Oversight in an Autonomous, Regulated, Safety-Crit"
"bafloyd","oozdemi","1","False","National Radio Dynamic Zone Concept with Autonomous Aerial and Ground "
"bafloyd","rdutta","3","False","National Radio Dynamic Zone Concept with Autonomous Aerial and Ground |The AERPAW Experiment Workflow - Considerations for Designing Usage Mo|Automating Operator Oversight in an Autonomous, Regulated, Safety-Crit"
"iguvenc","rdutta","4","False","National Radio Dynamic Zone Concept with Autonomous Aerial and Ground |AERPAW Vehicles|The AERPAW Experiment Workflow - Considerations for Designing Usage Mo"
"mlsichit","rdutta","4","False","National Radio Dynamic Zone Concept with Autonomous Aerial and Ground |AERPAW Vehicles|The AERPAW Experiment Workflow - Considerations for Designing Usage Mo"
"oozdemi","rdutta","1","False","National Radio Dynamic Zone Concept with Autonomous Aerial and Ground "
"ahk","iguvenc","1","False","Neural Network Based Tracking of Maneuvering Unmanned Aerial Vehicles"
"aybozkur","twu19","1","False","Preliminary Evaluation of a System with On-Body and Aerial Sensors for"
"dlrober4","twu19","1","False","Preliminary Evaluation of a System with On-Body and Aerial Sensors for"
"agopalar","mbryant","1","False","Leading-edge-vortex tailoring on unsteady airfoils using an inverse ae"
"khan","thlabean","1","False","DNA aerogels and DNA-wrapped CNT aerogels for neuromorphic application"
"classen","lwang5","3","False","Performance of a Thermodynamic Model for Predicting Inorganic Aerosols|Impacts of Air Velocity Treatments under Summer Conditions: Part II—He|Impacts of Air Velocity Treatments under Summer Condition: Part I—Heav"
"fisik","tdwalke2","2","False","Pollination Bag Type Affects Ovule Development and Seed Yields in<i>Pi|Long-term evaluation of intra- and inter-provenance hybrids of lobloll"
"dofreyte","japiedra","1","True","Donor Age and Time in Culture Affect Dermal Fibroblast Contraction in "
"rcrespo","rrkulkar","2","False","Enumeration and speciation of coccidia affecting turkeys using flow cy|Characterization of vaccine-induced immune responses against coccidios"
"hall","smenega","1","False","De novo discovery of peptide-based affinity ligands for the fab fragme"
"khan","lpal","2","True","Wrap-and-plant technology to manage sustainably potato cyst nematodes |Creating hierarchically porous banana paper-metal organic framework (M"
"lhoggar","vvvolpe","1","False","“Now I just need something sweet”: Racism, emotional eating, and healt"
"glmille3","srmilla","2","False","Evaluation of South African common bermudagrass germplasm for shade to|Fall establishment of zoysiagrass on roadsides in the U.S. transition "
"kdange","vfellner","1","False","Observable Metabolites and Metabolomic Sampling Protocols for Managed "
"alstiele","lmgonza4","2","False","Culture of equine intestinal epithelial stem cells after delayed tissu|Orthotopic Transplantation of the Full-length Porcine Intestine After "
"alstiele","camckinn","1","False","Orthotopic Transplantation of the Full-length Porcine Intestine After "
"camckinn","lmgonza4","1","False","Orthotopic Transplantation of the Full-length Porcine Intestine After "
"ccgoller","clgordy","1","False","Hands-on immunology: Engaging learners of all ages through tactile tea"
"ccgoller","mlsikes","1","False","Hands-on immunology: Engaging learners of all ages through tactile tea"
"ccgoller","mvramire","1","False","Hands-on immunology: Engaging learners of all ages through tactile tea"
"clgordy","mlsikes","1","False","Hands-on immunology: Engaging learners of all ages through tactile tea"
"clgordy","mvramire","1","False","Hands-on immunology: Engaging learners of all ages through tactile tea"
"mlsikes","mvramire","1","False","Hands-on immunology: Engaging learners of all ages through tactile tea"
"bsunderw","cahintz","4","False","Effect of laboratory oxidative aging on dynamic shear rheometer measur|Evaluation of Recycling Agent and Extender Dosage Selection Procedures|Correlation of asphalt binder linear viscoelasticity (LVE) parameters "
"dcmuddim","kbadler","1","True","Phosphorylation-dependent proteome of Marcks in ependyma during aging "
"dcmuddim","tghashg","1","True","Phosphorylation-dependent proteome of Marcks in ependyma during aging "
"kbadler","tghashg","1","False","Phosphorylation-dependent proteome of Marcks in ependyma during aging "
"dxlascel","eghohmei","1","True","Static posturography as a novel measure of the effects of aging on pos"
"dxlascel","ejlobato","1","True","Static posturography as a novel measure of the effects of aging on pos"
"dxlascel","njolby","1","False","Static posturography as a novel measure of the effects of aging on pos"
"eghohmei","ejlobato","1","True","Static posturography as a novel measure of the effects of aging on pos"
"eghohmei","megruen","1","True","Static posturography as a novel measure of the effects of aging on pos"
"eghohmei","njolby","1","True","Static posturography as a novel measure of the effects of aging on pos"
"ejlobato","megruen","1","True","Static posturography as a novel measure of the effects of aging on pos"
"ejlobato","njolby","1","True","Static posturography as a novel measure of the effects of aging on pos"
"cahintz","kim","1","False","Field Calibration and Validation of a Pavement Aging Model"
"ehyland","lezanno","2","False","Age, depositional history, and paleoclimatic setting of Early Cretaceo|Estimating ancient biogeographic patterns with statistical model discr"
"ehyland","tagates","2","False","Age, depositional history, and paleoclimatic setting of Early Cretaceo|Estimating ancient biogeographic patterns with statistical model discr"
"lezanno","tagates","2","False","Age, depositional history, and paleoclimatic setting of Early Cretaceo|Estimating ancient biogeographic patterns with statistical model discr"
"fawrigh2","yzhou19","6","False","Pleiotropic modifiers of age-related diabetes and neonatal intestinal |Leveraging TOPMed imputation server and constructing a cohort-specific|A resource for integrated genomic analysis of the human liver"
"hdwester","megruen","1","False","Use of Cognitive Testing, Questionnaires, and Plasma Biomarkers to Qua"
"hdwester","njolby","1","False","Use of Cognitive Testing, Questionnaires, and Plasma Biomarkers to Qua"
"hashraf2","miorizz","2","False","There and back again; historical perspective and future directions for|Autopolyploid inheritance and a heterozygous reciprocal translocation "
"hashraf2","mlila","2","False","There and back again; historical perspective and future directions for|Autopolyploid inheritance and a heterozygous reciprocal translocation "
"hashraf2","pmperkin","1","False","There and back again; historical perspective and future directions for"
"miorizz","mlila","6","False","There and back again; historical perspective and future directions for|Boosting the Bioaccessibility of Dietary Bioactives by Delivery as Pro|Bioaccessibility and intestinal cell uptake of carotenoids and chlorop"
"miorizz","pmperkin","1","False","There and back again; historical perspective and future directions for"
"mlila","pmperkin","1","False","There and back again; historical perspective and future directions for"
"amikael","coby","1","False","Comparative Efficacy of a Fungal Entomopathogen with a Broad Host Rang"
"gabr","mpourgh","2","False","A new monitoring approach for sustainability assessment of subsurface |Diffusion of benzene and tetrachloroethylene through saturated cement "
"bbcutts","lrlarson","1","False","An antiracist, anticolonial agenda for urban greening and conservation"
"gflist","mpsingh","2","False","Prosocial Norm Emergence in Multi-agent Systems|Moral and social ramifications of autonomous vehicles: a qualitative s"
"aecarso2","lalucia","1","True","A Unique Crustacean-Based Chitin Platform to Reduce Self-Aggregation o"
"aecarso2","rwgonzal","1","True","A Unique Crustacean-Based Chitin Platform to Reduce Self-Aggregation o"
"lalucia","rwgonzal","1","False","A Unique Crustacean-Based Chitin Platform to Reduce Self-Aggregation o"
"alwoodle","jlheitma","1","False","Legume cover crop type and termination method effects on labile soil c"
"alwoodle","screberg","1","False","Legume cover crop type and termination method effects on labile soil c"
"alwoodle","shu4","1","False","Legume cover crop type and termination method effects on labile soil c"
"jlheitma","screberg","1","False","Legume cover crop type and termination method effects on labile soil c"
"jlheitma","shu4","1","False","Legume cover crop type and termination method effects on labile soil c"
"screberg","shu4","2","False","Legume cover crop type and termination method effects on labile soil c|Arbuscular Mycorrhizae Shift Community Composition of N-Cycling Microb"
"cmlewell","ncgoldma","1","False","Aggressive Tax Planning and Labor Investments"
"aybozkur","jlreyno4","3","False","A Multimodal Sensing Platform for Interdisciplinary Research in Agrari|Real-Time Monitoring of Plant Stalk Growth Using a Flexible Printed Ci|Continuous heart rate variability monitoring of freely moving chicken "
"clmarian","mbreen3","1","False","Inter‐pathologist agreement on diagnosis, classification and grading o"
"impeszle","jjpawlak","2","False","High-performance sustainable tissue paper from agricultural residue: a|The tissue dust analysis system: a new device and methodology to quant"
"impeszle","richardv","1","False","High-performance sustainable tissue paper from agricultural residue: a"
"impeszle","rwgonzal","2","False","High-performance sustainable tissue paper from agricultural residue: a|The tissue dust analysis system: a new device and methodology to quant"
"jjpawlak","rwgonzal","5","False","High-performance sustainable tissue paper from agricultural residue: a|Microfiber shedding from nonwoven materials including wipes and meltbl|The tissue dust analysis system: a new device and methodology to quant"
"cebarbie","ktate","2","False","Agricultural and environmental education: a call for meaningful collab|Investigating Predictors of Public- and Private-Sphere Sustainable Beh"
"cebarbie","tdpark","1","True","Agricultural and environmental education: a call for meaningful collab"
"cebarbie","wjwarner","1","True","Agricultural and environmental education: a call for meaningful collab"
"ktate","tdpark","1","True","Agricultural and environmental education: a call for meaningful collab"
"ktate","wgknolle","2","False","Agricultural and environmental education: a call for meaningful collab|Investigating Predictors of Public- and Private-Sphere Sustainable Beh"
"ktate","wjwarner","1","True","Agricultural and environmental education: a call for meaningful collab"
"tdpark","wgknolle","1","True","Agricultural and environmental education: a call for meaningful collab"
"tdpark","wjwarner","1","False","Agricultural and environmental education: a call for meaningful collab"
"wgknolle","wjwarner","1","True","Agricultural and environmental education: a call for meaningful collab"
"jlheitma","jsbaker4","1","True","Integrating Short Rotation Woody Crops into Conventional Agricultural "
"jlheitma","jsking5","3","True","Integrating Short Rotation Woody Crops into Conventional Agricultural |Water use of short-rotation coppice American sycamore (Platanus occide|Environmental and Plant-Derived Controls on the Seasonality and Partit"
"jlheitma","mmaguilo","3","True","Integrating Short Rotation Woody Crops into Conventional Agricultural |Water use of short-rotation coppice American sycamore (Platanus occide|Environmental and Plant-Derived Controls on the Seasonality and Partit"
"jsbaker4","jsking5","1","False","Integrating Short Rotation Woody Crops into Conventional Agricultural "
"jsbaker4","mmaguilo","1","False","Integrating Short Rotation Woody Crops into Conventional Agricultural "
"birgand","mayousse","1","False","Patterns of long-term variations of nitrate concentration – Stream dis"
"dosmond","lcolpog","2","False","Assessing the Agricultural Conservation Planning Framework toolbox in |Critical soil test values of phosphorus and potassium for soybean and "
"jcheng3","wjsagues","1","False","Coupling Circularity With Carbon Negativity in Food and Agriculture Sy"
"jkuzma","kdgriege","2","True","How can we promote the responsible innovation of nano-agrifood researc|Fostering Responsible Innovation through Stakeholder Engagement: Case "
"jlheitma","sscaag","2","False","Comparison of soil particle density determined by a gas pycnometer usi|Evaluation of imazapic and flumioxazin carryover risk for Carinata (<i"
"eadenhar","rbarker","2","False","Effects of Air Gaps on Heat Loss through Firefighter Turnout Composite|Effects of Outer Shell Fabric Color, Smoke Contamination, and Washing "
"eadenhar","xfang3","2","False","Effects of Air Gaps on Heat Loss through Firefighter Turnout Composite|Effects of Outer Shell Fabric Color, Smoke Contamination, and Washing "
"rbarker","xfang3","4","False","Effects of Air Gaps on Heat Loss through Firefighter Turnout Composite|Effects of the moisture barrier and thermal liner components on the he|Relationship between heat loss indexes and physiological indicators of"
"classen","doharris","1","True","Impacts of Air Velocity Treatments under Summer Conditions: Part II—He"
"classen","eooviedo","2","False","Impacts of Air Velocity Treatments under Summer Conditions: Part II—He|Impacts of Air Velocity Treatments under Summer Condition: Part I—Heav"
"doharris","eooviedo","1","True","Impacts of Air Velocity Treatments under Summer Conditions: Part II—He"
"doharris","lwang5","1","True","Impacts of Air Velocity Treatments under Summer Conditions: Part II—He"
"eooviedo","lwang5","2","False","Impacts of Air Velocity Treatments under Summer Conditions: Part II—He|Impacts of Air Velocity Treatments under Summer Condition: Part I—Heav"
"fgarcia4","jjohns24","2","False","Diverse Pathways for Power Sector Decarbonization in Texas Yield Healt|The health and climate benefits of economic dispatchin China’s power s"
"agopalar","jredward","1","False","Low-Order Modeling of Dynamic Stall on Airfoils in Incompressible Flow"
"aseyam","pdbradfo","1","False","Development of hull material for high-altitude airship: A parametric s"
"jabalko","oapetrit","2","False","Intramuscular Alfaxalone–Butorphanol–Midazolam Compared with Ketamine–|Effects of Intramuscular Alfaxalone and Midazolam Compared With Midazo"
"lalucia","nmlavoin","1","False","Green synthesis, characterization, and catalytic application of a supp"
"emzechma","gmkumar","1","False","A Sequential Pressure-Based Algorithm for Data-Driven Leakage Identifi"
"aanevzor","cproulx","1","False","Aligned peptoid-based macrodiscs for structural studies of membrane pr"
"mco","pdbradfo","1","True","Microporous vertically aligned CNT nanocomposites with tunable propert"
"mlmoncad","skomarn","2","False","All Polyphenols Are Not Created Equal: Exploring the Diversity of Phen|Mushrooms as Functional and Nutritious Food Ingredients for Multiple A"
"cmaltec","jjiang26","3","False","Genomic characterization of autozygosity and recent inbreeding trends |Use of Host Feeding Behavior and Gut Microbiome Data in Estimating Var|Exploring methods to summarize gut microbiota composition for microbia"
"jpkerns","macubeta","1","False","In Vitro Fungicide Sensitivity and Effect of Organic Matter Concentrat"
"jpkerns","twgannon","1","False","In Vitro Fungicide Sensitivity and Effect of Organic Matter Concentrat"
"macubeta","twgannon","1","False","In Vitro Fungicide Sensitivity and Effect of Organic Matter Concentrat"
"bkgoodwi","sghosh2","2","True","Generalizing the General: generalizing the CES production function to |Unintended environmental benefits of crop insurance: Nitrogen and phos"
"rbrober2","swkullma","1","False","TCDD alters essential transcriptional regulators of osteogenic differe"
"lvschnab","ncnelso2","1","False","Alterations to the synovial invaginations of the navicular bone are as"
"gwalmond","jboninf","1","False","Altrenogest Supplementation during Early Pregnancy Improves Reproducti"
"dljorda2","rleon","5","False","Effect of cotton herbicide programs on weed population trajectories an|In-field assessment of <i>EPSPS</i> amplification on fitness cost in m|Response of Maize, Cotton, and Soybean to Increased Crop Density in He"
"kmjennin","rleon","2","False","Effect of cotton herbicide programs on weed population trajectories an|Utilization of image-based spectral reflectance to detect herbicide re"
"dljorda2","screberg","2","False","Sweetpotato tolerance and Palmer amaranth control with indaziflam|Evaluation of Sweetpotato Cultivars with Varying Canopy Architectures "
"kmjennin","screberg","2","False","Sweetpotato tolerance and Palmer amaranth control with indaziflam|Evaluation of Sweetpotato Cultivars with Varying Canopy Architectures "
"cwcahoon","dljorda2","1","False","In-field assessment of <i>EPSPS</i> amplification on fitness cost in m"
"cwcahoon","rleon","3","False","In-field assessment of <i>EPSPS</i> amplification on fitness cost in m|Utilization of image-based spectral reflectance to detect herbicide re|Surveying stakeholder’s perception of glufosinate and use in North Car"
"hashraf2","tranney","2","False","Nuclear DNA contents and ploidy levels of North American Vaccinium spe|A first complete phylogenomic hypothesis for diploid blueberries (<i>V"
"eooviedo","pkolar","1","False","Simultaneous Reduction of Thermal Stratification and Ammonia Concentra"
"eooviedo","sbshah3","1","False","Simultaneous Reduction of Thermal Stratification and Ammonia Concentra"
"pkolar","sbshah3","2","False","Simultaneous Reduction of Thermal Stratification and Ammonia Concentra|Can Biochar Improve the Sustainability of Animal Production?"
"dbeggles","drbohnen","1","False","Spatiotemporal Variation in Coral Assemblages and Reef Habitat Complex"
"klmarti3","zholmes","1","False","Call for environmental justice amplification among ecology scholars an"
"clanzas","drasmus","1","True","Epidemiology of Plasmid Lineages Mediating the Spread of Extended-Spec"
"jayoder","mbreen3","1","True","Transcriptome annotation reveals minimal immunogenetic diversity among"
"gbmckenn","slsimon","1","False","Amorphization and Crystallization of Hexanitroazobenzene (HNAB) Using "
"hwu15","xjiang5","8","False","A Dual-Frequency Intravascular Ultrasound Transducer for Amplified Nan|A multi-directional transducer array for muscle shear wave anisotropy |Numerical and experimental evaluation of low‐intensity transcranial fo"
"dxlascel","mwnolan","1","False","Intensity of perioperative analgesia but not pre‐treatment pain is pre"
"aneilso","miorizz","1","False","Bioaccessibility and intestinal cell uptake of carotenoids and chlorop"
"bmmorten","gabr","5","False","Sensitivity Analyses of Hypoplastic Model Parameters to Simulate the S|Framework for a reliability-based analysis of local scour and its effe|Estimating live-bed local scour around bridge piers in cohesionless se"
"fjlouws","hashraf2","1","False","RNA-Seq and Gene Regulatory Network Analyses Uncover Candidate Genes i"
"fjlouws","rsozzan","1","False","RNA-Seq and Gene Regulatory Network Analyses Uncover Candidate Genes i"
"hashraf2","rsozzan","1","False","RNA-Seq and Gene Regulatory Network Analyses Uncover Candidate Genes i"
"jlburne5","jmpolla3","2","True","A systematic review and meta-analysis of growth mindset interventions:|A systematic review of growth mindset intervention implementation stra"
"cflynch","tmbarnes","1","False","Designing a Dashboard for Student Teamwork Analysis"
"sesmith5","tmbarnes","1","False","Designing a Dashboard for Student Teamwork Analysis"
"jljone21","kdgriege","1","True","Development and application of screening-level risk analysis for emerg"
"asaibab","bjreich","1","False","Kryging: geostatistical analysis of large-scale datasets using Krylov "
"fli5","lmneal2","3","False","Autothermal Chemical Looping Oxidative Dehydrogenation of Ethane: Redo|Methane Catalytic Pyrolysis by Microwave and Thermal Heating over Carb|Redox oxide@molten salt as a generalized catalyst design strategy for "
"gefernan","pmperkin","1","False","Analysis of a Multi-Environment Trial for Black Raspberry (Rubus occid"
"jmgray2","rparaju","1","False","Spatial Analysis of Forest Product Manufacturers in North Carolina"
"ahuerta","wliu25","1","False","Identification of Novel Genomic Regions for Bacterial Leaf Pustule (BL"
"lxiao5","wlu4","1","False","Functional Data Analysis for Longitudinal Data with Informative Observ"
"astaicu","wmrand","1","True","Classification of social media users with generalized functional data "
"dgkamper","hhuang11","3","False","Sensitivity analysis guided improvement of an electromyogram-driven lu|Offline Evaluation Matters: Investigation of the Influence of Offline |Resembled Tactile Feedback for Object Recognition Using a Prosthetic H"
"dgkamper","ksaul","1","False","Sensitivity analysis guided improvement of an electromyogram-driven lu"
"hhuang11","ksaul","1","False","Sensitivity analysis guided improvement of an electromyogram-driven lu"
"aafox","cubbage","1","True","Geospatial Analysis and Land Suitability for “FloodWise” Practices: Na"
"aafox","mebaldw2","3","False","Geospatial Analysis and Land Suitability for “FloodWise” Practices: Na|Estimating Changes in Peak Flow and Associated Reductions in Flooding |The flood reduction and water quality impacts of watershed-scale natur"
"aafox","tmklondi","3","False","Geospatial Analysis and Land Suitability for “FloodWise” Practices: Na|Estimating Changes in Peak Flow and Associated Reductions in Flooding |The flood reduction and water quality impacts of watershed-scale natur"
"cubbage","mebaldw2","1","True","Geospatial Analysis and Land Suitability for “FloodWise” Practices: Na"
"cubbage","tmklondi","1","True","Geospatial Analysis and Land Suitability for “FloodWise” Practices: Na"
"mebaldw2","tmklondi","3","False","Geospatial Analysis and Land Suitability for “FloodWise” Practices: Na|Estimating Changes in Peak Flow and Associated Reductions in Flooding |The flood reduction and water quality impacts of watershed-scale natur"
"ahjhala","fsantos2","1","True","Characterizing the perception of urban spaces from visual analytics of"
"ahjhala","tmberret","1","True","Characterizing the perception of urban spaces from visual analytics of"
"fsantos2","tmberret","1","True","Characterizing the perception of urban spaces from visual analytics of"
"apmazzol","mbryant","5","False","Analytical wake model for coaxial dual-rotor turbines|Autonomous Closed-Loop Experimental Characterization and Dynamic Model|Increased Energy Conversion with a Horizontal Axis Turbine in Translat"
"aybozkur","dxlascel","1","True","Spatial and Temporal Analytic Pipeline for Evaluation of Potential Gui"
"aybozkur","menomot","1","True","Spatial and Temporal Analytic Pipeline for Evaluation of Potential Gui"
"dlrober4","dxlascel","1","True","Spatial and Temporal Analytic Pipeline for Evaluation of Potential Gui"
"dlrober4","menomot","1","True","Spatial and Temporal Analytic Pipeline for Evaluation of Potential Gui"
"blkirkma","jmpolla3","1","False","The relationship of self-efficacy with entrepreneurial success: A meta"
"jfwoodbr","kenartke","1","False","The Impact of Emergency Remote Learning on a Studio Curriculum Analyze"
"drasmus","icarbon","2","False","Recombination-aware Phylogeographic Inference Using the Structured Coa|Recombination-aware phylogeographic inference using the structured coa"
"jcolehu","mwking2","1","True","Comparison of the mechanical properties and anchoring performance of p"
"eghohmei","ehyland","1","False","Estimating ancient biogeographic patterns with statistical model discr"
"eghohmei","lezanno","1","False","Estimating ancient biogeographic patterns with statistical model discr"
"eghohmei","tagates","1","False","Estimating ancient biogeographic patterns with statistical model discr"
"choyo","jytzeng","1","False","Duration of exposure to epidural anesthesia at delivery, DNA methylati"
"jeapen","scshanno","1","False","Comparison of glancing-angle scatterings on different materials in a h"
"cfcastro","shall5","1","False","Effects of Shell Hash on Friction Angles of Surficial Seafloor Sedimen"
"aybozkur","cwong9","1","False","Contact-Free Simultaneous Sensing of Human Heart Rate and Canine Breat"
"cwong9","dlrober4","1","False","Contact-Free Simultaneous Sensing of Human Heart Rate and Canine Breat"
"damarks","gsseiler","1","False","A Platelet-Rich Plasma-Derived Biologic Clears Staphylococcus aureus B"
"damarks","lvschnab","1","False","A Platelet-Rich Plasma-Derived Biologic Clears Staphylococcus aureus B"
"gsseiler","lvschnab","1","False","A Platelet-Rich Plasma-Derived Biologic Clears Staphylococcus aureus B"
"aakedrow","efpearso","1","False","Exploring companion animal caretakers' attitudes, perceptions and beha"
"jgrimes","msharar","1","False","Can Biochar Improve the Sustainability of Animal Production?"
"jgrimes","pkolar","1","False","Can Biochar Improve the Sustainability of Animal Production?"
"jgrimes","sbshah3","1","False","Can Biochar Improve the Sustainability of Animal Production?"
"msharar","pkolar","1","False","Can Biochar Improve the Sustainability of Animal Production?"
"msharar","sbshah3","2","False","Can Biochar Improve the Sustainability of Animal Production?|Impacts of utilizing swine lagoon sludge as a composting ingredient"
"ecrisci","jodle","1","True","The health benefits of selenium in food animals: a review"
"gefernan","hashraf2","1","False","A chromosome-length genome assembly and annotation of blackberry (<i>R"
"drobenou","jwmille7","1","False","Contrasting Annual and Summer Phosphorus Export Using a Hybrid Bayesia"
"drobenou","sarumug","1","False","Contrasting Annual and Summer Phosphorus Export Using a Hybrid Bayesia"
"jwmille7","sarumug","1","False","Contrasting Annual and Summer Phosphorus Export Using a Hybrid Bayesia"
"leung","lrlarson","1","False","Tourists’ motivations, learning, and trip satisfaction facilitate pro-"
"drbohnen","kwwegman","2","False","Channel head response to anthropogenic landscape modification: A case |A Morphometric Investigation of Large‐Scale Crustal Shortening on Mars"
"atbliksl","ccjacob5","1","False","Non‐steroidal anti‐inflammatory drugs in equine orthopaedics"
"atbliksl","lvschnab","1","False","Non‐steroidal anti‐inflammatory drugs in equine orthopaedics"
"ccjacob5","lvschnab","2","False","Non‐steroidal anti‐inflammatory drugs in equine orthopaedics|Tendon sheath masses – What are the differential diagnoses and what di"
"cbgorman","jgenzer","1","True","Degradable Anti-Biofouling Polyester Coatings with Controllable Lifeti"
"baran","smlukic","1","False","Assessment of Anti-Islanding Schemes on a Distribution System with Hig"
"aecarso2","amelsha","1","True","Plasma-Induced Diallyldimethylammonium Chloride Antibacterial Hernia M"
"aecarso2","jmgluck","2","True","Plasma-Induced Diallyldimethylammonium Chloride Antibacterial Hernia M|Effects of sterilization methods on gelatin methacryloyl hydrogel prop"
"aecarso2","mwking2","2","True","Plasma-Induced Diallyldimethylammonium Chloride Antibacterial Hernia M|Effects of sterilization methods on gelatin methacryloyl hydrogel prop"
"amelsha","jmgluck","1","False","Plasma-Induced Diallyldimethylammonium Chloride Antibacterial Hernia M"
"amelsha","mwking2","1","False","Plasma-Induced Diallyldimethylammonium Chloride Antibacterial Hernia M"
"jmgluck","mwking2","2","False","Plasma-Induced Diallyldimethylammonium Chloride Antibacterial Hernia M|Effects of sterilization methods on gelatin methacryloyl hydrogel prop"
"efimenko","khan","1","False","Potent Antibacterial Composite Nonwovens Functionalized with Bioactive"
"efimenko","smenega","1","False","Potent Antibacterial Composite Nonwovens Functionalized with Bioactive"
"jgenzer","khan","3","False","Potent Antibacterial Composite Nonwovens Functionalized with Bioactive|Self-healing and repair of fabrics: A comprehensive review of the appl|Nonwoven Membranes with Infrared Light-Controlled Permeability"
"jgenzer","smenega","3","False","Potent Antibacterial Composite Nonwovens Functionalized with Bioactive|Self-healing and repair of fabrics: A comprehensive review of the appl|Nonwoven Membranes with Infrared Light-Controlled Permeability"
"khan","smenega","3","False","Potent Antibacterial Composite Nonwovens Functionalized with Bioactive|Self-healing and repair of fabrics: A comprehensive review of the appl|Nonwoven Membranes with Infrared Light-Controlled Permeability"
"jaosborn","jwolson","1","False","Differences in the Propensity of Different Antimicrobial Resistance De"
"hlee33","japorter","1","False","Virtual Fitting Rooms for Online Apparel Shopping: An Exploration of C"
"japorter","yxu11","1","False","Virtual Fitting Rooms for Online Apparel Shopping: An Exploration of C"
"cfcastro","lsguerta","2","False","Guidance on Applied Pressure Heads for Quantifying Cohesive Soil Erodi|Perspective: Lessons Learned, Challenges, and Opportunities in Quantif"
"cwcahoon","gdcollin","1","False","HPPD-resistant cotton response to isoxaflutole applied preemergence an"
"jmgluck","pdbradfo","1","False","Electrospun Carbon Nanotube-Based Scaffolds Exhibit High Conductivity "
"lalucia","odvelev","1","True","A Critical Review of the Performance and Soil Biodegradability Profile"
"lpal","odvelev","1","True","A Critical Review of the Performance and Soil Biodegradability Profile"
"jryu","khan","2","False","Template‐Free Scalable Fabrication of Linearly Periodic Microstructure|Fabrication of Bioinspired Micro/Nano-Textured Surfaces Through Scalab"
"jryu","yzhu7","2","False","Template‐Free Scalable Fabrication of Linearly Periodic Microstructure|Template-free scalable fabrication of linearly periodic microstructure"
"jryu","zikry","2","False","Template‐Free Scalable Fabrication of Linearly Periodic Microstructure|Template-free scalable fabrication of linearly periodic microstructure"
"khan","yzhu7","1","False","Template‐Free Scalable Fabrication of Linearly Periodic Microstructure"
"khan","zikry","1","False","Template‐Free Scalable Fabrication of Linearly Periodic Microstructure"
"yzhu7","zikry","2","False","Template‐Free Scalable Fabrication of Linearly Periodic Microstructure|Template-free scalable fabrication of linearly periodic microstructure"
"bgilger","jmgluck","1","True","Induced Pluripotent Stem Cell-Derived Corneal Cells: Current Status an"
"enford","jgenzer","1","True","Self-healing and repair of fabrics: A comprehensive review of the appl"
"enford","khan","1","True","Self-healing and repair of fabrics: A comprehensive review of the appl"
"enford","smenega","1","True","Self-healing and repair of fabrics: A comprehensive review of the appl"
"enlooper","jlheitma","1","False","Influence of compost application rate on nutrient and heavy metal mobi"
"aamassi","dsun4","1","True","A Universal Cosolvent Evaporation Strategy Enables Direct Printing of "
"alwoodle","rlcook","1","True","Evaluation of synthetic hydroxyapatite as a potential phosphorus ferti"
"jahoppin","knappe","2","True","Source apportionment of serum PFASs in two highly exposed communities|Drinking Water–Associated PFAS and Fluoroethers and Lipid Outcomes in "
"knappe","nkotlar","2","False","Source apportionment of serum PFASs in two highly exposed communities|Drinking Water–Associated PFAS and Fluoroethers and Lipid Outcomes in "
"ebbreits","rgmaggi","3","False","Using Proteomic Approaches to Unravel the Response of Ctenocephalides |Bartonella henselae Recombinant Pap31 for the Diagnosis of Canine and |Prospective serological and molecular cross-sectional study focusing o"
"csayde","jlheitma","1","False","High‐Resolution Field Measurement of Soil Heat Capacity and Changes in"
"dpgenere","knappe","2","True","Improved Darcian streambed measurements to quantify flux and mass disc|Per- and polyfluoroalkyl substances (PFAS) in river discharge: Modelin"
"ddreisig","dljorda2","1","False","Examples of Risk Tools for Pests in Peanut (<i>Arachis hypogaea</i>) D"
"agorny","dljorda2","1","False","A Risk Tool and Production Log Created using Microsoft Excel to Manage"
"agorny","jcdunne","1","False","A Risk Tool and Production Log Created using Microsoft Excel to Manage"
"dljorda2","jcdunne","1","False","A Risk Tool and Production Log Created using Microsoft Excel to Manage"
"jkpacifi","mnpeters","1","False","Economic contributions of wildlife management areas in North Carolina"
"jkpacifi","moorman","1","False","Economic contributions of wildlife management areas in North Carolina"
"mnpeters","moorman","1","False","Economic contributions of wildlife management areas in North Carolina"
"amlocke2","dljorda2","2","False","Response of Maize, Cotton, and Soybean to Increased Crop Density in He|Crop physiological considerations for combining variable-density plant"
"amlocke2","rleon","2","False","Response of Maize, Cotton, and Soybean to Increased Crop Density in He|Crop physiological considerations for combining variable-density plant"
"bgreaves","lawilli3","1","False","What are the Practices for Secret Management in Software Artifacts?"
"klfelder","rmjetton","1","False","Phenology and Voltinism of Emerald Ash Borer (Coleoptera: Buprestidae)"
"icarbon","pojiamb","2","False","Development of sexual structures influences metabolomic and transcript|Dataset for transcriptomic profiles associated with development of sex"
"icarbon","rheinig","1","False","Asymmetrical lineage introgression and recombination in populations of"
"mjknuth","swkullma","1","True","Confirmation of high-throughput screening data and novel mechanistic i"
"cjdohert","dmnielse","1","True","Assessing the Nucleotide-Level Impact of Spaceflight Stress using RNA-"
"amlynch3","jabalko","1","False","Point-of-care viscoelastic coagulation assessment in healthy dogs duri"
"hhuang11","jfeng2","1","True","Standing and Walking Attention Visual Field (SWAVF) task: A new method"
"jfeng2","mliu10","1","True","Standing and Walking Attention Visual Field (SWAVF) task: A new method"
"caharms","jabuckel","1","True","Evaluation of six methods for external attachment of electronic tags t"
"caharms","tbenhor","1","False","Evaluation of six methods for external attachment of electronic tags t"
"jabuckel","tbenhor","1","True","Evaluation of six methods for external attachment of electronic tags t"
"galewbar","hdwester","1","False","Conservation of a flagship species: Health assessment of the pink land"
"agupta1","gproest","1","False","Performance-Based Characterization and Quantification of Uncertainty i"
"ljunruh","rleon","1","False","Assessing weediness potential of Brassica carinata (A.) Braun in the s"
"ljunruh","screberg","1","False","Assessing weediness potential of Brassica carinata (A.) Braun in the s"
"tsmorril","udur","1","False","Family ties: School assignment with siblings"
"tsmorril","wphan","1","False","Family ties: School assignment with siblings"
"udur","wphan","1","False","Family ties: School assignment with siblings"
"bbcutts","gsmith5","1","True","Equity in FEMA hazard mitigation assistance programs: The role of stat"
"llbrongo","lrlarson","1","False","Factors associated with human tolerance of snakes in the southeastern "
"llbrongo","mnpeters","1","False","Factors associated with human tolerance of snakes in the southeastern "
"bcallah","rgmaggi","1","False","Identification of microbial taxa present in Ctenocephalides felis (cat"
"ncnelso2","sozawa","1","False","MRI findings associated with clinical presentation and histopathology "
"bcallah","jytzeng","1","True","Phylogeny-guided microbiome OTU-specific association test (POST)"
"bcallah","wlu4","1","True","Phylogeny-guided microbiome OTU-specific association test (POST)"
"bcallah","xpeng5","1","False","Phylogeny-guided microbiome OTU-specific association test (POST)"
"jytzeng","wlu4","1","False","Phylogeny-guided microbiome OTU-specific association test (POST)"
"jytzeng","xpeng5","1","True","Phylogeny-guided microbiome OTU-specific association test (POST)"
"wlu4","xpeng5","1","True","Phylogeny-guided microbiome OTU-specific association test (POST)"
"ihusain2","smlukic","1","False","Double Synchronous Unified Virtual Oscillator Control for Asymmetrical"
"gcope","jabuckel","1","False","Total mercury, methylmercury, and selenium concentrations in blue marl"
"amlocke2","twgannon","1","False","Atrazine, mesosulfuron‐methyl, and topramezone persistence in North Ca"
"aaysu","ajawad","1","False","High-Fidelity Model Extraction Attacks via Remote Power Monitors"
"aalexan3","mmuller2","1","True","Using ultrasonic attenuation in cortical bone to infer distributions o"
"ktstolee","twprice","1","False","Check It Off"
"amlee3","idiazmu","2","True","Genome Sequences for Levilactobacillus brevis Autochthonous to Commerc|Vegetable fermentations brined with low salt for reclaiming food waste"
"memayorg","oyozalti","1","False","Interpretable models for the automated detection of human trafficking "
"gflist","vdublje","1","True","Moral and social ramifications of autonomous vehicles: a qualitative s"
"gflist","wabauer","1","True","Moral and social ramifications of autonomous vehicles: a qualitative s"
"mpsingh","vdublje","1","True","Moral and social ramifications of autonomous vehicles: a qualitative s"
"mpsingh","wabauer","1","True","Moral and social ramifications of autonomous vehicles: a qualitative s"
"vdublje","wabauer","1","False","Moral and social ramifications of autonomous vehicles: a qualitative s"
"hsu4","jyin8","1","False","Self‐Sustained Snapping Drives Autonomous Dancing and Motion in Free‐S"
"klmarti3","mtulbure","1","False","Forest water use is increasingly decoupled from water availability eve"
"cdelgad","jfgrifen","1","False","Leveraging the epistemic emotion of awe as a pedagogical tool to teach"
"cdelgad","mgjones3","1","False","Leveraging the epistemic emotion of awe as a pedagogical tool to teach"
"cdelgad","sjcarrie","1","False","Leveraging the epistemic emotion of awe as a pedagogical tool to teach"
"jfgrifen","mgjones3","1","False","Leveraging the epistemic emotion of awe as a pedagogical tool to teach"
"jfgrifen","sjcarrie","1","False","Leveraging the epistemic emotion of awe as a pedagogical tool to teach"
"kbchen2","mopeters","1","True","Immersive virtual environment for scale cognition and learning: Expert"
"gnp","khan","1","False","Creating hierarchically porous banana paper-metal organic framework (M"
"gnp","lpal","1","True","Creating hierarchically porous banana paper-metal organic framework (M"
"gnp","qwei3","1","False","Creating hierarchically porous banana paper-metal organic framework (M"
"khan","qwei3","1","False","Creating hierarchically porous banana paper-metal organic framework (M"
"lpal","qwei3","1","True","Creating hierarchically porous banana paper-metal organic framework (M"
"dsun4","kgundog","1","False","Spintronic Terahertz Emission in Ultrawide Bandgap Semiconductor/Ferro"
"dsun4","rcollaz","1","True","Spintronic Terahertz Emission in Ultrawide Bandgap Semiconductor/Ferro"
"dsun4","sitar","1","True","Spintronic Terahertz Emission in Ultrawide Bandgap Semiconductor/Ferro"
"kgundog","rcollaz","1","True","Spintronic Terahertz Emission in Ultrawide Bandgap Semiconductor/Ferro"
"kgundog","sitar","1","True","Spintronic Terahertz Emission in Ultrawide Bandgap Semiconductor/Ferro"
"dhsuchof","xli24","3","False","The Effect of Harvest Date on Temporal Cannabinoid and Biomass Product|The Effect of Transplant Date and Plant Spacing on Biomass Production |Hyperspectral imaging with chemometrics for non-destructive determinat"
"eghohmei","slbenne2","1","True","Impact of Classical Counterconditioning (Quiet Kennel Exercise) on Bar"
"mtknauer","sbshah3","1","False","Evaporative Pad Cooling Impacts on Barn Environment and Finishing Pig "
"alwelch","jodle","1","True","Enteric Glial Cell Network Function is Required for Epithelial Barrier"
"atbliksl","jodle","2","True","Enteric Glial Cell Network Function is Required for Epithelial Barrier|Immunologic and pathologic characterization of a novel swine biomedica"
"nmlavoin","richardv","2","False","Environmental sustainability perception toward obvious recovered waste|Valorization of mixed office waste as macro-, micro-, and nano-sized p"
"nmlavoin","rwgonzal","1","False","Environmental sustainability perception toward obvious recovered waste"
"aecarso2","agrinba","1","False","Inhalable dry powder mRNA vaccines based on extracellular vesicles"
"btoconno","mwkudeno","1","False","Cephalopod-inspired snapshot multispectral sensor based on geometric p"
"jcdunne","mwkudeno","1","True","Drone-based polarization imaging for phenotyping peanut in response to"
"cjdohert","mwkudeno","1","True","Multistatic fiber-based system for measuring the Mueller matrix bidire"
"jminogu","kmoliver","1","False","Supporting Upper Elementary Students in Multidisciplinary Block-Based "
"jfgrifen","jsjones7","1","False","University-based literacy coaches as outsiders to the rural school con"
"cmroland","sagui","2","False","Novel eGZ-motif formed by regularly extruded guanine bases in a left-h|RNA as a Major-Groove Ligand: RNA–RNA and RNA–DNA Triplexes Formed by "
"klmarti3","ktate","1","False","Use of nature-based schoolyards predicts students’ perceptions of scho"
"agupta1","khan6","2","False","Computer-Vision-Based Vibration Tracking Using a Digital Camera: A Spa|Digital Engineering for Integrated Modeling and Simulation for Buildin"
"jahipp","lrlarson","2","False","Nature-based Pathways to Health Promotion: The Value of Parks and Gree|Cultivating social capital in diverse, low-income neighborhoods: The v"
"jmcasper","jnbocarr","1","False","Examination of Ecological Systems Contexts Within a Latino-Based Commu"
"jmcasper","mbedward","1","False","Examination of Ecological Systems Contexts Within a Latino-Based Commu"
"cwcahoon","jcdunne","1","False","Utilization of image-based spectral reflectance to detect herbicide re"
"cwcahoon","kmjennin","1","False","Utilization of image-based spectral reflectance to detect herbicide re"
"jcdunne","kmjennin","1","False","Utilization of image-based spectral reflectance to detect herbicide re"
"jcdunne","rleon","1","False","Utilization of image-based spectral reflectance to detect herbicide re"
"atstepan","jmalonso","1","False","Deciphering the molecular basis of tissue-specific gene expression in "
"ajbandod","avazque2","1","False","High performance dual-electrolyte magnesium–iodine batteries that can "
"lnelson3","vfscharf","1","False","Veterinary house officer perceptions of dimensions of well-being durin"
"ajkeung","bmrao","2","False","Modified Histone Peptides Linked to Magnetic Beads Reduce Binding Spec|Yeast Display Guided Selection of pH-Dependent Binders"
"pgkoupi","rchiech","1","True","High‐Performance Organic Electrochemical Transistors and Neuromorphic "
"coby","oapetrit","1","True","Systemic veterinary drugs for control of the common bed bug, Cimex lec"
"coby","rcrespo","1","True","Systemic veterinary drugs for control of the common bed bug, Cimex lec"
"oapetrit","rcrespo","1","False","Systemic veterinary drugs for control of the common bed bug, Cimex lec"
"aercume","aharris5","1","True","Exploring the determinants and indicators of poultry feces management "
"eepowel2","tzagenc","1","False","Social networks and citizenship behavior: The mediating effect of orga"
"dlgray2","mmpop","1","False","Developmental trajectories for novice teachers: teaching efficacy, ins"
"dlgray2","sjcarrie","1","False","Developmental trajectories for novice teachers: teaching efficacy, ins"
"mmpop","sjcarrie","1","False","Developmental trajectories for novice teachers: teaching efficacy, ins"
"adpierce","jabruce2","1","False","A qualitative study exploring teachers’ beliefs regarding breastfeedin"
"adpierce","lsgoodel","1","False","A qualitative study exploring teachers’ beliefs regarding breastfeedin"
"adpierce","nsingle","1","False","A qualitative study exploring teachers’ beliefs regarding breastfeedin"
"jabruce2","lsgoodel","1","False","A qualitative study exploring teachers’ beliefs regarding breastfeedin"
"jabruce2","nsingle","1","False","A qualitative study exploring teachers’ beliefs regarding breastfeedin"
"lsgoodel","nsingle","1","False","A qualitative study exploring teachers’ beliefs regarding breastfeedin"
"aeroglu","nccrook","1","True","Carotenoids and Their Health Benefits as Derived via Their Interaction"
"bkgoodwi","rmrejesu","2","False","Unintended environmental benefits of crop insurance: Nitrogen and phos|Risk effects of GM corn: Evidence from crop insurance outcomes and hig"
"rmrejesu","sghosh2","1","True","Unintended environmental benefits of crop insurance: Nitrogen and phos"
"gabr","knappe","1","False","Diffusion of benzene and tetrachloroethylene through saturated cement "
"knappe","mpourgh","1","False","Diffusion of benzene and tetrachloroethylene through saturated cement "
"efimenko","mabolha","1","False","Intensified Hydrogenation in Flow Using a Poly(β-cyclodextrin) Network"
"jgenzer","mabolha","1","False","Intensified Hydrogenation in Flow Using a Poly(β-cyclodextrin) Network"
"awhitfi","drotenb","4","False","The physical interactome between Peregrinus maidis proteins and the ma|Sex-biased proteomic response to tomato spotted wilt virus infection o|Sex-biased proteomic response to tomato spotted wilt virus infection o"
"csdepern","moorman","1","False","Human‐mediated trophic mismatch between fire, plants and herbivores"
"iabolotn","kstapel","1","False","Plasma breakdown in bubbles passing between two pin electrodes"
"frey","twei5","2","False","Intermodal comparison of tailpipe emission rates between transit buses|Fuel use and emission rates reduction potential for light-duty gasolin"
"ddreisig","raatwell","1","False","<i>Helicoverpa zea</i> (Lepidoptera: Noctuidae) Thresholds and Yield C"
"jcollazo","jkpacifi","1","True","Modeling and estimating co-occurrence between the invasive Shiny Cowbi"
"ahk","twu19","1","False","Refining Self-Supervised Learning in Imaging: Beyond Linear Metric"
"dcmuddim","mgamcsi","2","True","Highlighting Functional Mass Spectrometry Imaging Methods in Bioanalys|Mapping glycine uptake and its metabolic conversion to glutathione in "
"aecarso2","akota2","1","False","On-demand, remote and lossless manipulation of biofluid droplets"
"aecarso2","fscholl","1","True","On-demand, remote and lossless manipulation of biofluid droplets"
"akota2","fscholl","1","True","On-demand, remote and lossless manipulation of biofluid droplets"
"hshuang","kjpeters","1","False","Comparison of High-Speed Polarization Imaging Methods for Biological T"
"atbliksl","gpcruse","1","False","Immunologic and pathologic characterization of a novel swine biomedica"
"gpcruse","jodle","1","True","Immunologic and pathologic characterization of a novel swine biomedica"
"aybozkur","ejlobato","2","False","Wearable Cyberphysical Systems for Biomedicine|Real-Time Monitoring of Plant Stalk Growth Using a Flexible Printed Ci"
"drpanthe","pmperkin","1","False","Coordinated transcriptional regulation of the carotenoid biosynthesis "
"drpanthe","wliu25","1","False","Coordinated transcriptional regulation of the carotenoid biosynthesis "
"pmperkin","wliu25","1","False","Coordinated transcriptional regulation of the carotenoid biosynthesis "
"galewbar","mgerard","1","False","Evaluation of lidocaine for brachial plexus blockade in eastern box tu"
"galewbar","tmharri7","2","False","Evaluation of lidocaine for brachial plexus blockade in eastern box tu|EVALUATION OF PROGNOSTIC INDICATORS FOR INJURED TURTLES PRESENTING TO "
"mgerard","tmharri7","1","False","Evaluation of lidocaine for brachial plexus blockade in eastern box tu"
"hallen","sasha","1","True","Early Warning of mmWave Signal Blockage Using Diffraction Properties a"
"ejlobato","jlreyno4","1","False","Real-Time Monitoring of Plant Stalk Growth Using a Flexible Printed Ci"
"jtreme","lacraig","1","True","The spy who dined well: James Bond and the real cost of fine dining"
"ajbirken","baquroll","1","False","DETECTION OF VECTOR-BORNE INFECTIONS IN LIONS AND TIGERS AT TWO ZOOS I"
"jyin8","yzhu7","1","False","Boundary curvature guided programmable shape-morphing kirigami sheets"
"alkwansa","ygyingli","1","False","Evidence for Plant-Conserved Region Mediated Trimeric CESAs in Plant C"
"hwu15","mmuller2","1","False","Numerical and experimental evaluation of low‐intensity transcranial fo"
"mmuller2","xjiang5","1","False","Numerical and experimental evaluation of low‐intensity transcranial fo"
"mastanko","rrishik","1","False","Brand-generated social media content and its differential impact on lo"
"jlheitma","rleon","1","False","Evaluation of imazapic and flumioxazin carryover risk for Carinata (<i"
"jlheitma","twgannon","1","False","Evaluation of imazapic and flumioxazin carryover risk for Carinata (<i"
"rleon","sscaag","1","False","Evaluation of imazapic and flumioxazin carryover risk for Carinata (<i"
"rleon","twgannon","1","False","Evaluation of imazapic and flumioxazin carryover risk for Carinata (<i"
"sscaag","twgannon","1","False","Evaluation of imazapic and flumioxazin carryover risk for Carinata (<i"
"amlee3","metaveir","1","False","Vegetable fermentations brined with low salt for reclaiming food waste"
"idiazmu","metaveir","1","True","Vegetable fermentations brined with low salt for reclaiming food waste"
"cbcoope3","lrlarson","1","False","Citizen Science as an Ecosystem of Engagement: Implications for Learni"
"ddreisig","fgould","1","False","Impact of Caterpillar Increased Feeding Rates on Reduction of Bt Susce"
"ddreisig","mroe","2","False","Impact of Caterpillar Increased Feeding Rates on Reduction of Bt Susce|Species Identification of Caterpillar Eggs by Machine Learning Using a"
"fgould","mroe","1","False","Impact of Caterpillar Increased Feeding Rates on Reduction of Bt Susce"
"amgrunde","icarbon","1","False","Microbial Diversity in Four Rhizocompartments (Bulk Soil, Rhizosphere,"
"macowley","smbelch2","1","False","The imprinted gene<i>Zac1</i>regulates steatosis in developmental cadm"
"galewbar","jabalko","1","False","Development and Evaluation of a Serum Transfusion Process in the Thorn"
"cmwilli5","mwkudeno","1","False","Practical spectral photography II: snapshot spectral imaging using lin"
"agaweda","cflynch","2","False","It's Challenging but Doable: Lessons Learned from a Remote Collaborati|Exploration of the Week-by-Week ICAP Transitions by Students"
"bbcutts","cbcoope3","1","False","What is community-level environmental literacy, and how can we measure"
"bbcutts","jegoodwi","1","True","What is community-level environmental literacy, and how can we measure"
"bbcutts","kbusch","1","True","What is community-level environmental literacy, and how can we measure"
"bbcutts","ktate","1","False","What is community-level environmental literacy, and how can we measure"
"bbcutts","mnpeters","1","False","What is community-level environmental literacy, and how can we measure"
"bbcutts","sjcarrie","1","True","What is community-level environmental literacy, and how can we measure"
"cbcoope3","jegoodwi","1","True","What is community-level environmental literacy, and how can we measure"
"cbcoope3","kbusch","1","True","What is community-level environmental literacy, and how can we measure"
"cbcoope3","ktate","1","False","What is community-level environmental literacy, and how can we measure"
"cbcoope3","mnpeters","1","False","What is community-level environmental literacy, and how can we measure"
"cbcoope3","sjcarrie","1","True","What is community-level environmental literacy, and how can we measure"
"jegoodwi","kbusch","1","True","What is community-level environmental literacy, and how can we measure"
"jegoodwi","ktate","1","True","What is community-level environmental literacy, and how can we measure"
"jegoodwi","mnpeters","1","True","What is community-level environmental literacy, and how can we measure"
"jegoodwi","sjcarrie","1","True","What is community-level environmental literacy, and how can we measure"
"kbusch","ktate","1","True","What is community-level environmental literacy, and how can we measure"
"kbusch","mnpeters","1","True","What is community-level environmental literacy, and how can we measure"
"kbusch","sjcarrie","1","False","What is community-level environmental literacy, and how can we measure"
"ktate","sjcarrie","1","True","What is community-level environmental literacy, and how can we measure"
"mnpeters","sjcarrie","1","True","What is community-level environmental literacy, and how can we measure"
"emzechma","tabirkla","1","True","Can Common Pool Resource Theory Catalyze Stakeholder-Driven Solutions "
"ajplanch","choyo","1","False","Genomic map of candidate human imprint control regions: the imprintome"
"ajplanch","daskaar","1","False","Genomic map of candidate human imprint control regions: the imprintome"
"ajplanch","fawrigh2","1","False","Genomic map of candidate human imprint control regions: the imprintome"
"ajplanch","macowley","1","False","Genomic map of candidate human imprint control regions: the imprintome"
"choyo","daskaar","1","False","Genomic map of candidate human imprint control regions: the imprintome"
"choyo","fawrigh2","1","False","Genomic map of candidate human imprint control regions: the imprintome"
"choyo","macowley","1","False","Genomic map of candidate human imprint control regions: the imprintome"
"daskaar","fawrigh2","1","False","Genomic map of candidate human imprint control regions: the imprintome"
"daskaar","macowley","1","False","Genomic map of candidate human imprint control regions: the imprintome"
"fawrigh2","macowley","1","False","Genomic map of candidate human imprint control regions: the imprintome"
"bwhipker","dhsuchof","1","False","Hyperspectral Imaging With Machine Learning to Differentiate Cultivars"
"dpgenere","drobenou","1","True","Per- and polyfluoroalkyl substances (PFAS) in river discharge: Modelin"
"drobenou","knappe","1","False","Per- and polyfluoroalkyl substances (PFAS) in river discharge: Modelin"
"btoconno","jdong","1","False","Curvilinear soft electronics by micromolding of metal nanowires in cap"
"btoconno","yzhu7","2","False","Curvilinear soft electronics by micromolding of metal nanowires in cap|Silver Nanowire Composite Electrode Enabling Highly Flexible, Robust O"
"jdong","yzhu7","1","False","Curvilinear soft electronics by micromolding of metal nanowires in cap"
"mwkudeno","qwei3","1","False","Flexible sensor patch for continuous carbon dioxide monitoring"
"dfcall","jljone21","1","False","Mechanisms of orthophosphate removal from water by lanthanum carbonate"
"dfcall","knappe","1","False","Mechanisms of orthophosphate removal from water by lanthanum carbonate"
"dfcall","owduckwo","1","True","Mechanisms of orthophosphate removal from water by lanthanum carbonate"
"jljone21","knappe","1","False","Mechanisms of orthophosphate removal from water by lanthanum carbonate"
"jljone21","owduckwo","1","True","Mechanisms of orthophosphate removal from water by lanthanum carbonate"
"knappe","owduckwo","1","True","Mechanisms of orthophosphate removal from water by lanthanum carbonate"
"cgill2","kamyers2","1","False","Screening and Referral for Social Determinants of Health: Maternity Pa"
"bbcutts","klmarti3","1","False","Soil infiltration rates are underestimated by models in an urban water"
"dosmond","raatwell","1","False","Critical soil test values of phosphorus and potassium for soybean and "
"dosmond","sbkulesz","1","False","Critical soil test values of phosphorus and potassium for soybean and "
"lcolpog","raatwell","1","False","Critical soil test values of phosphorus and potassium for soybean and "
"raatwell","sbkulesz","2","False","Critical soil test values of phosphorus and potassium for soybean and |Effects of Nitrogen Source and Rate on Soybean Yield and Quality"
"dsjones5","jkuzma","1","True","Fostering Responsible Innovation through Stakeholder Engagement: Case "
"dsjones5","kdgriege","1","False","Fostering Responsible Innovation through Stakeholder Engagement: Case "
"igransb","tmbarnes","1","False","Case Studies on the Use of Storyboarding by Novice Programmers"
"igransb","twprice","1","False","Case Studies on the Use of Storyboarding by Novice Programmers"
"igransb","vmcatete","1","False","Case Studies on the Use of Storyboarding by Novice Programmers"
"twprice","vmcatete","1","False","Case Studies on the Use of Storyboarding by Novice Programmers"
"gsseiler","slvaden","1","False","Shear wave elastography evaluation of cats with chronic kidney disease"
"aamassi","kgundog","1","True","Cavity Engineering of Perovskite Distributed Feedback Lasers"
"dcmuddim","iawilli3","1","True","Glycerate from intestinal fructose metabolism induces islet cell damag"
"hwade","mtseifri","1","True","Low Voltage‐Loss Organic Solar Cells Light the Way for Efficient Semit"
"hwade","kgundog","1","False","Importance of Electric-Field-Independent Mobilities in Thick-Film Orga"
"cmwilli5","rsozzan","1","True","POPEYE intercellular localization mediates cell-specific iron deficien"
"cmwilli5","talong","1","True","POPEYE intercellular localization mediates cell-specific iron deficien"
"rsozzan","talong","1","False","POPEYE intercellular localization mediates cell-specific iron deficien"
"chhaigle","ejlobato","1","True","Efficient imaging and computer vision detection of two cell shapes in "
"aecarso2","mbfisher","1","False","Elucidating the combinatorial effect of substrate stiffness and surfac"
"mnavramo","sppalmta","1","False","CTF: A modernized, production-level, thermal hydraulic solver for the "
"hshuang","hwu15","1","False","Deep thrombosis characterization using photoacoustic imaging with intr"
"hshuang","xjiang5","1","False","Deep thrombosis characterization using photoacoustic imaging with intr"
"qwei3","yzhu7","2","False","Integrating charge mobility, stability and stretchability within conju|Surface Wrinkling for Flexible and Stretchable Sensors"
"paulf","wdavis","1","False","A Deep Transfer Learning Design Rule Checker With Synthetic Training"
"bmmcconn","kbchen2","1","False","Checklists in Healthcare: Operational Improvement of Standards using S"
"jjacosta","pflaleic","1","False","Towards Inline Prediction of Color Development for Wood Stained with C"
"lcolpog","lrfishe1","1","False","Flue‐cured tobacco and Cl rates: Implications on yield, quality, and n"
"rdewey","rslewis","1","False","CLCNt2 Mediates Nitrate Content in Tobacco Leaf, Impacting the Product"
"ardequei","sarumug","1","False","Co-Optimization of Reservoir and Power Systems (COREGS) for seasonal p"
"chsiao2","odvelev","1","False","Molecular structure effects on the mechanisms of corrosion protection "
"khan","odvelev","1","False","Molecular structure effects on the mechanisms of corrosion protection "
"cwong9","hdai","2","False","Communication-Efficient Federated Learning via Predictive Coding|Federated Learning via Plurality Vote"
"damarks","galewbar","1","False","What is your diagnosis? Coelomic fluid in an Eastern River Cooter (
  "
"jkmattin","mpgreen2","1","True","COHERENT constraint on leptophobic dark matter using CsI data"
"alwelch","ecrose2","1","False","Porcine Models of the Intestinal Microbiota: The Translational Key to "
"atbliksl","ecrose2","1","False","Porcine Models of the Intestinal Microbiota: The Translational Key to "
"ccjacob5","tprange","1","False","Efficacy of a commercial dry sleeve cryotherapy system for cooling the"
"cubbage","mlupek","1","False","Ownership, Governance, Uses, and Ecosystem Services of Community Fores"
"agulyuk","ygyingli","1","False","Gold nanoparticle design for RNA compaction"
"ihusain2","wyu2","2","False","Feedforward Deadtime Compensation Using Current Zero Crossing Detectio|Selective Gate Driver in SiC Inverter to Improve Fuel Economy of Elect"
"fmeille","raghilad","1","True","Complementarity of neutron, XFEL and synchrotron crystallography for d"
"btoconno","hwade","2","True","Silver Nanowire Composite Electrode Enabling Highly Flexible, Robust O|Organic solar powered greenhouse performance optimization and global e"
"hwade","yzhu7","1","True","Silver Nanowire Composite Electrode Enabling Highly Flexible, Robust O"
"mscastil","twgannon","1","False","Harvest frequency and harvest timing following a freeze event effects "
"jbbarcen","jgookin","1","True","Randomized placebo-controlled trial of feline-origin Enterococcus hira"
"classen","sbkulesz","1","False","Impacts of utilizing swine lagoon sludge as a composting ingredient"
"classen","sbshah3","1","False","Impacts of utilizing swine lagoon sludge as a composting ingredient"
"msharar","sbkulesz","1","False","Impacts of utilizing swine lagoon sludge as a composting ingredient"
"sbkulesz","sbshah3","1","False","Impacts of utilizing swine lagoon sludge as a composting ingredient"
"bakram","tbdimitr","1","False","Increasing Students' Persistence in Computer Science through a Lightwe"
"tbdimitr","tmbarnes","1","False","Increasing Students' Persistence in Computer Science through a Lightwe"
"tbdimitr","twprice","1","False","Increasing Students' Persistence in Computer Science through a Lightwe"
"jhou8","mnavramo","1","False","CTF-PARCS Core Multi-Physics Computational Framework for Efficient LWR"
"hvtafres","jliu38","1","False","Molecular dynamics simulation of steady-state droplet condensation on "
"jccarr","jmpolla3","1","False","The role of work-to-venture role conflict on hybrid entrepreneurs’ tra"
"alwoodle","dhsuchof","3","False","Evaluation of conservation tillage practices in the production of orga|Organic nitrogen fertilizer sources for field production of flue‐cured|Evaluation of the use of polyethylene mulches in the production of org"
"eesantis","khan","1","False","Multiscale Constitutive Modeling of the Mechanical Properties of Polyp"
"jlhavlin","jlheitma","1","False","Nutrient Management Effects on Wine Grape Tissue Nutrient Content"
"kbusch","spark26","1","False","Pedagogical Content Knowledge for Informal Science Educators: Developm"
"aybozkur","mddickey","1","False","Wireless Wearable Electrochemical Sensing Platform with Zero-Power Osm"
"aybozkur","odvelev","1","False","Wireless Wearable Electrochemical Sensing Platform with Zero-Power Osm"
"mddickey","odvelev","1","False","Wireless Wearable Electrochemical Sensing Platform with Zero-Power Osm"
"hhuang11","jwstalli","1","True","Hierarchical Optimization for Control of Robotic Knee Prostheses Towar"
"jgenzer","wgao5","1","True","Nonwoven Membranes with Infrared Light-Controlled Permeability"
"khan","wgao5","1","True","Nonwoven Membranes with Infrared Light-Controlled Permeability"
"smenega","wgao5","1","True","Nonwoven Membranes with Infrared Light-Controlled Permeability"
"achakra2","sasha","1","False","A Robust Stackelberg Game for Cyber-Security Investment in Networked C"
"dcmuddim","dmmerite","1","True","Mapping glycine uptake and its metabolic conversion to glutathione in "
"dmmerite","mgamcsi","1","True","Mapping glycine uptake and its metabolic conversion to glutathione in "
"ecrisci","gwalmond","1","False","Heterologous vaccine immunogenicity, efficacy, and immune correlates o"
"ktstolee","sesmith5","1","False","Identifying Struggling Teams in Software Engineering Courses Through W"
"mscastil","rleon","1","False","Poultry litter and nitrogen fertilizer effects on productivity and nut"
"mscastil","sbkulesz","1","False","Poultry litter and nitrogen fertilizer effects on productivity and nut"
"rleon","sbkulesz","1","False","Poultry litter and nitrogen fertilizer effects on productivity and nut"
"tranney","wliu25","2","False","Tissue Culture and Regeneration of Three Rose Cultivars|Genotype-independent plant transformation"
"dhsuchof","sbkulesz","1","False","Organic nitrogen fertilizer sources for field production of flue‐cured"
"clmarian","krmunana","1","False","Novel subcutaneous cytarabine infusion with the Omnipod system in dogs"
"clmarian","njolby","1","False","Novel subcutaneous cytarabine infusion with the Omnipod system in dogs"
"clmarian","pjearly","1","False","Novel subcutaneous cytarabine infusion with the Omnipod system in dogs"
"krmunana","njolby","1","False","Novel subcutaneous cytarabine infusion with the Omnipod system in dogs"
"krmunana","pjearly","1","False","Novel subcutaneous cytarabine infusion with the Omnipod system in dogs"
"njolby","pjearly","1","False","Novel subcutaneous cytarabine infusion with the Omnipod system in dogs"
"ajkeung","jtuck","1","False","DINOS: Data INspired Oligo Synthesis for DNA Data Storage"
"dofreyte","mbfisher","1","False","Towards a standardized multi-tissue decellularization protocol for the"
"bejacks2","sscaag","1","False","Particle Densities of Horticultural Substrates"
"avchoulj","shall5","1","False","Depuration of live oysters to reduce
                    <i>Vibrio par"
"jliu96","rdutta","1","False","On Topology Design for the Quantum Internet"
"jliu96","ryu5","1","False","On Topology Design for the Quantum Internet"
"rdutta","ryu5","1","False","On Topology Design for the Quantum Internet"
"bafloyd","paulf","1","False","High Dimensional Optimization for Electronic Design"
"bkim18","jfeng2","1","True","Technology-driven design process: teaching and mentoring technology-dr"
"bkim18","smbennet","1","False","Technology-driven design process: teaching and mentoring technology-dr"
"jfeng2","smbennet","1","True","Technology-driven design process: teaching and mentoring technology-dr"
"krwening","rriehn","1","False","A nanophotonic interferometer for small particle detection"
"jtascenc","lkhanley","1","False","Early detection of plant virus infection using multispectral imaging a"
"davidian","wlu4","1","False","A General Framework for Subgroup Detection via One-Step Value Differen"
"aryoung","rgolub","1","False","Growing solid deuterium for UCN production"
"bjreich","gmachad","1","True","A discrete‐time survival model for porcine epidemic diarrhoea virus"
"mgilman","stsynkov","1","False","Polarimetric radar interferometry in the presence of differential Fara"
"ajawad","jtuck","1","False","Horus: Persistent Security for Extended Persistence-Domain Memory Syst"
"fgould","jkuzma","2","True","Exploring the value of a global gene drive project registry|Genes drive organisms and slippery slopes"
"bjreich","jkpacifi","2","True","What drives spatially varying ecological relationships in a wide‐rangi|Soil Properties and Moisture Synergistically Influence Nontuberculous "
"bjreich","rwkays","1","True","What drives spatially varying ecological relationships in a wide‐rangi"
"jkpacifi","rwkays","2","False","What drives spatially varying ecological relationships in a wide‐rangi|Exploring spatial nonstationarity for four mammal species reveals regi"
"ryin","wgao5","1","False","Flexible, durable, and washable triboelectric yarn and embroidery for "
"tmschaef","vskokov","1","False","Dynamics of non-Gaussian fluctuations in model A"
"gary","warobin3","1","False","Model Projections of Increased Severity of Heat Waves in Eastern Europ"
"btoconno","hwsedero","1","True","Organic solar powered greenhouse performance optimization and global e"
"hwade","hwsedero","1","True","Organic solar powered greenhouse performance optimization and global e"
"acdon","beasleym","1","False","Understanding the Ecosystem of Enterprise Risk Governance"
"acdon","branson","1","False","Understanding the Ecosystem of Enterprise Risk Governance"
"beasleym","branson","1","False","Understanding the Ecosystem of Enterprise Risk Governance"
"alwoodle","raatwell","1","False","Effects of Nitrogen Source and Rate on Soybean Yield and Quality"
"msano2","rapetrel","1","True","Polymer Nanoparticles Enhance Irreversible Electroporation In Vitro"
"nsui","zguo32","1","True","Protoformer: Embedding Prototypes for Transformers"
"ajwest2","ryin","1","False","Systematic investigation and evaluation of modified ring yarns by feed"
"msharar","nnelson4","1","False","Reconstructing the historical expansion of industrial swine production"
"jredward","vnaraya3","1","False","Experimental Investigations of the Hypersonic Stream-Traced Performanc"
"jryu","xjiang5","1","False","Multiscale and multiphysics FEA simulation and materials optimization "
"dgkamper","yzhu7","1","False","Resembled Tactile Feedback for Object Recognition Using a Prosthetic H"
"forestry","rbarker","1","True","Field and full-scale laboratory testing of prototype wildland fire she"
"ajwest2","eadenhar","1","False","New insight into the flexural rigidity of multi-filament yarn"
"cfrohli","gcmclaug","1","False","Neutrino flavor mixing with moments"
"cfrohli","jpknelle","1","False","Neutrino flavor mixing with moments"
"gcmclaug","jpknelle","1","False","Neutrino flavor mixing with moments"
"jing","misra","1","False","On Smith normal forms of q-Varchenko matrices"
"bjreich","rgmarti3","1","False","Valid Model-Free Spatial Prediction"
"fjlouws","pmperkin","1","False","Vigorous rootstocks improve yields and increase fruit sizes in grafted"
"amaity","astaicu","1","False","Inference in functional linear quantile regression"
"ejlobato","hhuang11","1","False","Fusion of Human Gaze and Machine Vision for Predicting Intended Locomo"
"tranney","yencho","1","False","Genotype-independent plant transformation"
"wliu25","yencho","1","False","Genotype-independent plant transformation"
"jahipp","jvukoma","1","False","GIS&T in Recreation Planning and Management"
"jahipp","leung","1","False","GIS&T in Recreation Planning and Management"
"jvukoma","leung","1","False","GIS&T in Recreation Planning and Management"
"aoh","bgilger","1","False","Polidocanol monotherapy for a superficial orbital venous malformation "
"fncastel","ttheis","1","False","Triplet Photosensitized <i>para</i>-Hydrogen Induced Polarization"
"syang24","wlu4","1","False","A multiplicative structural nested mean model for zero-inflated outcom"
"cxu34","hli83","1","False","NeuralGait"
"csgalik","jjohns24","1","True","Planning for winter peaking power systems in the United States"
"hallen","sflim","1","False","Room-temperature upconverted superfluorescence"
