"source","target","weight","cross_college","papers"
"fakish","sitar","1","False","Wafer-bonded In0.53Ga0.47As/GaN p–n diodes with near-unity ideality fa"
"fakish","spavlid","1","False","Wafer-bonded In0.53Ga0.47As/GaN p–n diodes with near-unity ideality fa"
"sitar","spavlid","2","False","Wafer-bonded In0.53Ga0.47As/GaN p–n diodes with near-unity ideality fa|High-current, high-voltage AlN Schottky barrier diodes"
"jhstewar","jnpearso","4","False","Correction: Analyzing Community-Based Support Requests Made by Black F|Experiences of Family Peer Advocates Supporting Black Families Raising|Analyzing Community-Based Support Requests Made by Black Families Rais"
"fgarcia4","jjohns24","2","False","Corrigendum: Regional disparities in health and employment outcomes of|Regional disparities in health and employment outcomes of China’s tran"
"munsal","tmschaef","1","False","The metamorphosis of semi-classical mechanisms of confinement: from mo"
"iabolotn","ntdinh","1","False","NEAMS IRP challenge problem 1: Flexible modeling for heat transfer for"
"hubbe","lpal","2","False","Lignin self-assembly phenomena and valorization strategies for pulping|Sustainability as a driver in US and EU in paper and nonwoven sectors"
"hubbe","rwgonzal","1","False","Lignin self-assembly phenomena and valorization strategies for pulping"
"lpal","rwgonzal","2","False","Lignin self-assembly phenomena and valorization strategies for pulping|From waste to advanced resource: Techno-economic and life cycle assess"
"arweave3","mhpoore","2","False","31 Pastureland Ecology 1 provides hands-on training in grazing managem|32 Amazing Grazing webinar and workshop series improves producers unde"
"arweave3","pdsicili","2","False","31 Pastureland Ecology 1 provides hands-on training in grazing managem|32 Amazing Grazing webinar and workshop series improves producers unde"
"mhpoore","pdsicili","2","False","31 Pastureland Ecology 1 provides hands-on training in grazing managem|32 Amazing Grazing webinar and workshop series improves producers unde"
"aoh","bgilger","3","False","Treatment of equine keratomycosis, part 1: selection of appropriate th|Treatment of equine keratomycosis, part 2: reporting common systemic a|Ultrasound biomicroscopic imaging parameters associated with outcome i"
"hwu15","mmuller2","1","False","High-Performance PMN-PT Single-Crystal-Based 1-3 Composite Transducer "
"hwu15","xjiang5","11","False","High-Performance PMN-PT Single-Crystal-Based 1-3 Composite Transducer |Electrical de-poling and re-poling of relaxor-PbTiO3 piezoelectric sin|Electro-elastic characteristics of KCsMoP2O9 crystal: Exploiting stron"
"mmuller2","xjiang5","1","False","High-Performance PMN-PT Single-Crystal-Based 1-3 Composite Transducer "
"ihusain2","smlukic","2","False","Design, Control, and Protection of a 13.2 kV, 1 MVA Solid State Transf|Circulating Power and Winding Current Minimization in a Triple Active "
"ihusain2","wyu2","1","False","Design, Control, and Protection of a 13.2 kV, 1 MVA Solid State Transf"
"smlukic","wyu2","1","False","Design, Control, and Protection of a 13.2 kV, 1 MVA Solid State Transf"
"knivanov","xwu27","1","False","Clustering and uncertainty analysis to improve the machine learning-ba"
"fncastel","mabolha","1","True","Smart Dope: A Self‐Driving Fluidic Lab for Accelerated Development of "
"hdwester","oapetrit","1","False","Mydriasis in eastern box turtles (<i>Terrapene carolina carolina</i>) "
"jvveliad","sbhatta4","4","False","Design of Asynchronous Microgrid Power Conditioning System with Gen-3 |Experimental Study Based Switching Sequence for Reduction of Peak Volt|Switching Modes for Reduction of Peak Voltage Transients in GaN-Based "
"amlocke2","rsozzan","1","False","Corrigendum to “Field-grown soybean shows genotypic variation in physi"
"jsking5","mmaguilo","3","False","Corrigendum to “Energy availability and leaf area dominate control of |Hydrologic Perturbation Is a Key Driver of Tree Mortality in Bottomlan|Toward spectrally truthful models for gap-filling soil respiration and"
"tmbarnes","vmcatete","4","False","A Survey of K-12 Teacher Needs for an Online Programming Learning Syst|Multi-Pronged Pedagogical Approaches to Broaden Participation in Compu|Scaffolding Novices: Analyzing When and How Parsons Problems Impact No"
"arkendal","slvaden","3","False","Utilizing the Ellik bladder evacuator during cystoscopic retrieval of |ACVIM</scp> consensus statement on diagnosis and management of urinary|Subclinical bacteriuria is nonprogressive but persistent in dogs four "
"fyyamane","ooralka","4","False","Design and Fabrication of 128+128 Element Row-Column Addressed CMUT Ar|Fabrication of 32×32 2 D CMUT Arrays on a Borosilicate Glass Substrate|Demonstration of Vector Flow Imaging with Row-Column (RC) Addressed CM"
"arweave3","clpickwo","3","False","136 Evaluation of internal parasite burden in grazing beef cattle in N|106 Exposure to ergot alkaloids and heat stress alter pulmonary arteri|Exploring the impacts of fescue toxicosis on the pulmonary arterial pr"
"arweave3","dhpoole","3","False","136 Evaluation of internal parasite burden in grazing beef cattle in N|106 Exposure to ergot alkaloids and heat stress alter pulmonary arteri|Exploring the impacts of fescue toxicosis on the pulmonary arterial pr"
"clpickwo","dhpoole","3","False","136 Evaluation of internal parasite burden in grazing beef cattle in N|106 Exposure to ergot alkaloids and heat stress alter pulmonary arteri|Exploring the impacts of fescue toxicosis on the pulmonary arterial pr"
"gvalacc","miorizz","2","False","Correction: Gut-derived wild blueberry phenolic acid metabolites modul|Gut-derived wild blueberry phenolic acid metabolites modulate extrinsi"
"gvalacc","mlila","3","False","Correction: Gut-derived wild blueberry phenolic acid metabolites modul|Gut-derived wild blueberry phenolic acid metabolites modulate extrinsi|Feeding the Body Through the Skin: Ethosomes and Transethosomes as a N"
"miorizz","mlila","5","False","Correction: Gut-derived wild blueberry phenolic acid metabolites modul|Genotype and ripening method affect carotenoid content and bio-accessi|Gut-derived wild blueberry phenolic acid metabolites modulate extrinsi"
"rxu22","yliu292","2","False","Author Correction: Highly confined epsilon-near-zero and surface phono|Highly confined epsilon-near-zero and surface phonon polaritons in SrT"
"bcallah","sthakur","1","False","Serovar-level identification of bacterial foodborne pathogens from ful"
"amlynch3","caharms","2","False","An 18-µm microaggregate blood filter does not cause hemolysis during i|DEVELOPING A THROMBOELASTOGRAPHY ASSAY IN ELASMOBRANCHS"
"elseekam","lrlarson","1","False","Environmental and social impacts of shifting park-use patterns during "
"elseekam","mnpeters","1","False","Environmental and social impacts of shifting park-use patterns during "
"lrlarson","mnpeters","3","False","Environmental and social impacts of shifting park-use patterns during |Birdwatching linked to increased psychological well-being on college c|Political identity as a driver of hunter responses to chronic wasting "
"hlee33","ycheng20","1","True","Impacts of the COVID-19 infodemic on emotions through cognitive apprai"
"hlee33","yxu11","4","False","Impacts of the COVID-19 infodemic on emotions through cognitive apprai|Consumer coping via fashion shopping during the COVID-19 pandemic: a S|The role of regulatory focus in consumers' adoption of virtual fitting"
"ycheng20","yxu11","1","True","Impacts of the COVID-19 infodemic on emotions through cognitive apprai"
"aharris5","fldelosr","2","False","Monitoring SARS-CoV-2 RNA in wastewater from a shared septic system an|Estimating rates of change to interpret quantitative wastewater survei"
"jlswann","memayorg","3","False","COVSIM: A stochastic agent-based COVID-19 SIMulation model for North C|Potential impact of annual vaccination with reformulated COVID-19 vacc|Incorporating Face Mask Usage in Agent-Based Models Using Personal Bel"
"dpwarsin","rbhandfi","1","False","Optimization of testing protocols to screen for COVID-19: a multi-obje"
"bparker3","klstansb","1","True","Exploration of Black/African American College Survivors of IPV During "
"kanderso","rdmalhei","1","False","Comparing performance, morphological, physical, and chemical propertie"
"jastern","rhli2","3","False","A novel <i>ITGA2B</i> double cytosine frameshift variant (c.1986_1987i|Platelet hyperresponsiveness and increased platelet-neutrophil aggrega|Evaluation of clopidogrel response in healthy cats using a novel visco"
"fli5","lmneal2","3","False","Technoeconomic and Emissions Analysis of the Hybrid Redox Process for |Techno-economic analysis of chemical looping air separation using a pe|Sustainable Styrene Production through Chemical Looping Oxidative Dehy"
"aamassi","fscholl","1","True","Facile Synthesis of Cu-Doped TiO<sub>2</sub> Particles for Accelerated"
"aamassi","mabolha","2","False","Facile Synthesis of Cu-Doped TiO<sub>2</sub> Particles for Accelerated|Cationic ligation guides quantum-well formation in layered hybrid pero"
"aamassi","raghilad","1","True","Facile Synthesis of Cu-Doped TiO<sub>2</sub> Particles for Accelerated"
"fscholl","mabolha","1","True","Facile Synthesis of Cu-Doped TiO<sub>2</sub> Particles for Accelerated"
"fscholl","raghilad","2","False","Facile Synthesis of Cu-Doped TiO<sub>2</sub> Particles for Accelerated|Chlorophyllin as a photosensitizer in photodynamic antimicrobial mater"
"mabolha","raghilad","1","True","Facile Synthesis of Cu-Doped TiO<sub>2</sub> Particles for Accelerated"
"akemper","bnbakalo","2","False","Classification of dynamical Lie algebras of 2-local spin systems on li|A Lie algebraic theory of barren plateaus for deep parameterized quant"
"fli5","prwestmo","1","False","High-throughput design of complex oxides as isothermal, redox-activate"
"fli5","wtang23","1","False","High-throughput design of complex oxides as isothermal, redox-activate"
"prwestmo","wtang23","1","False","High-throughput design of complex oxides as isothermal, redox-activate"
"agorny","rslewis","2","False","A 2‐year, multi‐county survey of plant‐parasitic nematodes in North Ca|A Comparison of Three Automated Root-Knot Nematode Egg Counting Approa"
"eshim","xfang3","1","False","TiO2-Coated Meltblown Nonwoven Fabrics Prepared via Atomic Layer Depos"
"bjreich","jahoppin","2","False","Measurement of Hydro-EVE and 6:2 FTS in Blood from Wilmington, North C|Reanalysis of PFO5DoA Levels in Blood from Wilmington, North Carolina,"
"bjreich","knappe","2","True","Measurement of Hydro-EVE and 6:2 FTS in Blood from Wilmington, North C|Reanalysis of PFO5DoA Levels in Blood from Wilmington, North Carolina,"
"bjreich","nkotlar","2","True","Measurement of Hydro-EVE and 6:2 FTS in Blood from Wilmington, North C|Reanalysis of PFO5DoA Levels in Blood from Wilmington, North Carolina,"
"jahoppin","knappe","2","True","Measurement of Hydro-EVE and 6:2 FTS in Blood from Wilmington, North C|Reanalysis of PFO5DoA Levels in Blood from Wilmington, North Carolina,"
"jahoppin","nkotlar","2","True","Measurement of Hydro-EVE and 6:2 FTS in Blood from Wilmington, North C|Reanalysis of PFO5DoA Levels in Blood from Wilmington, North Carolina,"
"knappe","nkotlar","2","False","Measurement of Hydro-EVE and 6:2 FTS in Blood from Wilmington, North C|Reanalysis of PFO5DoA Levels in Blood from Wilmington, North Carolina,"
"bourham","gyang9","1","False","Bi<sub>2</sub>O<sub>3</sub>–ZrO<sub>2</sub> Polymer Composites: Evalua"
"ejakubi","gnp","1","True","Coordination of copper within a crystalline carbon nitride and its cat"
"bmmorten","ehyland","1","True","Meta-omics reveals role of photosynthesis in microbially induced carbo"
"bmmorten","mkleine","1","True","Meta-omics reveals role of photosynthesis in microbially induced carbo"
"ehyland","mkleine","1","True","Meta-omics reveals role of photosynthesis in microbially induced carbo"
"jshen3","sisalmon","2","False","3D‐Printed Hydrogel Filter for Biocatalytic CO<sub>2</sub> Capture|Biocatalytic Textiles for CO2 Point-Source and Direct Air Capture"
"jshen3","tschroe","1","False","3D‐Printed Hydrogel Filter for Biocatalytic CO<sub>2</sub> Capture"
"jshen3","xfang3","1","False","3D‐Printed Hydrogel Filter for Biocatalytic CO<sub>2</sub> Capture"
"sisalmon","tschroe","1","False","3D‐Printed Hydrogel Filter for Biocatalytic CO<sub>2</sub> Capture"
"sisalmon","xfang3","1","False","3D‐Printed Hydrogel Filter for Biocatalytic CO<sub>2</sub> Capture"
"tschroe","xfang3","1","False","3D‐Printed Hydrogel Filter for Biocatalytic CO<sub>2</sub> Capture"
"jgpierce","lvschnab","3","True","Pyrrolidine-2,3-diones: heterocyclic scaffolds that inhibit and eradic|Expanded library of novel 2,3-pyrrolidinedione analogues exhibit anti-|Fighting fibrin with fibrin: Vancomycin delivery into coagulase‐mediat"
"dxlascel","kmathews","1","False","Conservative management of canine cleft palate can be a viable treatme"
"dmmerite","kvpierce","1","False","Cardiovascular disease in central bearded dragons (Pogona vitticeps): "
"dmmerite","sozawa","1","False","Cardiovascular disease in central bearded dragons (Pogona vitticeps): "
"kvpierce","sozawa","2","False","Cardiovascular disease in central bearded dragons (Pogona vitticeps): |Point-of-Care Cardiac Troponin I Assay Evaluation in New Zealand White"
"bgilger","mhenrik","1","False","Causes, treatment, and outcome of hyphema, fibrin, and vitreal hemorrh"
"jher","yjeong5","1","False","A Retrospective Review of Morbidity and Mortality in ‘Good Samaritan’ "
"ekemahl","rbhandfi","1","False","Exploring Opioid Prescription Patterns and Overdose Rates in South Car"
"ahuerta","dfrpp","3","False","Whole-Genome Sequence Resources for <i>Pseudomonas amygdali</i> pv. <i|Genetically similar <i>Xanthomonas arboricola</i> pv. <i>pruni</i> str|First Report of Bacterial Leaf Spot Disease on Sesame (<i>Sesamum indi"
"dxlascel","megruen","2","False","2024 ISFM and AAFP consensus guidelines on the long-term use of NSAIDs|Qualitative Exploration of the Hidden Curriculum in Communicating Dog "
"bafloyd","iguvenc","1","False","A mmWave Software-Defined Array Platform for Wireless Experimentation "
"hwu15","jliu38","1","False","Electrical de-poling and re-poling of relaxor-PbTiO3 piezoelectric sin"
"hwu15","jryu","1","False","Electrical de-poling and re-poling of relaxor-PbTiO3 piezoelectric sin"
"jliu38","jryu","1","False","Electrical de-poling and re-poling of relaxor-PbTiO3 piezoelectric sin"
"jliu38","xjiang5","1","False","Electrical de-poling and re-poling of relaxor-PbTiO3 piezoelectric sin"
"jryu","xjiang5","2","False","Electrical de-poling and re-poling of relaxor-PbTiO3 piezoelectric sin|A Review of Experimental Methods for Characterizing Ferroelectric Doma"
"dbdoughe","fncastel","1","False","Ligand field exciton annihilation in bulk CrCl3"
"iguvenc","mlsichit","3","False","Kriging-Based 3-D Spectrum Awareness for Radio Dynamic Zones Using Aer|Aerial RF and Throughput Measurements on a Non-Standalone 5G Wireless |Key Observations from Altitude-Dependent Sub-6 GHz Spectrum Measuremen"
"iguvenc","oozdemi","3","False","Kriging-Based 3-D Spectrum Awareness for Radio Dynamic Zones Using Aer|Aerial RF and Throughput Measurements on a Non-Standalone 5G Wireless |Key Observations from Altitude-Dependent Sub-6 GHz Spectrum Measuremen"
"mlsichit","oozdemi","3","False","Kriging-Based 3-D Spectrum Awareness for Radio Dynamic Zones Using Aer|Aerial RF and Throughput Measurements on a Non-Standalone 5G Wireless |Key Observations from Altitude-Dependent Sub-6 GHz Spectrum Measuremen"
"rleon","screberg","1","False","Mapping predicted biomass in cereal rye using 3D imaging and geostatis"
"ejlobato","lxiang3","1","True","Photorealistic Arm Robot Simulation for 3D Plant Reconstruction and Au"
"ejlobato","screberg","1","True","Photorealistic Arm Robot Simulation for 3D Plant Reconstruction and Au"
"lxiang3","screberg","1","False","Photorealistic Arm Robot Simulation for 3D Plant Reconstruction and Au"
"aseyam","zikry","2","True","Impact Performance of 3D Orthogonal Woven Composites: A Finite Element|Numerical Study of the Influence of the Structural Parameters on the S"
"acmyers3","kmathur","3","False","Comparative study of physical and virtual fabric parameters: physical |Enhancing Biosignal Quality in Electrocardiogram Monitoring Garments: |FitECG: Validating contact pressure prediction model for inclusive wea"
"mbfisher","rashirwa","1","False","3D melt blowing of Elastollan thermoplastic polyurethane for tissue en"
"cwong9","iguvenc","1","False","3D Spectrum Awareness for Radio Dynamic Zones Using Kriging and Matrix"
"ahjhala","mcsrougi","2","True","Student experiences with a molecular biotechnology course containing a|Abstract 1497 Development and Evaluation of an Immersive and Interacti"
"rashirwa","spark","1","True","Single-Component Cellulose Acetate Sulfate Hydrogels for Direct Ink Wr"
"rsozzan","tjhorn","1","True","Cell-material interactions in 3D bioprinted plant cells"
"agorny","kmjennin","1","False","Evaluation of Weed Species for Host Status to the Root-Knot Nematodes "
"fakish","fhsiao","1","False","High Bandwidth GaN-Based Micro-LEDs at Temperatures up to 400  <sup>∘<"
"fakish","jjwierer","2","False","High Bandwidth GaN-Based Micro-LEDs at Temperatures up to 400  <sup>∘<|Growth and characterization of AlInN/GaN superlattices"
"fhsiao","jjwierer","1","False","High Bandwidth GaN-Based Micro-LEDs at Temperatures up to 400  <sup>∘<"
"agupta1","khan6","2","False","Integrated 4D Design Change Management Model for Construction Projects|Evaluation of Fault Tree Analysis Algorithms for Probabilistic Risk As"
"baquroll","ebbreits","1","False","Evaluation of the Veterinary IDEXX SNAP 4Dx Plus Test for the Diagnosi"
"bgwalan","jbtracy","1","False","Aluminum/SmCo5 composites for structural and magnetic applications"
"bgwalan","nwising","1","False","Aluminum/SmCo5 composites for structural and magnetic applications"
"jbtracy","nwising","1","False","Aluminum/SmCo5 composites for structural and magnetic applications"
"fawrigh2","yzhou19","5","False","Hazard and risk characterization of 56 structurally diverse PFAS using|Liver eQTL meta-analysis illuminates potential molecular mechanisms of|Characterizing PFAS hazards and risks: a human population-based in vit"
"gproest","gwlucier","1","False","Determining Prestress Losses, Residual Capacity, and Degradation from "
"gproest","rseraci","1","False","Determining Prestress Losses, Residual Capacity, and Degradation from "
"gwlucier","rseraci","1","False","Determining Prestress Losses, Residual Capacity, and Degradation from "
"iguvenc","rdutta","1","False","Key Observations from Altitude-Dependent Sub-6 GHz Spectrum Measuremen"
"mlsichit","rdutta","1","False","Key Observations from Altitude-Dependent Sub-6 GHz Spectrum Measuremen"
"oozdemi","rdutta","1","False","Key Observations from Altitude-Dependent Sub-6 GHz Spectrum Measuremen"
"asharm66","assuryaw","1","False","Protocol for X-ray irradiation of C57BL/6J recipient mice followed by "
"asharm66","mwnolan","1","False","Protocol for X-ray irradiation of C57BL/6J recipient mice followed by "
"asharm66","ysaini","1","False","Protocol for X-ray irradiation of C57BL/6J recipient mice followed by "
"assuryaw","mwnolan","1","False","Protocol for X-ray irradiation of C57BL/6J recipient mice followed by "
"assuryaw","ysaini","2","False","Protocol for X-ray irradiation of C57BL/6J recipient mice followed by |Airspaces-derived exosomes contain disease-relevant protein signatures"
"mwnolan","ysaini","1","False","Protocol for X-ray irradiation of C57BL/6J recipient mice followed by "
"kdembek","klhepwor","2","False","Postanesthetic rhabdomyolysis in 7 warmblood horses|An updated description of bacterial pneumonia in adult horses and fact"
"aanevzor","aismirno","1","False","High-frequency high-power DNP/EPR spectrometer operating at 7 T magnet"
"dazaharo","msano2","1","True","A novel in vitro model of clinical cryoablation to investigate the tra"
"jahipp","ksbunds","2","False","Adult Sports Participation and Physical Activity: How About Curling?|Patient capital and no net loss: Applying institutional theory to unde"
"aoh","hdwester","1","False","Ultrasound biomicroscopic imaging parameters associated with outcome i"
"bgilger","hdwester","1","False","Ultrasound biomicroscopic imaging parameters associated with outcome i"
"dsun4","jliu38","3","True","Colossal anisotropic absorption of spin currents induced by chirality|Chiral phonon activated spin Seebeck effect in chiral materials|Anomalous Correlation between Thermal Conductivity and Elastic Modulus"
"kdembek","lvschnab","1","False","Systemic absorption of triamcinolone acetonide is increased from intra"
"rbormond","rebaynes","3","True","Impact of Skin Decontamination Wipe Solutions on the Percutaneous Abso|Percutaneous Absorption of Fireground Contaminants: Naphthalene, Phena|Skin Permeability of Perfluorocarboxylic Acids Using Flow-Through Diff"
"jslindse","mtanigu","5","False","Acquisition of absorption and fluorescence spectral data using chatbot|Appropriate handling of fluorescence spectra for accurate spectral ove|Performance of chatbots in queries concerning fundamental concepts in "
"jabuckel","jcao22","1","False","Quantifying intra-annual changes in abundance and distribution to iden"
"sskhan","tbdimitr","1","True","Investigating Academic Confidence, Workload Stress, and Performance in"
"aaysu","paulf","1","False","RD-FAXID: Ransomware Detection with FPGA-Accelerated XGBoost"
"bsunderw","cahintz","6","False","Low-Temperature Performance Evaluation of Recycled Binder Blends for A|Phenomenological modeling of aging and rejuvenation on asphalt binder |A framework to identify fatigue failure of asphalt binders under multi"
"btoconno","hwade","1","True","Exceptional Alignment in a Donor–Acceptor Conjugated Polymer via a Pre"
"btoconno","mwkudeno","2","False","Exceptional Alignment in a Donor–Acceptor Conjugated Polymer via a Pre|Flexible Self‐Powered Organic Photodetector with High Detectivity for "
"hwade","mwkudeno","1","True","Exceptional Alignment in a Donor–Acceptor Conjugated Polymer via a Pre"
"kbusch","ktate","4","True","Becoming the change we want to see: Aspirations and initial progress w|Pushing toward systemic change in the Capitalocene: Investigating the |How mixed messages may be better than avoidance in climate change educ"
"kbusch","lrlarson","1","True","Becoming the change we want to see: Aspirations and initial progress w"
"ktate","lrlarson","3","False","Becoming the change we want to see: Aspirations and initial progress w|Birdwatching linked to increased psychological well-being on college c|Nature or the outdoors? Understanding the power of language in element"
"jahipp","lrlarson","3","False","Historical redlining and environmental (in)justices: A scoping review |Patient capital and no net loss: Applying institutional theory to unde|Birdwatching linked to increased psychological well-being on college c"
"miorizz","pmperkin","5","False","Genotype and ripening method affect carotenoid content and bio-accessi|Inference of the genetic basis of fruit texture in highbush blueberrie|Assessing predictability of post-storage texture and appearance charac"
"mlila","pmperkin","4","False","Genotype and ripening method affect carotenoid content and bio-accessi|Fermentation of American elderberry juice yields functional phytochemi|Inference of the genetic basis of fruit texture in highbush blueberrie"
"jkmattin","mpgreen2","1","True","Accessing new physics with an undoped, cryogenic CsI CEvNS detector fo"
"bernholc","wlu2","3","False","Adaptive finite differencing in high accuracy electronic structure cal|High-temperature semicrystalline/amorphous polymer blends exhibiting e|Deposition temperature-mediated growth of helically shaped polymers an"
"lalucia","lpal","2","False","Development of multifunctional sustainable packaging from acetylated c|Sustainable Agro-Residue-Derived Cellulose Nanofibril Acetylation and "
"eooviedo","mvjoseph","5","False","Effects of high oleic full-fat soybean meal on broiler live performanc|Influence of extruded soybean meal with different fat contents and var|Full-Fat Soybean Meals as an Alternative Poultry Feed Ingredient—Feed "
"eooviedo","otfoye","4","False","Effects of high oleic full-fat soybean meal on broiler live performanc|Influence of extruded soybean meal with different fat contents and var|Full-Fat Soybean Meals as an Alternative Poultry Feed Ingredient—Feed "
"mvjoseph","otfoye","4","False","Effects of high oleic full-fat soybean meal on broiler live performanc|Influence of extruded soybean meal with different fat contents and var|Full-Fat Soybean Meals as an Alternative Poultry Feed Ingredient—Feed "
"enford","jjpawlak","3","True","Aquatic biodegradation of poly(β-hydroxybutyrate) in polylactic acid a|Beyond cotton and polyester: An evaluation of emerging feedstocks and |Textiles from non-wood feedstocks: Challenges and opportunities of cur"
"enford","richardv","3","True","Aquatic biodegradation of poly(β-hydroxybutyrate) in polylactic acid a|Beyond cotton and polyester: An evaluation of emerging feedstocks and |Textiles from non-wood feedstocks: Challenges and opportunities of cur"
"jjpawlak","richardv","6","False","Aquatic biodegradation of poly(β-hydroxybutyrate) in polylactic acid a|Effect of paper-making additives on biodegradation of lignocellulosic |Evaluating chemi-mechanical pulping processes of agricultural residues"
"jodle","xilin","2","False","Effects of maternal feeding of clofibrate on hepatic fatty acid metabo|Prebiotic galactooligosaccharide improves piglet growth performance an"
"eooviedo","shall5","1","False","Influence of extruded soybean meal with different fat contents and var"
"mvjoseph","shall5","1","False","Influence of extruded soybean meal with different fat contents and var"
"otfoye","shall5","1","False","Influence of extruded soybean meal with different fat contents and var"
"cmroland","krwening","1","False","Structural and Dynamical Properties of Nucleic Acid Hairpins Implicate"
"cmroland","sagui","1","False","Structural and Dynamical Properties of Nucleic Acid Hairpins Implicate"
"krwening","sagui","1","False","Structural and Dynamical Properties of Nucleic Acid Hairpins Implicate"
"aecarso2","dcmuddim","1","True","In-depth characterization of N-glycosylation and sialic acid content i"
"amikael","coby","1","False","Lethal disruption of the bacterial gut community in Eastern subterrane"
"alwoodle","shu4","2","False","Intermediate soil acidification induces highest nitrous oxide emission|Multi-amplicon nitrogen cycling gene standard: An innovative approach "
"jaosborn","jonr","1","True","Quantification of cucurbitacin C in bitter cucumber and its reduction "
"gsseiler","jgookin","2","False","Acquired dysfunction of CFTR underlies cystic fibrosis-like disease of|Increased lipogenesis and lipidosis of gallbladder epithelium in dogs "
"gsseiler","kmathews","2","False","Acquired dysfunction of CFTR underlies cystic fibrosis-like disease of|Increased lipogenesis and lipidosis of gallbladder epithelium in dogs "
"jgookin","kmathews","2","False","Acquired dysfunction of CFTR underlies cystic fibrosis-like disease of|Increased lipogenesis and lipidosis of gallbladder epithelium in dogs "
"xliu68","xwang97","1","False","Data-dependent and -independent acquisition lipidomics analysis reveal"
"laramir2","mlardons","1","True","On the breakdown of woody debris across a groundwater gradient in Neot"
"glmille3","jzhan256","2","False","Enhancing drought resistance in warm‐season turfgrasses: Fourteen year|Maximizing genetic gains across agronomic and consumer preference trai"
"glmille3","srmilla","2","False","Enhancing drought resistance in warm‐season turfgrasses: Fourteen year|Maximizing genetic gains across agronomic and consumer preference trai"
"jzhan256","srmilla","2","False","Enhancing drought resistance in warm‐season turfgrasses: Fourteen year|Maximizing genetic gains across agronomic and consumer preference trai"
"hashraf2","jzhan256","1","False","Open-Source High-Throughput Phenotyping for Blueberry Yield and Maturi"
"bbcutts","cbcoope3","1","False","Exploring Project Connections Across the Citizen Science Landscape: A "
"bbcutts","lrlarson","2","False","Exploring Project Connections Across the Citizen Science Landscape: A |Patient capital and no net loss: Applying institutional theory to unde"
"cbcoope3","lrlarson","1","False","Exploring Project Connections Across the Citizen Science Landscape: A "
"nebuchle","oargell","1","True","Deep learning-driven imaging of cell division and cell growth across a"
"aecarso2","thlabean","2","False","A Functional RNA-Origami as Direct Thrombin Inhibitor with Fast-acting|Utilizing multiscale engineered biomaterials to examine <scp>TGF‐β</sc"
"jayscue","ldfusare","1","False","“Fighting an Uphill Battle”: The Pursuit of Equity Through the Every S"
"elseekam","wgknolle","1","False","Gateway community stakeholders’ perceived impacts of protected area ma"
"bbcutts","elseekam","2","False","Pushing toward systemic change in the Capitalocene: Investigating the |Conceptualizing community-level environmental literacy using the Delph"
"bbcutts","kbusch","2","True","Pushing toward systemic change in the Capitalocene: Investigating the |Conceptualizing community-level environmental literacy using the Delph"
"bbcutts","ktate","2","False","Pushing toward systemic change in the Capitalocene: Investigating the |Conceptualizing community-level environmental literacy using the Delph"
"elseekam","kbusch","2","True","Pushing toward systemic change in the Capitalocene: Investigating the |Conceptualizing community-level environmental literacy using the Delph"
"elseekam","ktate","2","False","Pushing toward systemic change in the Capitalocene: Investigating the |Conceptualizing community-level environmental literacy using the Delph"
"prhess","xliu68","1","True","Myeloid cell MHC I expression drives CD8+ T cell activation in nonalco"
"dhsuchof","dljorda2","1","False","Effect of <i>S</i>-metolachlor and flumioxazin herbicides on sweetpota"
"dhsuchof","jonr","1","False","Effect of <i>S</i>-metolachlor and flumioxazin herbicides on sweetpota"
"dhsuchof","kmjennin","1","False","Effect of <i>S</i>-metolachlor and flumioxazin herbicides on sweetpota"
"dljorda2","jonr","1","False","Effect of <i>S</i>-metolachlor and flumioxazin herbicides on sweetpota"
"dljorda2","kmjennin","2","False","Effect of <i>S</i>-metolachlor and flumioxazin herbicides on sweetpota|Response of stevia to reduced-risk synthetic and nonsynthetic herbicid"
"jonr","kmjennin","1","False","Effect of <i>S</i>-metolachlor and flumioxazin herbicides on sweetpota"
"jnbocarr","ksbunds","1","False","The relationship between the environment and physical activity-related"
"rcollaz","sitar","2","False","Dissolution of Mg-enriched defects in implanted GaN and increased p-ty|High-current, high-voltage AlN Schottky barrier diodes"
"dasalvi","hzheng23","1","False","Exploration of plasma‐activated water (<scp>PAW</scp>) as a cleaning‐i"
"emzechma","knappe","1","False","Machine Learning Models to Predict Early Breakthrough of Recalcitrant "
"hmhassan","rrkulkar","1","True","Modulation of functional activity of heat-stressed chicken macrophages"
"aismirno","mvoynov","2","False","Measuring local pH at interfaces from molecular tumbling: A concept fo|Lignin Structural Characterization and Its Antioxidant Potential: A Co"
"aismirno","tismirno","2","False","Measuring local pH at interfaces from molecular tumbling: A concept fo|A TriAdj-Adjuvanted Chlamydia trachomatis CPAF Protein Vaccine Is High"
"mvoynov","tismirno","1","False","Measuring local pH at interfaces from molecular tumbling: A concept fo"
"gbuckner","mmuller2","1","False","Design Optimization and Tradeoff Analysis of an Actuated Continuum Pro"
"dgkamper","gbuckner","1","False","Soft pneumatic actuators for pushing fingers into extension"
"jwilli27","vvvolpe","1","True","Prior exposure to racial discrimination and patterns of acute parasymp"
"arkendal","njolby","1","False","ACVIM</scp> consensus statement on diagnosis and management of urinary"
"njolby","slvaden","1","False","ACVIM</scp> consensus statement on diagnosis and management of urinary"
"desaloni","dsjones5","2","True","Characterizing value-added pellets obtained from blends of miscanthus,|Nth-plant scenario for blended pellets of Miscanthus, Switchgrass, and"
"desaloni","msharar","2","True","Characterizing value-added pellets obtained from blends of miscanthus,|Nth-plant scenario for blended pellets of Miscanthus, Switchgrass, and"
"dsjones5","msharar","3","False","Characterizing value-added pellets obtained from blends of miscanthus,|Manure nutrient cycling in US animal agriculture basins—North Carolina|Nth-plant scenario for blended pellets of Miscanthus, Switchgrass, and"
"mlila","mlmoncad","2","False","Spray dried insect protein-polyphenol particles deliver health-relevan|Fermentation of American elderberry juice yields functional phytochemi"
"richardv","spark","1","False","Techno-economic analysis of biomass value-added processing informed by"
"drpanthe","lxiang3","1","False","High‐Throughput Robotic Phenotyping for Quantifying Tomato Disease Sev"
"jbtracy","jyin8","1","False","Magnetic kirigami dome metasheet with high deformability and stiffness"
"hsu4","jyin8","3","False","Adaptive hierarchical origami-based metastructures|Reprogrammable and reconfigurable mechanical computing metastructures |Untethered Fluidic Engine for High‐Force Soft Wearable Robots"
"akhowar5","ksaul","1","False","An Adaptive Learning Engineering Mechanics Curricular Sequence"
"lmquesad","lxiang3","1","False","Development of a bionic hexapod robot with adaptive gait and clearance"
"smfergu2","tjhorn","1","False","ML-Based Analysis of In-Situ Backscatter Electron Detection for Qualit"
"cdrock","tjhorn","1","False","Additive Manufacturing for RF Products"
"fbsantos","otfoye","1","False","The effect of peanut skins as a natural antimicrobial feed additive on"
"fbsantos","rdmalhei","1","False","The effect of peanut skins as a natural antimicrobial feed additive on"
"otfoye","rdmalhei","1","False","The effect of peanut skins as a natural antimicrobial feed additive on"
"rkgupta2","tjhorn","1","False","Influence of Spatter on Porosity, Microstructure, and Corrosion of Add"
"bsunderw","kim","6","False","A state-of-the-art review of asphalt mixture fracture models to addres|Mechanical Properties and Performance of Mixtures Containing a High Le|Evaluation of Paris law-based approach on asphalt mixture reflective c"
"jcmichno","reronque","1","False","Ven, Vení, Venga"
"dmberube","jljone21","1","True","Positioning nanotechnology to address climate change"
"dmberube","kdgriege","1","True","Positioning nanotechnology to address climate change"
"jljone21","kdgriege","2","True","Positioning nanotechnology to address climate change|Environmental impacts of selected metal cations for phosphorus capture"
"choyo","klstansb","1","True","Integrating Implementation Theory to Address Inequities in Cancer Care"
"chsiao2","eesantis","1","False","Isothermal Titration Calorimetry Reveals Entropy-Driven Bisphenol A Ep"
"chsiao2","khan","1","False","Isothermal Titration Calorimetry Reveals Entropy-Driven Bisphenol A Ep"
"chsiao2","odvelev","1","False","Isothermal Titration Calorimetry Reveals Entropy-Driven Bisphenol A Ep"
"eesantis","khan","1","False","Isothermal Titration Calorimetry Reveals Entropy-Driven Bisphenol A Ep"
"eesantis","odvelev","1","False","Isothermal Titration Calorimetry Reveals Entropy-Driven Bisphenol A Ep"
"khan","odvelev","1","False","Isothermal Titration Calorimetry Reveals Entropy-Driven Bisphenol A Ep"
"jducoste","mpourgh","1","False","Measurement and Temperature Prediction from Ash Disposed in Landfills "
"imgimeno","rrkulkar","1","False","Evaluation of Adjuvant Effect of Cytosine-Guanosine-Oligodeoxynucleoti"
"clmarian","dxlascel","1","False","Pharmacokinetics of subcutaneous ketamine administration via the Omnip"
"clmarian","jdbriley","1","False","Pharmacokinetics of subcutaneous ketamine administration via the Omnip"
"clmarian","krmunana","2","False","Pharmacokinetics of subcutaneous ketamine administration via the Omnip|Clinical and imaging findings in dogs with nerve root signature associ"
"clmarian","njolby","2","False","Pharmacokinetics of subcutaneous ketamine administration via the Omnip|Clinical and imaging findings in dogs with nerve root signature associ"
"clmarian","pjearly","2","False","Pharmacokinetics of subcutaneous ketamine administration via the Omnip|Clinical and imaging findings in dogs with nerve root signature associ"
"dxlascel","jdbriley","1","False","Pharmacokinetics of subcutaneous ketamine administration via the Omnip"
"dxlascel","krmunana","1","False","Pharmacokinetics of subcutaneous ketamine administration via the Omnip"
"dxlascel","njolby","1","False","Pharmacokinetics of subcutaneous ketamine administration via the Omnip"
"dxlascel","pjearly","1","False","Pharmacokinetics of subcutaneous ketamine administration via the Omnip"
"jdbriley","krmunana","1","False","Pharmacokinetics of subcutaneous ketamine administration via the Omnip"
"jdbriley","njolby","1","False","Pharmacokinetics of subcutaneous ketamine administration via the Omnip"
"jdbriley","pjearly","1","False","Pharmacokinetics of subcutaneous ketamine administration via the Omnip"
"krmunana","njolby","2","False","Pharmacokinetics of subcutaneous ketamine administration via the Omnip|Clinical and imaging findings in dogs with nerve root signature associ"
"krmunana","pjearly","2","False","Pharmacokinetics of subcutaneous ketamine administration via the Omnip|Clinical and imaging findings in dogs with nerve root signature associ"
"njolby","pjearly","2","False","Pharmacokinetics of subcutaneous ketamine administration via the Omnip|Clinical and imaging findings in dogs with nerve root signature associ"
"ajbirken","kaharrel","1","False","Case report: Severe hepatopathy following rivaroxaban administration i"
"ajbirken","kvpierce","1","False","Case report: Severe hepatopathy following rivaroxaban administration i"
"kaharrel","kvpierce","1","False","Case report: Severe hepatopathy following rivaroxaban administration i"
"oapetrit","rcrespo","1","False","Residue, distribution and depletion of fluralaner in egg following a s"
"oapetrit","rebaynes","1","False","Residue, distribution and depletion of fluralaner in egg following a s"
"rcrespo","rebaynes","1","False","Residue, distribution and depletion of fluralaner in egg following a s"
"dmfoster","jlhaller","6","False","Continuous sampling of healthy and mastitic quarters of lactating catt|Impact of florfenicol dosing regimen on the phenotypic and genotypic r|Novel drug sampling technique: portal vein catheterization in steers"
"dmfoster","rebaynes","3","False","Continuous sampling of healthy and mastitic quarters of lactating catt|Impact of florfenicol dosing regimen on the phenotypic and genotypic r|The Pharmacokinetics of Subcutaneous Eprinomectin in Plasma and Milk i"
"jlhaller","rebaynes","4","False","Continuous sampling of healthy and mastitic quarters of lactating catt|Flunixin meglumine tissue residues after intravenous administration in|Impact of florfenicol dosing regimen on the phenotypic and genotypic r"
"hlee33","japorter","1","False","The role of regulatory focus in consumers' adoption of virtual fitting"
"japorter","yxu11","1","False","The role of regulatory focus in consumers' adoption of virtual fitting"
"cbgorman","ygyingli","1","True","Phosphate-binding protein-loaded iron oxide particles: adsorption perf"
"aschnet","knappe","1","True","Evaluating Solid Phase Adsorption Toxin Tracking (SPATT) for passive m"
"cmrobvei","ebbreits","1","False","Bartonella species bacteremia in association with adult psychosis"
"cmrobvei","rgmaggi","1","False","Bartonella species bacteremia in association with adult psychosis"
"ebbreits","rgmaggi","8","False","Bartonella species bacteremia in association with adult psychosis|Human Babesia odocoilei and Bartonella spp. co-infections in the Ameri|The role of vector-borne pathogens and cardiac Striatin genotype on su"
"egmedlin","mkpeed","1","False","Use of extracorporeal hemoperfusion therapy in an adult horse with <i>"
"egmedlin","yueda","1","False","Use of extracorporeal hemoperfusion therapy in an adult horse with <i>"
"mkpeed","yueda","2","False","Use of extracorporeal hemoperfusion therapy in an adult horse with <i>|Hemadsorption extracorporeal therapy removes cytokines ex vivo in hors"
"desaloni","lpal","1","False","From waste to advanced resource: Techno-economic and life cycle assess"
"desaloni","rwgonzal","6","False","From waste to advanced resource: Techno-economic and life cycle assess|Evaluating chemi-mechanical pulping processes of agricultural residues|An economic analysis of bamboo plantations and feedstock delivered cos"
"agulyuk","ygyingli","1","False","Multiple Data Imputation Methods Advance Risk Analysis and Treatabilit"
"cmwilli5","dsjones5","3","True","Advancing sweetpotato quality assessment with hyperspectral imaging an|Predicting sweetpotato traits using machine learning: Impact of enviro|Evaluating two high-throughput phenotyping platforms at early stages o"
"cmwilli5","mwkudeno","2","False","Advancing sweetpotato quality assessment with hyperspectral imaging an|Evaluating two high-throughput phenotyping platforms at early stages o"
"dsjones5","mwkudeno","2","True","Advancing sweetpotato quality assessment with hyperspectral imaging an|Evaluating two high-throughput phenotyping platforms at early stages o"
"bjreich","syang24","2","False","A diverse portfolio of marine protected areas can better advance globa|Estimating spatially varying health effects of wildland fire smoke usi"
"nsharm23","xjiang5","5","False","Advancing Muscle Monitoring and Intervention: Wearable Ultrasound for |Ultrasound Imaging Triggered Tremor Suppression With Personalized Affe|A Flexible and Wearable Sparse Ultrasound Array Integrated with a Func"
"aison","johata","1","False","Contextual Analysis of Scientific Publications for Advancing Writing S"
"aison","martinjd","1","False","Contextual Analysis of Scientific Publications for Advancing Writing S"
"johata","martinjd","1","False","Contextual Analysis of Scientific Publications for Advancing Writing S"
"ahajbab","lhajiba","2","False","Advancing the white phase mobile traffic control paradigm to consider |A relaxation‐based Voronoi diagram approach for equitable resource dis"
"narayan","rjnaraya","2","False","Multifunctional carbon-based nanostructures (CBNs) for advanced biomed|Q-carbon as an emergent surface coating material for antimicrobial app"
"jmgray2","mlardons","2","False","Advancing food security: Rice yield estimation framework using time-se|Detecting Trajectories of Regime Shifts and Loss of Resilience in Coas"
"jmgray2","mtulbure","1","False","Advancing food security: Rice yield estimation framework using time-se"
"jmgray2","sarumug","1","True","Advancing food security: Rice yield estimation framework using time-se"
"mlardons","mtulbure","1","False","Advancing food security: Rice yield estimation framework using time-se"
"mlardons","sarumug","1","True","Advancing food security: Rice yield estimation framework using time-se"
"mtulbure","sarumug","1","True","Advancing food security: Rice yield estimation framework using time-se"
"jdong","yslee","1","False","Advanced Neural Probe Sensors toward Multi‐Modal Sensing and Modulatio"
"agupta1","ntdinh","1","False","Knowledge representation to support EMDAP implementation in advanced r"
"dfcall","rsozzan","1","True","Transdisciplinary collaborations for advancing sustainable and resilie"
"choyo","rhernan2","2","True","Maternal childhood adversity and infant epigenetic aging: Moderation b|Prepandemic Factors Associated With Pandemic Impact and Psychosocial D"
"cwong9","dzbaron","1","False","High-Speed Receiver Transient Modeling with Generative Adversarial Net"
"cwong9","paulf","1","False","High-Speed Receiver Transient Modeling with Generative Adversarial Net"
"cwong9","twu19","1","False","High-Speed Receiver Transient Modeling with Generative Adversarial Net"
"dzbaron","paulf","1","False","High-Speed Receiver Transient Modeling with Generative Adversarial Net"
"dzbaron","twu19","1","False","High-Speed Receiver Transient Modeling with Generative Adversarial Net"
"paulf","twu19","1","False","High-Speed Receiver Transient Modeling with Generative Adversarial Net"
"bgreaves","whenck","2","False","Pairing Security Advisories with Vulnerable Functions Using Open-Sourc|VFCFinder: Pairing Security Advisories and Patches"
"jsbaker4","rlcook","2","False","Rethinking Productivity Evaluation in Precision Forestry through Domin|Modeling wood product carbon flows in southern us pine plantations: im"
"cfcastro","jwore","1","True","Towards Autonomous, Optimal Water Sampling with Aerial and Surface Veh"
"cfcastro","shall5","1","False","Towards Autonomous, Optimal Water Sampling with Aerial and Surface Veh"
"jwore","shall5","1","True","Towards Autonomous, Optimal Water Sampling with Aerial and Surface Veh"
"rdutta","yliu322","1","False","Wireless Signal Source Localization by Unmanned Aerial Vehicle Using A"
"eadenhar","tfang2","1","True","Effects of yarn properties on aerosol filtration performance of single"
"mrojasp","rhernan4","1","False","White LED intensities during co-cultivation affect the Agrobacterium-m"
"tmbarnes","twprice","4","False","Experience Helps, but It Isn't Everything: Exploring Causes of Affecti|Idea Builder: Motivating Idea Generation and Planning for Open-Ended P|Ninth SPLICE Workshop on Technology and Data Infrastructure for CS Edu"
"hwsedero","mkleine","1","False","IPD3, a master regulator of arbuscular mycorrhizal symbiosis, affects "
"aecarso2","smenega","1","False","Peptide ligands for the universal purification of exosomes by affinity"
"cyeh4","gmachad","2","True","Modeling the transmission dynamics of African swine fever virus within|Modeling the impact of optimized airflow and sick pen management on th"
"ajplanch","amaity","1","False","Association between F2-isoprostanes and self-reported stressors in pre"
"ajplanch","choyo","2","False","Association between F2-isoprostanes and self-reported stressors in pre|DNA methylation of imprint control regions associated with Alzheimer’s"
"amaity","choyo","1","False","Association between F2-isoprostanes and self-reported stressors in pre"
"amlynch3","jabalko","1","False","INVESTIGATION OF A POINT-OF-CARE VISCOELASTIC COAGULATION MONITOR AND "
"agorny","szeng","1","False","Discovery of a major QTL for resistance to the guava root-knot nematod"
"agorny","yencho","2","False","Discovery of a major QTL for resistance to the guava root-knot nematod|A Comparison of Three Automated Root-Knot Nematode Egg Counting Approa"
"szeng","yencho","1","False","Discovery of a major QTL for resistance to the guava root-knot nematod"
"eghohmei","kesaker","1","True","Establishing a clinically applicable frailty phenotype screening tool "
"eghohmei","megruen","3","True","Establishing a clinically applicable frailty phenotype screening tool |Pilot Study on the Efficacy and Safety of Long-Term Oral Imepitoin Tre|A randomized, controlled clinical trial demonstrates improved owner-as"
"eghohmei","njolby","2","True","Establishing a clinically applicable frailty phenotype screening tool |A randomized, controlled clinical trial demonstrates improved owner-as"
"kesaker","megruen","1","False","Establishing a clinically applicable frailty phenotype screening tool "
"kesaker","njolby","1","False","Establishing a clinically applicable frailty phenotype screening tool "
"megruen","njolby","4","False","Establishing a clinically applicable frailty phenotype screening tool |Cross-sectional and longitudinal analysis of health-related quality of|Voxelwise analysis of the central hearing pathway in senior dogs revea"
"arkendal","efpearso","1","False","Subclinical bacteriuria is nonprogressive but persistent in dogs four "
"arkendal","skrhea","1","False","Subclinical bacteriuria is nonprogressive but persistent in dogs four "
"efpearso","skrhea","1","False","Subclinical bacteriuria is nonprogressive but persistent in dogs four "
"efpearso","slvaden","1","False","Subclinical bacteriuria is nonprogressive but persistent in dogs four "
"skrhea","slvaden","1","False","Subclinical bacteriuria is nonprogressive but persistent in dogs four "
"bmritte2","dpellet","1","False","An analysis of benefit distributions selected by individuals covered b"
"bmritte2","rclark","1","False","An analysis of benefit distributions selected by individuals covered b"
"dpellet","rclark","1","False","An analysis of benefit distributions selected by individuals covered b"
"msano2","rapetrel","2","True","Investigation of integrated time nanosecond pulse irreversible electro|Treatment of Spontaneous Tumors With Algorithmically Controlled Electr"
"msano2","tprange","2","False","Investigation of integrated time nanosecond pulse irreversible electro|Treatment of Spontaneous Tumors With Algorithmically Controlled Electr"
"rapetrel","tprange","2","True","Investigation of integrated time nanosecond pulse irreversible electro|Treatment of Spontaneous Tumors With Algorithmically Controlled Electr"
"jgookin","mgpapich","1","False","Auranofin is lethal against feline Tritrichomonas foetus in vitro but "
"arwisnet","rcrespo","1","False","Immunization of turkeys with Clostridium septicum alpha toxin-based re"
"arwisnet","rrkulkar","1","False","Immunization of turkeys with Clostridium septicum alpha toxin-based re"
"rcrespo","rrkulkar","2","False","Immunization of turkeys with Clostridium septicum alpha toxin-based re|Characterization of immune responses and immunopathology in turkeys ex"
"bwiegman","mdlorenz","1","False","Development of an agroinfiltration-based transient hairpin RNA express"
"emzechma","tabirkla","2","True","Simulating the emergence of institutions that reverse freshwater salin|Characterizing the social-ecological system for inland freshwater sali"
"jmhaugh","kbflores","1","True","Quantifying collective motion patterns in mesenchymal cell populations"
"jmhaugh","rsmith","1","True","Quantifying collective motion patterns in mesenchymal cell populations"
"kbflores","rsmith","1","False","Quantifying collective motion patterns in mesenchymal cell populations"
"coby","kameikle","1","True","Bed bugs, <i>Cimex lectularius</i>: Undercover agents in forensic inve"
"jlswann","oyozalti","2","False","Incorporating Face Mask Usage in Agent-Based Models Using Personal Bel|Risk score models for urinary tract infection hospitalization"
"memayorg","oyozalti","1","False","Incorporating Face Mask Usage in Agent-Based Models Using Personal Bel"
"bmmorten","emzechma","1","False","An Agent-Based Modeling Perspective of Bio-Mediated Ureolysis"
"desaloni","jjpawlak","1","False","Evaluating chemi-mechanical pulping processes of agricultural residues"
"desaloni","richardv","5","False","Evaluating chemi-mechanical pulping processes of agricultural residues|An economic analysis of bamboo plantations and feedstock delivered cos|A Multi-Criteria Approach for Quantifying the Impact of Global Megatre"
"jjpawlak","rwgonzal","4","False","Evaluating chemi-mechanical pulping processes of agricultural residues|Assessing and predicting the softness of hygiene tissue containing alt|Beyond cotton and polyester: An evaluation of emerging feedstocks and "
"richardv","rwgonzal","10","False","Evaluating chemi-mechanical pulping processes of agricultural residues|Reducing subjectivity when performing LCA for recycling systems in the|An economic analysis of bamboo plantations and feedstock delivered cos"
"drobenou","kdgriege","1","True","Effective Nutrient Management of Surface Waters in the United States R"
"drobenou","nnelson4","2","True","Effective Nutrient Management of Surface Waters in the United States R|Relationships between soil test phosphorus and county‐level agricultur"
"kdgriege","nnelson4","1","False","Effective Nutrient Management of Surface Waters in the United States R"
"jldonald","wjwarner","1","False","Community College Transfer Students’ Agricultural Career Decision Maki"
"drobenou","owduckwo","1","True","Relationships between soil test phosphorus and county‐level agricultur"
"drobenou","sbkulesz","1","True","Relationships between soil test phosphorus and county‐level agricultur"
"nnelson4","owduckwo","1","False","Relationships between soil test phosphorus and county‐level agricultur"
"nnelson4","sbkulesz","1","False","Relationships between soil test phosphorus and county‐level agricultur"
"owduckwo","sbkulesz","1","False","Relationships between soil test phosphorus and county‐level agricultur"
"classen","jabruce2","1","False","Pathways to sustainable transitions in a complex agricultural system: "
"cmwilli5","rsozzan","1","True","The Black American experience: Answering the global challenge of broad"
"cmwilli5","talong","1","True","The Black American experience: Answering the global challenge of broad"
"rsozzan","talong","1","False","The Black American experience: Answering the global challenge of broad"
"cebarbie","wgknolle","1","False","Creative Tourism: An Umbrella for Agrifood Travel Experiences?"
"lmquesad","twgannon","1","False","Assessing Pesticide Residue Levels in Sweetpotato Roots and Slips Trea"
"cmwilli5","yencho","1","True","Predicting sweetpotato traits using machine learning: Impact of enviro"
"dsjones5","yencho","1","False","Predicting sweetpotato traits using machine learning: Impact of enviro"
"mpsingh","rcmayer","1","True","Toward a scorecard (and roadmap) for trustworthy AI implementation in "
"baran","iguvenc","1","False","URLLC-Aided System Protection in Smart Electric Power Distribution Sys"
"apgriesh","jrbryan3","3","True","Calibration of Low-Cost Particulate Matter Sensors PurpleAir: Model De|Supplementary material to ""Calibration of Low-Cost Particulate Matter |Calibration of PurpleAir low-cost particulate matter sensors: model de"
"tfang2","vnaraya3","2","False","Characteristics of Premixed Ammonia/Methane/Air Blends as an Alternati|Carbon nanofibers/liquid metal composites for high temperature laser u"
"classen","eooviedo","1","False","Impacts of Air Velocity Treatments Under Summer Conditions: Part III—L"
"classen","lwang5","1","False","Impacts of Air Velocity Treatments Under Summer Conditions: Part III—L"
"eooviedo","lwang5","1","False","Impacts of Air Velocity Treatments Under Summer Conditions: Part III—L"
"lwang5","pkolar","1","False","Proof-of-Concept Recirculating Air Cleaner Evaluation in a Pig Nursery"
"lwang5","sbshah3","1","False","Proof-of-Concept Recirculating Air Cleaner Evaluation in a Pig Nursery"
"pkolar","sbshah3","3","False","Proof-of-Concept Recirculating Air Cleaner Evaluation in a Pig Nursery|Engineered Miscanthus Biochar Performance as a Broiler Litter Amendmen|Poultry litter-derived biochar for supercapacitor applications"
"aharris5","apgriesh","1","False","Do the Health Benefits of Boiling Drinking Water Outweigh the Negative"
"eshim","khan","1","True","Charge Protection in Electret Air Filtration Nonwoven Materials"
"aecarso2","jbudhat","1","True","Preparation and Characterization of Hydrogels Fabricated From Chitosan"
"aecarso2","jmgluck","1","True","Preparation and Characterization of Hydrogels Fabricated From Chitosan"
"aecarso2","mwking2","1","True","Preparation and Characterization of Hydrogels Fabricated From Chitosan"
"jbudhat","jmgluck","2","False","Preparation and Characterization of Hydrogels Fabricated From Chitosan|Development of Optical Nanosensors for Detection of Potassium Ions and"
"jbudhat","mwking2","1","False","Preparation and Characterization of Hydrogels Fabricated From Chitosan"
"jmgluck","mwking2","1","False","Preparation and Characterization of Hydrogels Fabricated From Chitosan"
"apmazzol","mbryant","8","False","Algorithm for Locomotion Mode Selection, Energy Estimation and Path Pl|Underwater Dynamics, Controls and Trajectory Tracking of an Amphibious|A low-order modeling approach for analyzing the performance of coaxial"
"garabah","jfeduci","1","False","Aligning Chemical Education with Industry Needs: Key Insights from a C"
"fakish","muth","1","False","Growth and characterization of AlInN/GaN superlattices"
"jjwierer","muth","1","False","Growth and characterization of AlInN/GaN superlattices"
"eesantis","hall","1","False","<i>In Silico</i> Structural Comparison of Aromatic and Aliphatic Chira"
"rdewey","rslewis","2","False","BBL enzymes exhibit enantiospecific preferences in the biosynthesis of|Engineering Sclareol Production on the Leaf Surface of <i>Nicotiana ta"
"arweave3","dmfoster","2","True","106 Exposure to ergot alkaloids and heat stress alter pulmonary arteri|Exploring the impacts of fescue toxicosis on the pulmonary arterial pr"
"clpickwo","dmfoster","2","True","106 Exposure to ergot alkaloids and heat stress alter pulmonary arteri|Exploring the impacts of fescue toxicosis on the pulmonary arterial pr"
"dhpoole","dmfoster","2","True","106 Exposure to ergot alkaloids and heat stress alter pulmonary arteri|Exploring the impacts of fescue toxicosis on the pulmonary arterial pr"
"klan2","richardv","3","False","Reducing subjectivity when performing LCA for recycling systems in the|Evaluating cotton apparel with dynamic life cycle assessment: The clim|A modeling framework to identify environmentally greener and lower-cos"
"klan2","rwgonzal","1","False","Reducing subjectivity when performing LCA for recycling systems in the"
"aamassi","bgwalan","1","False","Mechanistic understanding of speciated oxide growth in high entropy al"
"aamassi","ekautz","1","False","Mechanistic understanding of speciated oxide growth in high entropy al"
"aamassi","mthuo","1","False","Mechanistic understanding of speciated oxide growth in high entropy al"
"bgwalan","ekautz","1","False","Mechanistic understanding of speciated oxide growth in high entropy al"
"bgwalan","mthuo","1","False","Mechanistic understanding of speciated oxide growth in high entropy al"
"ekautz","mthuo","1","False","Mechanistic understanding of speciated oxide growth in high entropy al"
"ekyoungs","reirwin","1","False","As prey and pollinators, insects increase reproduction and allow for o"
"ekyoungs","sorenson","2","False","As prey and pollinators, insects increase reproduction and allow for o|Reaching new heights: Arboreal ant diversity in a North American tempe"
"reirwin","sorenson","1","False","As prey and pollinators, insects increase reproduction and allow for o"
"rcollaz","spavlid","1","False","High-current, high-voltage AlN Schottky barrier diodes"
"alwelch","atbliksl","3","False","Prebiotic galactooligosaccharide improves piglet growth performance an|Equine Enteric Glial Culture and Application to the Study of A Neural |Review of venipuncture and intravenous catheterization techniques in p"
"alwelch","jodle","1","True","Prebiotic galactooligosaccharide improves piglet growth performance an"
"alwelch","lcvanlan","1","False","Prebiotic galactooligosaccharide improves piglet growth performance an"
"alwelch","skim22","1","True","Prebiotic galactooligosaccharide improves piglet growth performance an"
"alwelch","vfellner","1","True","Prebiotic galactooligosaccharide improves piglet growth performance an"
"alwelch","xilin","1","True","Prebiotic galactooligosaccharide improves piglet growth performance an"
"atbliksl","jodle","1","True","Prebiotic galactooligosaccharide improves piglet growth performance an"
"atbliksl","lcvanlan","1","False","Prebiotic galactooligosaccharide improves piglet growth performance an"
"atbliksl","skim22","1","True","Prebiotic galactooligosaccharide improves piglet growth performance an"
"atbliksl","vfellner","1","True","Prebiotic galactooligosaccharide improves piglet growth performance an"
"atbliksl","xilin","1","True","Prebiotic galactooligosaccharide improves piglet growth performance an"
"jodle","lcvanlan","1","True","Prebiotic galactooligosaccharide improves piglet growth performance an"
"jodle","skim22","1","False","Prebiotic galactooligosaccharide improves piglet growth performance an"
"jodle","vfellner","1","False","Prebiotic galactooligosaccharide improves piglet growth performance an"
"lcvanlan","skim22","1","True","Prebiotic galactooligosaccharide improves piglet growth performance an"
"lcvanlan","vfellner","1","True","Prebiotic galactooligosaccharide improves piglet growth performance an"
"lcvanlan","xilin","1","True","Prebiotic galactooligosaccharide improves piglet growth performance an"
"skim22","vfellner","1","False","Prebiotic galactooligosaccharide improves piglet growth performance an"
"skim22","xilin","1","False","Prebiotic galactooligosaccharide improves piglet growth performance an"
"vfellner","xilin","1","False","Prebiotic galactooligosaccharide improves piglet growth performance an"
"rmrejesu","screberg","1","False","Understanding the yield impacts of alternative cover crop families and"
"chhaigle","rlblanto","1","False","An alternate route for cellulose microfibril biosynthesis in plants"
"cahintz","kim","1","False","Mechanical Properties and Performance of Mixtures Containing a High Le"
"blkirkma","jmpolla3","1","False","When Does Entrepreneurs’ Impression Management Enhance Their Networkin"
"blkirkma","pflynn","1","False","When Does Entrepreneurs’ Impression Management Enhance Their Networkin"
"jmpolla3","pflynn","1","False","When Does Entrepreneurs’ Impression Management Enhance Their Networkin"
"ajplanch","daskaar","1","False","DNA methylation of imprint control regions associated with Alzheimer’s"
"choyo","daskaar","1","False","DNA methylation of imprint control regions associated with Alzheimer’s"
"cwcahoon","kmjennin","3","False","Growth and fecundity of Palmer amaranth escaping glufosinate in cotton|Growth and fecundity of Palmer amaranth escaping glufosinate in soybea|Confirmation and inheritance of glufosinate resistance in an <i>Amaran"
"cwcahoon","rleon","4","False","Growth and fecundity of Palmer amaranth escaping glufosinate in cotton|Growth and fecundity of Palmer amaranth escaping glufosinate in soybea|Influence of gender and glyphosate resistance on Palmer amaranth growt"
"kmjennin","rleon","3","False","Growth and fecundity of Palmer amaranth escaping glufosinate in cotton|Growth and fecundity of Palmer amaranth escaping glufosinate in soybea|Confirmation and inheritance of glufosinate resistance in an <i>Amaran"
"cwcahoon","dljorda2","2","False","Influence of gender and glyphosate resistance on Palmer amaranth growt|Residual weed control in cotton utilizing herbicide-coated fertilizer"
"dljorda2","rleon","2","False","Influence of gender and glyphosate resistance on Palmer amaranth growt|Weed community differences in row crops with varying input levels in G"
"cwcahoon","jcdunne","1","False","Confirmation and inheritance of glufosinate resistance in an <i>Amaran"
"jcdunne","kmjennin","1","False","Confirmation and inheritance of glufosinate resistance in an <i>Amaran"
"jcdunne","rleon","1","False","Confirmation and inheritance of glufosinate resistance in an <i>Amaran"
"bejacks2","bwhipker","1","False","Peat Substrates Amended with Wood-based Biochar Do Not Influence the E"
"bejacks2","dhsuchof","1","False","Peat Substrates Amended with Wood-based Biochar Do Not Influence the E"
"bwhipker","dhsuchof","1","False","Peat Substrates Amended with Wood-based Biochar Do Not Influence the E"
"knappe","owduckwo","2","True","Commercial compost amendments inhibit the bioavailability and plant up|Residential Garden Produce Harvested Near a Fluorochemical Manufacture"
"jgrimes","msharar","1","False","Engineered Miscanthus Biochar Performance as a Broiler Litter Amendmen"
"jgrimes","pkolar","1","False","Engineered Miscanthus Biochar Performance as a Broiler Litter Amendmen"
"jgrimes","sbshah3","1","False","Engineered Miscanthus Biochar Performance as a Broiler Litter Amendmen"
"msharar","pkolar","1","False","Engineered Miscanthus Biochar Performance as a Broiler Litter Amendmen"
"msharar","sbshah3","1","False","Engineered Miscanthus Biochar Performance as a Broiler Litter Amendmen"
"acmclaug","lclove","1","True","The Veterinary Student Survey on Patient Safety Culture (VSSPSC): A Qu"
"acmclaug","rmschoen","1","True","The Veterinary Student Survey on Patient Safety Culture (VSSPSC): A Qu"
"lclove","rmschoen","1","False","The Veterinary Student Survey on Patient Safety Culture (VSSPSC): A Qu"
"mlmoncad","pmperkin","1","False","Fermentation of American elderberry juice yields functional phytochemi"
"jkpacifi","rwkays","3","False","Geographic barriers but not life history traits shape the phylogeograp|Guidelines for estimating occupancy from autocorrelated camera trap de|Urbanization and primary productivity mediate the predator–prey relati"
"aismirno","pdswartz","1","True","Assembly of a Heterobimetallic Fe/Mn Cofactor in the <i>para</i>-Amino"
"kgarcia2","rlcook","4","True","The ectomycorrhizal fungus <i>Paxillus ammoniavirescens</i> influences|Fungal biomass and ectomycorrhizal community assessment of phosphorus |Using microdialysis to assess soil diffusive P and translocated sap fl"
"kmathur","lpal","1","True","Understanding Binding of Quaternary Ammonium Compounds with Cellulose-"
"fisik","gefernan","1","True","Genetic Variation in Yield and Fruit Weight Among Strawberry (<i>Fraga"
"mwking2","yzhu7","1","True","Encapsulated stretchable amphibious strain sensors"
"alwoodle","wshi3","1","False","Multi-amplicon nitrogen cycling gene standard: An innovative approach "
"shu4","wshi3","1","False","Multi-amplicon nitrogen cycling gene standard: An innovative approach "
"hhuang11","ksaul","1","False","Modified motor unit properties in residual muscle following transtibia"
"fldelosr","jducoste","2","False","Perturbations to common gardens of anaerobic co-digesters reveal relat|Microbial community assembly in engineered bioreactors"
"capoole2","mayousse","2","False","Effects of Shallow Surface Drainage Ditches With Controlled Subsurface|The Effect of Drainage and Subirrigation From a Small Drainage Water R"
"capoole2","raatwell","1","False","Effects of Shallow Surface Drainage Ditches With Controlled Subsurface"
"capoole2","rheinig","1","False","Effects of Shallow Surface Drainage Ditches With Controlled Subsurface"
"mayousse","raatwell","1","False","Effects of Shallow Surface Drainage Ditches With Controlled Subsurface"
"mayousse","rheinig","1","False","Effects of Shallow Surface Drainage Ditches With Controlled Subsurface"
"raatwell","rheinig","2","False","Effects of Shallow Surface Drainage Ditches With Controlled Subsurface|Influence of tillage and rotation sequence on corn response and planti"
"mddickey","odvelev","2","False","Capillary-osmotic wearable patch based on lateral flow assay for sweat|Harvesting and manipulating sweat and interstitial fluid in microfluid"
"knivanov","mnavramo","3","False","Fuel performance code to code comparative analysis for the OECD/NEA MP|Investigation of Transients with Serpent using the OECD/NEA C5G7-TD Be|A Framework for Multi-Physics Modeling, Design Optimization and Uncert"
"megruen","ncnelso2","1","False","Voxelwise analysis of the central hearing pathway in senior dogs revea"
"ncnelso2","njolby","2","False","Voxelwise analysis of the central hearing pathway in senior dogs revea|Clinical and imaging findings in dogs with nerve root signature associ"
"cflynch","khan6","3","False","Improving Graduate Engineering Education through Communities of Practi|Use of Communities of Practice to Analyze and Improve Graduate Enginee|Using communities of practice to investigate work-integrated learning "
"dfcall","kdgriege","1","True","Stakeholder Views of Science and Technologies for Phosphorus Sustainab"
"aybozkur","ejlobato","4","False","Robust Multimodal Cough and Speech Detection using Wearables: A Prelim|Quantifying Visual Differences in Drought-Stressed Maize through Refle|Quantifying Visual Differences in Drought Stressed Maize through Refle"
"aybozkur","dlrober4","4","False","Preliminary Analysis of Collar Sensors for Guide Dog Training Using Co|Exploring the Dynamics of Canine-Assisted Interactions: A Wearable App|Automated Depth Sensing-Based Computer Vision for Dog Tail Wagging Int"
"aybozkur","jlreyno4","3","False","Quantifying Visual Differences in Drought-Stressed Maize through Refle|A Subcutaneously Injectable Implant for Multimodal Physiological Monit|Evaluating Bacterial Nanocellulose Interfaces for Recording Surface Bi"
"ejlobato","jlreyno4","2","False","Quantifying Visual Differences in Drought-Stressed Maize through Refle|Evaluating Bacterial Nanocellulose Interfaces for Recording Surface Bi"
"cebarbie","desaloni","1","False","An economic analysis of bamboo plantations and feedstock delivered cos"
"cebarbie","kzering","1","True","An economic analysis of bamboo plantations and feedstock delivered cos"
"cebarbie","richardv","1","False","An economic analysis of bamboo plantations and feedstock delivered cos"
"cebarbie","rwgonzal","1","False","An economic analysis of bamboo plantations and feedstock delivered cos"
"desaloni","kzering","1","True","An economic analysis of bamboo plantations and feedstock delivered cos"
"kzering","richardv","1","True","An economic analysis of bamboo plantations and feedstock delivered cos"
"kzering","rwgonzal","1","True","An economic analysis of bamboo plantations and feedstock delivered cos"
"jliu96","yliu322","1","False","GemNet: Analysis and Prediction of Building Materials for Optimizing I"
"gcmclaug","jpknelle","2","False","Neutrino fast flavor oscillations with moments: Linear stability analy|Two-moment Neutrino Flavor Transformation with Applications to the Fas"
"bjreadin","hdaniels","1","False","Combinatorial metabolomic and transcriptomic analysis of muscle growth"
"bjreadin","pferket","1","False","Combinatorial metabolomic and transcriptomic analysis of muscle growth"
"bjreadin","rjb","1","True","Combinatorial metabolomic and transcriptomic analysis of muscle growth"
"hdaniels","pferket","1","False","Combinatorial metabolomic and transcriptomic analysis of muscle growth"
"hdaniels","rjb","1","True","Combinatorial metabolomic and transcriptomic analysis of muscle growth"
"pferket","rjb","1","True","Combinatorial metabolomic and transcriptomic analysis of muscle growth"
"lgbullar","mecoope3","1","False","Work-in-Progress: Developing a Research Plan for a Retrospective Analy"
"khan6","trjones8","1","True","Software Applications and Pedagogical Strategies for Improving Student"
"mhlittle","tadrake","2","False","Preparing Early Education Leaders: An Analysis of UCEA Principal Prepa|Principal Leadership of Pre-K Programs in Elementary Schools: Evidence"
"ajbirken","mgpapich","1","False","Response to Correspondence on ‘Analysis of US Marketed Artemisinin Sup"
"dtregea","zsbrown2","1","False","Developing practical measures of the price of pesticide resistance: A "
"gwalmond","mtknauer","1","True","105 Water quality analysis and flow rate comparison between wean-finis"
"gwalmond","smleona4","1","True","105 Water quality analysis and flow rate comparison between wean-finis"
"mtknauer","smleona4","1","False","105 Water quality analysis and flow rate comparison between wean-finis"
"aakedrow","kemccool","1","False","An Exploratory Qualitative Content Analysis of First-Year Veterinary S"
"agorny","mwkudeno","1","True","A Comparison of Three Automated Root-Knot Nematode Egg Counting Approa"
"mwkudeno","rslewis","1","True","A Comparison of Three Automated Root-Knot Nematode Egg Counting Approa"
"mwkudeno","yencho","1","True","A Comparison of Three Automated Root-Knot Nematode Egg Counting Approa"
"rslewis","yencho","1","False","A Comparison of Three Automated Root-Knot Nematode Egg Counting Approa"
"jslindse","mjovano","2","False","Conformational Analysis of Swallowtail Motifs in Porphyrins|Synthesis of a model phyllobilin bearing an optical marker"
"cflynch","sesmith5","2","False","Using Survival Analysis to Model Students' Patience in Online Office H|Exploring Novice Programmers' Testing Behavior: A First Step to Define"
"desaloni","jfwoodbr","1","True","Environmental Sustainability Analysis of Rotary-Screen Printing and Di"
"desaloni","llparril","1","True","Environmental Sustainability Analysis of Rotary-Screen Printing and Di"
"desaloni","mmmoore4","1","True","Environmental Sustainability Analysis of Rotary-Screen Printing and Di"
"jfwoodbr","llparril","1","False","Environmental Sustainability Analysis of Rotary-Screen Printing and Di"
"jfwoodbr","mmmoore4","1","False","Environmental Sustainability Analysis of Rotary-Screen Printing and Di"
"llparril","mmmoore4","1","False","Environmental Sustainability Analysis of Rotary-Screen Printing and Di"
"mahaider","rsmith","1","False","Local Identifiability Analysis, Parameter Subset Selection and Verific"
"lcolpog","msharar","1","False","Implications of current soil phosphorus levels for manureshed analysis"
"lcolpog","sbkulesz","2","False","Implications of current soil phosphorus levels for manureshed analysis|Toward a transdisciplinary and unifying definition of legacy phosphoru"
"msharar","sbkulesz","1","False","Implications of current soil phosphorus levels for manureshed analysis"
"dlrober4","rcrespo","1","True","Automated Image Analysis for Detection of Coccidia in Poultry"
"asanmig","bmrao","2","False","A quantitative image analysis platform for assessing trophoblast diffe|Derivation of human trophoblast stem cells from placentas at birth"
"rleon","srmilla","1","False","Molecular analysis of St. Augustinegrass cultivar mixtures composition"
"gbyrd","paulf","3","False","Analyzing Quantum Circuit Depth Reduction with Ancilla Qubits in MCX G|Solving the B-SAT Problem Using Quantum Computing: Smaller is Sometime|Solving the B-SAT Problem Using Quantum Computing: Smaller Is Sometime"
"alwoodle","mhoffma3","1","False","Impact of Pre-Plant Fertilizer Rates in Combination with Polysulphate®"
"erthomas","jimielke","1","False","Exploring the anatomy of articulation rate in spontaneous English spee"
"erthomas","rmdodswo","1","False","Exploring the anatomy of articulation rate in spontaneous English spee"
"jimielke","rmdodswo","1","False","Exploring the anatomy of articulation rate in spontaneous English spee"
"aoh","dmmerite","1","False","Toxicology study of a tissue anchoring paclitaxel prodrug"
"aoh","jgpierce","1","True","Toxicology study of a tissue anchoring paclitaxel prodrug"
"dmmerite","jgpierce","1","True","Toxicology study of a tissue anchoring paclitaxel prodrug"
"kowalsky","rseraci","1","False","Impact of Confinement on Bar Anchorage in Relocated Plastic Hinges"
"jlgage","lxiang3","1","False","Swin-Roleaf: A new method for characterizing leaf azimuth angle in lar"
"cjdohert","mwkudeno","2","True","Mitigating Illumination-, Leaf-, and View-Angle Dependencies in Hypers|Flexible Self‐Powered Organic Photodetector with High Detectivity for "
"efpearso","lvschnab","1","False","Animal drug shortages limit veterinary therapeutic options and introdu"
"camckinn","lmgonza4","3","False","Large animal models enhance the study of crypt-mediated epithelial rec|Equine Enteric Glial Culture and Application to the Study of A Neural |Assessment of equine intestinal epithelial junctional complexes and ba"
"dcmuddim","dxie","1","True","Incorporation of Three Different Optical Trains into the IR-MALDESI Ma"
"spark","wjsagues","3","True","Phenolic Resin Derived Hard Carbon Anode for Sodium-Ion Batteries: A R|Catalytic graphitization of pyrolysis oil for anode application in lit|Kinetic assessment of pulp mill-derived lime mud calcination in high C"
"lawilli3","mdamori","1","False","Just another copy and paste? Comparing the security vulnerabilities of"
"nsui","wwen2","1","True","Ants: Attacking Spatial Temporal Graph Learning Networks Structurally"
"bafloyd","jjadams2","1","False","Scaling Power and Efficiency of Direct Antenna Modulation Transmitters"
"eghohmei","lvschnab","1","True","Early degenerative changes are different between partial and complete "
"eghohmei","mbfisher","1","True","Early degenerative changes are different between partial and complete "
"lvschnab","mbfisher","2","True","Early degenerative changes are different between partial and complete |Controlled Stiffness of Direct-Write, Near-Field Electrospun Gelatin F"
"eooviedo","raatwell","1","False","Variations in soybean nutritional and anti-nutritional quality based o"
"mvjoseph","raatwell","1","False","Variations in soybean nutritional and anti-nutritional quality based o"
"howare","jryu","1","False","Fabrication and anti-fouling performance assessment of micro-textured "
"cboi","smenega","2","False","Mechanistic model-based characterization of size-exclusion-mixed-mode |Mixed-mode size-exclusion silica resin for polishing human antibodies "
"cboi","rgcarbon","1","False","Mixed-mode size-exclusion silica resin for polishing human antibodies "
"rgcarbon","smenega","1","False","Mixed-mode size-exclusion silica resin for polishing human antibodies "
"aismirno","lalucia","1","True","Lignin Structural Characterization and Its Antioxidant Potential: A Co"
"lalucia","mvoynov","1","True","Lignin Structural Characterization and Its Antioxidant Potential: A Co"
"dcdorman","megruen","1","False","A Systematic Review of the Efficacy of Compression Wraps as an Anxioly"
"acmyers3","mwking2","1","False","Biological tissue for transcatheter aortic valve: The effect of crimpi"
"adas8","akaprav","2","False","JSHint: Revealing API Usage to Improve Detection of Malicious JavaScri|Automated Generation of Behavioral Signatures for Malicious Web Campai"
"amlynch3","mgpapich","1","False","Comparison of the pharmacokinetics and pharmacodynamics of apixaban an"
"klan2","wjsagues","1","True","Evaluating cotton apparel with dynamic life cycle assessment: The clim"
"richardv","wjsagues","1","True","Evaluating cotton apparel with dynamic life cycle assessment: The clim"
"mhenrik","zqu5","1","True","Particulate matter from wildfire smoke in northern Colorado appears to"
"dxlascel","lopperm","2","True","Response to treatment with grapiprant as part of a standard multimodal|Prevalence of radiographic appendicular osteoarthritis and associated "
"dxlascel","menomot","3","False","Response to treatment with grapiprant as part of a standard multimodal|Prevalence of radiographic appendicular osteoarthritis and associated |Gut Microbiome and Osteoarthritis: Insights From the Naturally Occurri"
"lopperm","menomot","2","True","Response to treatment with grapiprant as part of a standard multimodal|Prevalence of radiographic appendicular osteoarthritis and associated "
"mjbradsh","smvillan","1","False","<i>Colletotrichum</i> Species Causing Glomerella Leaf Spot and Apple B"
"agorny","daherna5","1","False","Influence of Cropping Sequence and Tillage System on Plant-Parasitic N"
"agorny","dljorda2","1","False","Influence of Cropping Sequence and Tillage System on Plant-Parasitic N"
"agorny","jcdunne","1","False","Influence of Cropping Sequence and Tillage System on Plant-Parasitic N"
"agorny","lrlux","1","False","Influence of Cropping Sequence and Tillage System on Plant-Parasitic N"
"daherna5","dljorda2","1","False","Influence of Cropping Sequence and Tillage System on Plant-Parasitic N"
"daherna5","jcdunne","1","False","Influence of Cropping Sequence and Tillage System on Plant-Parasitic N"
"daherna5","lrlux","1","False","Influence of Cropping Sequence and Tillage System on Plant-Parasitic N"
"dljorda2","jcdunne","1","False","Influence of Cropping Sequence and Tillage System on Plant-Parasitic N"
"dljorda2","lrlux","2","False","Influence of Cropping Sequence and Tillage System on Plant-Parasitic N|Duration of protection of peanut from late leaf spot disease by pydifl"
"jcdunne","lrlux","1","False","Influence of Cropping Sequence and Tillage System on Plant-Parasitic N"
"bjreich","jabuckel","1","True","Applying mark-resight, count, and telemetry data to estimate effective"
"bjreich","jkpacifi","1","True","Applying mark-resight, count, and telemetry data to estimate effective"
"bjreich","njhostet","1","True","Applying mark-resight, count, and telemetry data to estimate effective"
"jabuckel","jkpacifi","2","True","Applying mark-resight, count, and telemetry data to estimate effective|Spatiotemporal dynamics and habitat use of red snapper (Lutjanus campe"
"jabuckel","njhostet","3","False","Applying mark-resight, count, and telemetry data to estimate effective|Artificial structure selection by economically important reef fishes a|Spatiotemporal dynamics and habitat use of red snapper (Lutjanus campe"
"jkpacifi","njhostet","2","True","Applying mark-resight, count, and telemetry data to estimate effective|Spatiotemporal dynamics and habitat use of red snapper (Lutjanus campe"
"bbcutts","jahipp","1","False","Patient capital and no net loss: Applying institutional theory to unde"
"bbcutts","ksbunds","1","False","Patient capital and no net loss: Applying institutional theory to unde"
"ksbunds","lrlarson","1","False","Patient capital and no net loss: Applying institutional theory to unde"
"mddickey","qwei3","2","False","Liquid Metal‐Based Biosensors: Fundamentals and Applications|Tunable Infrared Emissivity Using Laser‐Sintered Liquid Metal Nanopart"
"pdbradfo","wgao5","1","False","Multilayer Core‐Shell Fiber Device for Improved Strain Sensing and Sup"
"pkolar","wjsagues","1","False","Poultry litter-derived biochar for supercapacitor applications"
"sbshah3","wjsagues","1","False","Poultry litter-derived biochar for supercapacitor applications"
"jryu","zikry","2","False","Dynamic Behavior of Ribbed Viscoelastic CNT‐PDMS Thin‐Films for Multif|Microstructural behavior of CNT-PDMS thin-films for multifunctional sy"
"alwelch","camckinn","1","False","Equine Enteric Glial Culture and Application to the Study of A Neural "
"alwelch","lmgonza4","1","False","Equine Enteric Glial Culture and Application to the Study of A Neural "
"atbliksl","camckinn","1","False","Equine Enteric Glial Culture and Application to the Study of A Neural "
"atbliksl","lmgonza4","1","False","Equine Enteric Glial Culture and Application to the Study of A Neural "
"atstepan","jmalonso","3","False","Sourcing DNA parts for synthetic biology applications in plants|Arabidopsis as a model for translational research|Development of modular geminivirus-based vectors for high cargo expres"
"agrinba","japiedra","2","True","A gene edited pig model for studying LGR5+ stem cells: implications fo|Novel Porcine Model Reveals Two Distinct LGR5 Cell Types during Lung D"
"mahaider","msolufse","1","False","Application and reduction of a nonlinear hyperelastic wall model captu"
"lxiang3","rhernan4","1","False","Optimizing Light Intensity and Salinity for Sustainable Kale (Brassica"
"lxiang3","shall5","1","False","Optimizing Light Intensity and Salinity for Sustainable Kale (Brassica"
"rhernan4","shall5","1","False","Optimizing Light Intensity and Salinity for Sustainable Kale (Brassica"
"cdelgad","cflynch","1","True","Using communities of practice to investigate work-integrated learning "
"cdelgad","khan6","1","True","Using communities of practice to investigate work-integrated learning "
"bwhipker","hchen57","2","False","A Data-driven Approach for Generating Leaf Tissue Nutrient Interpretat|Pentas: a data-driven approach for generating leaf tissue nutrient Int"
"dfcall","owduckwo","1","True","The phosphorus challenge: biotechnology approaches for a sustainable p"
"atstepan","jtascenc","1","False","A rapid and scalable approach to build synthetic repetitive hormone‐re"
"bsunderw","mnguddat","3","False","Evaluation of Paris law-based approach on asphalt mixture reflective c|Reflective Cracking Performance Evaluations of Highly Polymer-Modified|Modeling damage caused by combined thermal and traffic loading using v"
"kim","mnguddat","3","False","Evaluation of Paris law-based approach on asphalt mixture reflective c|Reflective Cracking Performance Evaluations of Highly Polymer-Modified|Modeling damage caused by combined thermal and traffic loading using v"
"smlukic","wtang8","1","False","A Multi-objective Approach for Optimal Microgrid Planning Based on Inf"
"cgill2","kamyers2","1","False","A human-centered approach for sharing patient experiences through digi"
"clgordy","jllubisc","1","False","Elevating Marginalized Student Experiences of Belonging in the Life Sc"
"clgordy","nkcooke","1","True","Elevating Marginalized Student Experiences of Belonging in the Life Sc"
"jllubisc","nkcooke","1","True","Elevating Marginalized Student Experiences of Belonging in the Life Sc"
"avchoulj","fbsantos","1","False","Combining Fish and Crustacean Byproducts as Primary Ingredients in Pel"
"hchen57","jcdunne","1","False","Autotetraploid Induction of Three A-Genome Wild Peanut Species, Arachi"
"galewbar","hdwester","1","False","Expanding the invertebrate medicine toolbox: evaluation of opisthosoma"
"hall","jbtracy","1","False","Spatially Confined Assembly and Immobilization of Hierarchical Nanopar"
"hall","odvelev","1","False","Spatially Confined Assembly and Immobilization of Hierarchical Nanopar"
"jbtracy","odvelev","1","False","Spatially Confined Assembly and Immobilization of Hierarchical Nanopar"
"caharms","ncnelso2","1","False","Use of computed tomography to determine body surface area and <i>K</i>"
"caharms","tmharri7","1","False","Use of computed tomography to determine body surface area and <i>K</i>"
"ncnelso2","tmharri7","1","False","Use of computed tomography to determine body surface area and <i>K</i>"
"aoh","arwisnet","1","False","Investigating the etiology of ocular changes in Monodactylus argenteus"
"aoh","galewbar","1","False","Investigating the etiology of ocular changes in Monodactylus argenteus"
"arwisnet","galewbar","1","False","Investigating the etiology of ocular changes in Monodactylus argenteus"
"cxu34","yliu322","1","False","Context-Aware Beam Management via Online Probing in Combinatorial Mult"
"kbchen2","mopeters","3","True","Study of Graphic Armatures, Multimodal Cues, and Numeric Measures in V|Sense of Presence and the Illusion of Self-scaling in Virtual Learning|Learning Scale in Virtual Reality: Experiences and Perception of Immer"
"nsharm23","yzhu7","3","False","A Flexible and Wearable Sparse Ultrasound Array Integrated with a Func|Body-conforming Multi-modal Sensing with Ultrasound-compatible Surface|Ultrasound-Compatible Electrode for Functional Electrical Stimulation"
"xjiang5","yzhu7","3","False","A Flexible and Wearable Sparse Ultrasound Array Integrated with a Func|Body-conforming Multi-modal Sensing with Ultrasound-compatible Surface|Ultrasound-Compatible Electrode for Functional Electrical Stimulation"
"amikael","mdlorenz","1","False","The Genome of Arsenophonus sp. and Its Potential Contribution in the C"
"dxlascel","skmishra","1","False","Emerging evidence of artemin/GFRα3 signaling in musculoskeletal pain"
"mjlewis","ncnelso2","1","False","Quantification of metallic artifact on CT associated with titanium ped"
"mjlewis","pjearly","1","False","Quantification of metallic artifact on CT associated with titanium ped"
"ncnelso2","pjearly","2","False","Quantification of metallic artifact on CT associated with titanium ped|Clinical and imaging findings in dogs with nerve root signature associ"
"ajwest2","kmathur","2","False","Evaluation of a new artificial intelligence-based textile digitization|Enhancing Biosignal Quality in Electrocardiogram Monitoring Garments: "
"bgilger","kstapel","1","True","Cold atmospheric plasma inactivates Aspergillus flavus and Fusarium ke"
"bgilger","macubeta","1","True","Cold atmospheric plasma inactivates Aspergillus flavus and Fusarium ke"
"kstapel","macubeta","1","True","Cold atmospheric plasma inactivates Aspergillus flavus and Fusarium ke"
"fbsantos","mpairis","1","True","Dose of phytase from either <i>Aspergillus niger</i> or <i>Escherichia"
"awhitfi","drasmus","1","False","Disease Progress and Detection of a California Resistance-Breaking Str"
"awhitfi","drotenb","3","False","Disease Progress and Detection of a California Resistance-Breaking Str|First Report of Impatiens Necrotic Spot Virus (INSV) Infecting Tomatoe|CRISPR</scp>/Cas9‐mediated genome editing of <i>Frankliniella occident"
"awhitfi","qwei3","1","True","Disease Progress and Detection of a California Resistance-Breaking Str"
"drasmus","drotenb","1","False","Disease Progress and Detection of a California Resistance-Breaking Str"
"drasmus","qwei3","1","True","Disease Progress and Detection of a California Resistance-Breaking Str"
"drotenb","qwei3","1","True","Disease Progress and Detection of a California Resistance-Breaking Str"
"aecarso2","kvpierce","1","True","Point-of-Care Cardiac Troponin I Assay Evaluation in New Zealand White"
"aecarso2","sozawa","1","True","Point-of-Care Cardiac Troponin I Assay Evaluation in New Zealand White"
"cmaltec","jjiang26","4","False","Trio-binning Assemblies of the Duroc and Landrace swine breeds|PSV-1 Trio-binning Assemblies of the Duroc and Landrace swine breeds|Capturing resilience from phenotypic deviations: a case study using fe"
"aamassi","alkwansa","1","False","Electrostatic self-assembly yields a structurally stabilized PEDOT:PSS"
"aamassi","ygyingli","1","False","Electrostatic self-assembly yields a structurally stabilized PEDOT:PSS"
"alkwansa","ygyingli","3","False","Electrostatic self-assembly yields a structurally stabilized PEDOT:PSS|Bulk proton conduction in films from a truncated reflectin variant|Structural determination of a full-length plant cellulose synthase inf"
"fli5","spark","1","True","Kinetic assessment of pulp mill-derived lime mud calcination in high C"
"fli5","wjsagues","1","True","Kinetic assessment of pulp mill-derived lime mud calcination in high C"
"klan2","spark","1","False","Life-Cycle Assessment of Sustainable Aviation Fuel Derived from Paper "
"bxu22","mdamori","1","False","A Case Study of LLM for Automated Vulnerability Repair: Assessing Impa"
"alstiele","camckinn","1","False","Assessment of equine intestinal epithelial junctional complexes and ba"
"alstiele","lmgonza4","1","False","Assessment of equine intestinal epithelial junctional complexes and ba"
"alwoodle","kgarcia2","3","False","Fungal biomass and ectomycorrhizal community assessment of phosphorus |Using microdialysis to assess soil diffusive P and translocated sap fl|Pinus taeda carryover phosphorus availability on the lower Atlantic Co"
"alwoodle","rlcook","3","True","Fungal biomass and ectomycorrhizal community assessment of phosphorus |Using microdialysis to assess soil diffusive P and translocated sap fl|Pinus taeda carryover phosphorus availability on the lower Atlantic Co"
"lsgoodel","vgcarraw","2","False","Associations between Preschool Teachers’ Food-Based Learning Frequency|North Carolina head start teachers’ needs, resources, experiences, and"
"gcope","tjpandol","1","True","Thermal Threats to Freshwater Mussels: An Empirical Stream Assessment"
"mchi","tmbarnes","1","False","Example, Nudge, or Practice? Assessing Metacognitive Knowledge Transfe"
"jminogu","kmoliver","1","False","Leveraging Large Language Models for Automated Assessment of Elementar"
"dxu27","yliu322","3","False","Digital Twin-Assisted Data-Driven Optimization for Reliable Edge Cachi|RM-Gen: Conditional Diffusion Model-Based Radio Map Generation for Wir|Revolutionizing Wireless Modeling and Simulation with Network-Oriented"
"clmarian","ncnelso2","1","False","Clinical and imaging findings in dogs with nerve root signature associ"
"krmunana","ncnelso2","1","False","Clinical and imaging findings in dogs with nerve root signature associ"
"ktrayman","ljbobay","1","True","Co-evolution and Gene Transfers Drive Speciation Patterns in Host-Asso"
"hchen57","tranney","1","False","Flow Cytometry for Estimating Plant Genome Size: Revisiting Assumption"
"lubkin","nmnascon","1","True","Morphoelastic models discriminate between different mechanisms of left"
"aaiyyer","slarson","1","False","Hemisphere-Dependent Impacts of ENSO and Atmospheric Eddies on Hadley "
"aaiyyer","warobin3","1","False","Hemisphere-Dependent Impacts of ENSO and Atmospheric Eddies on Hadley "
"slarson","warobin3","1","False","Hemisphere-Dependent Impacts of ENSO and Atmospheric Eddies on Hadley "
"dheidar","eglazer","2","False","Photodynamic therapy photosensitizers and photoactivated chemotherapeu|The Impact of Inorganic Systems and Photoactive Metal Compounds on Cyt"
"nsui","zguo32","1","True","CardiacRT-NN: Real-Time Detection of Cardiovascular Disease Using Self"
"aecarso2","jgpierce","1","True","Fighting fibrin with fibrin: Vancomycin delivery into coagulase‐mediat"
"aecarso2","lvschnab","3","True","Fighting fibrin with fibrin: Vancomycin delivery into coagulase‐mediat|Ultrasoft platelet-like particles stop bleeding in rodent and porcine |Controlled Stiffness of Direct-Write, Near-Field Electrospun Gelatin F"
"mgilman","stsynkov","2","False","Phase Curvature Autofocus for Transionospheric Radar|Performance Limitations for the Phase Screen in the Settings of Transi"
"lyons","vnaraya3","1","False","Dynamics of regime transition of autoignitive jet flames from conventi"
"cdelgad","mmarti24","1","True","Implementation and Evaluation of Impact on Student Learning of an Auto"
"aybozkur","megruen","2","True","Automated Depth Sensing-Based Computer Vision for Dog Tail Wagging Int|Wireless Tension Sensors for Characterizing Dog Frailty in Veterinary "
"dlrober4","megruen","2","True","Automated Depth Sensing-Based Computer Vision for Dog Tail Wagging Int|Wireless Tension Sensors for Characterizing Dog Frailty in Veterinary "
"kbusch","mnpeters","1","True","How mixed messages may be better than avoidance in climate change educ"
"ktate","mnpeters","2","False","How mixed messages may be better than avoidance in climate change educ|Birdwatching linked to increased psychological well-being on college c"
"aavilac","dhsuchof","1","False","Dehydration tolerance rather than avoidance explains drought resistanc"
"aavilac","srmilla","1","False","Dehydration tolerance rather than avoidance explains drought resistanc"
"dhsuchof","srmilla","1","False","Dehydration tolerance rather than avoidance explains drought resistanc"
"jwb","ryu5","1","False","Physics-Aware Mixed-Criticality Systems Design via End-to-End Verifica"
"jwb","zguo32","1","False","Physics-Aware Mixed-Criticality Systems Design via End-to-End Verifica"
"ryu5","zguo32","1","False","Physics-Aware Mixed-Criticality Systems Design via End-to-End Verifica"
"jpkerns","twgannon","1","False","Effect of mowing timing and clipping collection practices on azoxystro"
"franzen","raghilad","3","False","Structural Comparison of Substrate Binding Sites in Dehaloperoxidase A|Comparison of the Backbone Dynamics of Dehaloperoxidase-Hemoglobin Iso|The role of proton-coupled electron transfer from protein to heme in d"
"dmmerite","sesuter","1","False","Postmortem pathologic findings in dogs that underwent total body irrad"
"rjanaki","rrishik","1","False","Spring Forward = Fall Back? The Effect of Daylight Saving Time Change "
"ajbandod","dricket","1","False","Sweat-Powered, mm-Scale, Continuous-Time Sensor Systems With Bluetooth"
"mdkoci","rcrespo","2","True","Widespread prevalence of plasmid-mediated blaCTX-M type extended-spect|Fluoroquinolone-resistant <i>Campylobacter</i> in backyard and commerc"
"mdkoci","sthakur","2","True","Widespread prevalence of plasmid-mediated blaCTX-M type extended-spect|Fluoroquinolone-resistant <i>Campylobacter</i> in backyard and commerc"
"rcrespo","sthakur","3","False","Widespread prevalence of plasmid-mediated blaCTX-M type extended-spect|Megaplasmid Dissemination in Multidrug-Resistant <i>Salmonella</i> Ser|Fluoroquinolone-resistant <i>Campylobacter</i> in backyard and commerc"
"drpanthe","fjlouws","2","False","Quantitative Trait Loci Mapping for Bacterial Wilt Resistance and Plan|Septoria Leaf Spot of Tomatoes: Historical Insights, Present Challenge"
"aharris5","kanarde","1","False","Fecal Bacteria Contamination of Floodwaters and a Coastal Waterway Fro"
"aharris5","nnelson4","2","True","Fecal Bacteria Contamination of Floodwaters and a Coastal Waterway Fro|Tryptophan-Like Fluorescence for Monitoring Fecal Contamination in a M"
"kanarde","nnelson4","1","True","Fecal Bacteria Contamination of Floodwaters and a Coastal Waterway Fro"
"bcallah","dmfoster","1","False","Impact of florfenicol dosing regimen on the phenotypic and genotypic r"
"bcallah","jlhaller","1","False","Impact of florfenicol dosing regimen on the phenotypic and genotypic r"
"bcallah","rebaynes","1","False","Impact of florfenicol dosing regimen on the phenotypic and genotypic r"
"lvbociu","tnguye13","1","False","Piecewise regular solutions to scalar balance laws with singular nonlo"
"amjohns2","csayde","1","False","Water use and radiation balance of miscanthus and corn on marginal lan"
"amjohns2","jlheitma","1","False","Water use and radiation balance of miscanthus and corn on marginal lan"
"csayde","jlheitma","2","False","Water use and radiation balance of miscanthus and corn on marginal lan|Laboratory observations for examining estimates of soil dry surface la"
"khan","lpal","1","True","Efficacy of banana fibre paper for the management of the root-knot nem"
"ajawad","hzhou","3","False","Delta Counter: Bandwidth-Efficient Encryption Counter Representation f|Salus: Efficient Security Support for CXL-Expanded GPU Memory|SEFsim: A Statistically-Guided Fast DRAM Simulator"
"jjacosta","tdwalke2","1","False","Removing Friction and Bark Improves Drill Resistance Data for Selectio"
"amikael","ccgoller","1","True","Scaling the wall: overcoming barriers to STEM knowledge mobilization"
"eadenhar","rbarker","1","False","Effects of incident solar radiation on evaporative heat loss through f"
"eadenhar","xfang3","1","False","Effects of incident solar radiation on evaporative heat loss through f"
"rbarker","xfang3","1","False","Effects of incident solar radiation on evaporative heat loss through f"
"fang","xfang8","2","False","Distributionally robust chance-constrained kernel-based support vector|A distributionally robust chance-constrained kernel-free quadratic sur"
"acmyers3","ajwest2","1","False","Enhancing Biosignal Quality in Electrocardiogram Monitoring Garments: "
"acmyers3","eadenhar","1","False","Enhancing Biosignal Quality in Electrocardiogram Monitoring Garments: "
"ajwest2","eadenhar","1","False","Enhancing Biosignal Quality in Electrocardiogram Monitoring Garments: "
"eadenhar","kmathur","1","False","Enhancing Biosignal Quality in Electrocardiogram Monitoring Garments: "
"hdai","twu19","1","False","Sign-Based Gradient Descent With Heterogeneous Data: Convergence and B"
"hhuang11","jyin8","1","False","An Efficient Framework for Personalizing EMG-Driven Musculoskeletal Mo"
"ddreisig","rmrejesu","1","False","Enhancing non-Bt corn refuge based on corn grower and seed dealer surv"
"ddreisig","zsbrown2","1","False","Enhancing non-Bt corn refuge based on corn grower and seed dealer surv"
"rmrejesu","zsbrown2","1","False","Enhancing non-Bt corn refuge based on corn grower and seed dealer surv"
"fedkiw","odvelev","3","False","Functional Polyvinylidene Difluoride (PVDF) Separators for Next-Genera|Fibrous Porous Composite Interlayer Derived from Soft Dendritic Colloi|Novel Polymeric Morphologies as Positive Electrodes in Lithium-Ion Bat"
"ardequei","gabr","1","False","Bayesian modeling and mechanical simulations for fragility curve estim"
"jahipp","klmarti3","1","False","Birdwatching linked to increased psychological well-being on college c"
"jahipp","ktate","1","False","Birdwatching linked to increased psychological well-being on college c"
"jahipp","mnpeters","1","False","Birdwatching linked to increased psychological well-being on college c"
"klmarti3","ktate","1","False","Birdwatching linked to increased psychological well-being on college c"
"klmarti3","lrlarson","1","False","Birdwatching linked to increased psychological well-being on college c"
"klmarti3","mnpeters","1","False","Birdwatching linked to increased psychological well-being on college c"
"agrinba","tghashg","1","True","Intelligent Beam Optimization for Light-Sheet Fluorescence Microscopy "
"jryu","khan","1","False","Rheological Behavior and Roll Coating Properties of PDMS Enhanced with"
"alwoodle","richardv","1","True","Evaluating biomass sustainability: Why below-ground carbon sequestrati"
"alwoodle","rwgonzal","1","True","Evaluating biomass sustainability: Why below-ground carbon sequestrati"
"jwilli27","rgmarti3","2","False","Large-Sample Theory for Inferential Models: A Possibilistic Bernstein–|Neil Dey, Ryan Martin, and Jonathan P. Williams’ contribution to the D"
"bmmcconn","kay","4","False","Identifying Best Performance Scenarios For Micro Nuclear Reactors Duri|Implementing trades of the National Football League Draft on blockchai|Implementing A Letter Of Credit Style Business Process For Small-Scale"
"baquroll","mbreen3","1","False","Contrasting pathogen prevalence between tick and dog populations at Ch"
"hhuang11","jfeng2","1","True","Human factors considerations of Interaction between wearers and intell"
"hhuang11","mliu10","3","False","Human factors considerations of Interaction between wearers and intell|Enhancing User-Prosthesis Integration Through Intelligent Transparency|Soft Variable Resistance Material for Pressure Sensing Platform"
"jfeng2","mliu10","1","True","Human factors considerations of Interaction between wearers and intell"
"ccjacob5","lvschnab","1","False","No correlation found between palpation and ultrasound for evaluation o"
"clanzas","dmfoster","1","False","Quantifying trade-offs between therapeutic efficacy and resistance dis"
"enford","rwgonzal","2","True","Beyond cotton and polyester: An evaluation of emerging feedstocks and |Textiles from non-wood feedstocks: Challenges and opportunities of cur"
"lpham4","tadrake","1","False","Beyond Prescriptive Reforms: An Examination of North Carolina’s Flexib"
"wchang6","xliu68","1","True","Variation in Biosynthesis and Metal-Binding Properties of Isonitrile-C"
"aneilso","dlaylor","1","True","Phenotype variability in diet-induced obesity and response to (−)-epig"
"aneilso","dmnielse","1","True","Phenotype variability in diet-induced obesity and response to (−)-epig"
"dlaylor","dmnielse","1","False","Phenotype variability in diet-induced obesity and response to (−)-epig"
"wshi3","wyuan2","1","False","Soil dependence of biochar composts in mitigating greenhouse gas emiss"
"galewbar","jabalko","1","False","DEVELOPMENT OF A HEMOLYMPH COLLECTION TECHNIQUE AND REPORT OF BIOCHEMI"
"jabalko","oapetrit","1","False","Urban eastern gray squirrels (sciurus carolinensis) show little season"
"eaison","johata","1","False","Hexafluoroisopropanol as a Bioconjugation Medium of Ultrafast, Tryptop"
"lpal","odvelev","1","True","Colloidal Engineering of Microplastic Capture with Biodegradable Soft "
"chsiao2","richardv","1","True","Sustainable Soft Electronics with Biodegradable Regenerated Cellulose "
"chsiao2","yzhu7","1","False","Sustainable Soft Electronics with Biodegradable Regenerated Cellulose "
"richardv","yzhu7","3","True","Sustainable Soft Electronics with Biodegradable Regenerated Cellulose |Sustainable Soft Electronics Combining Recyclable Metal Nanowire Circu|A modeling framework to identify environmentally greener and lower-cos"
"odvelev","richardv","1","True","Sustainable Soft Electronics Combining Recyclable Metal Nanowire Circu"
"odvelev","yzhu7","1","False","Sustainable Soft Electronics Combining Recyclable Metal Nanowire Circu"
"nmlavoin","richardv","1","False","Biodegradation of Lignocellulose-Polyester Composite Films in Freshwat"
"godwin","rjb","2","False","Southern Flounder: Major Milestones and Remaining Knowledge Gaps in Th|Temperature regulates sex determination and growth in the paralichthid"
"kdembek","mkpeed","1","False","Investigation of Extracted Plasma Cell-Free DNA as a Biomarker in Foal"
"lalucia","rwgonzal","1","False","The Surprising Role of Endogenous Calcium Carbonate in Crab Shell-Medi"
"ccgoller","zholmes","1","True","Where is
            <i>Delftia
            ? Implementing citizen s"
"macubeta","owduckwo","2","False","Inactivation of siderophore iron‐chelating moieties by the fungal whea|Using Manganese Oxidizing Fungi to Recover Metals from Electronic Wast"
"hwu15","tfang2","2","False","Bismuth Silicon Oxide Receiver for Low Frequency Ultrasound from a Liq|Carbon nanofibers/liquid metal composites for high temperature laser u"
"tfang2","xjiang5","2","False","Bismuth Silicon Oxide Receiver for Low Frequency Ultrasound from a Liq|Carbon nanofibers/liquid metal composites for high temperature laser u"
"kbflores","tran","1","False","Modeling BK Virus Infection in Renal Transplant Recipients"
"jpkerns","lmquesad","1","False","Phytophthora nicotianae</i>: A Quick Diagnostic Guide for Black Shank "
"ajwest2","ryin","1","False","An eco-friendly droplet-wet spinning technology for producing high-qua"
"bmmcconn","dpwarsin","2","True","Implementing trades of the National Football League Draft on blockchai|Implementing A Letter Of Credit Style Business Process For Small-Scale"
"dpwarsin","kay","2","True","Implementing trades of the National Football League Draft on blockchai|Implementing A Letter Of Credit Style Business Process For Small-Scale"
"hwu15","ooralka","1","False","Wearable Ultrasound Blood Pressure Monitoring System for Cardiovascula"
"ooralka","xjiang5","1","False","Wearable Ultrasound Blood Pressure Monitoring System for Cardiovascula"
"oapetrit","semusuli","1","False","Major crossmatch compatibility of rabbit blood with rabbit, canine, an"
"oapetrit","sozawa","2","False","Major crossmatch compatibility of rabbit blood with rabbit, canine, an|Osteosarcoma of the wing in a sulfur‐crested cockatoo"
"semusuli","sozawa","1","False","Major crossmatch compatibility of rabbit blood with rabbit, canine, an"
"jgrimes","rcrespo","1","True","Effect of brooding conditions on the blood chemistry and performance o"
"mkatti","rparaju","1","True","Urban heat mitigation by green and blue infrastructure: Drivers, effec"
"hashraf2","miorizz","1","False","A Blueberry (Vaccinium L.) Crop Ontology to Enable Standardized Phenot"
"hzheng23","mlila","1","False","Colloidal and interfacial properties of spray dried pulse protein-blue"
"xfang8","xxu","1","False","Learning Undergraduate Data Science Through a Mobile Device and Full B"
"jarickab","jljone21","1","True","Triple Bottom Line Scenario Sites as Boundary Objects for Integrating "
"jarickab","lcolpog","1","True","Triple Bottom Line Scenario Sites as Boundary Objects for Integrating "
"jarickab","nnelson4","1","True","Triple Bottom Line Scenario Sites as Boundary Objects for Integrating "
"jarickab","rsozzan","1","True","Triple Bottom Line Scenario Sites as Boundary Objects for Integrating "
"jljone21","lcolpog","1","True","Triple Bottom Line Scenario Sites as Boundary Objects for Integrating "
"jljone21","nnelson4","1","True","Triple Bottom Line Scenario Sites as Boundary Objects for Integrating "
"jljone21","rsozzan","1","True","Triple Bottom Line Scenario Sites as Boundary Objects for Integrating "
"lcolpog","nnelson4","1","False","Triple Bottom Line Scenario Sites as Boundary Objects for Integrating "
"lcolpog","rsozzan","2","False","Triple Bottom Line Scenario Sites as Boundary Objects for Integrating |Global-to-Local Dependencies in Phosphorus Mass Flows and Markets: Pat"
"nnelson4","rsozzan","1","False","Triple Bottom Line Scenario Sites as Boundary Objects for Integrating "
"alee29","kjpeters","1","False","Dynamic deployment sensing of thin-shell composite structures with fib"
"aakedrow","dxlascel","1","False","Qualitative Exploration of the Hidden Curriculum in Communicating Dog "
"aakedrow","megruen","1","False","Qualitative Exploration of the Hidden Curriculum in Communicating Dog "
"apullin","mpairis","1","True","Efficacy of a novel cervical dislocation tool for humane euthanasia of"
"apullin","ncnelso2","1","True","Efficacy of a novel cervical dislocation tool for humane euthanasia of"
"apullin","rcrespo","1","True","Efficacy of a novel cervical dislocation tool for humane euthanasia of"
"mpairis","ncnelso2","1","False","Efficacy of a novel cervical dislocation tool for humane euthanasia of"
"mpairis","rcrespo","1","False","Efficacy of a novel cervical dislocation tool for humane euthanasia of"
"ncnelso2","rcrespo","1","False","Efficacy of a novel cervical dislocation tool for humane euthanasia of"
"ryin","xliu96","1","True","A Brief Review of Hemp Fiber Length Measurement Techniques"
"twprice","vmcatete","1","False","Idea Builder: Motivating Idea Generation and Planning for Open-Ended P"
"bjreich","jcollazo","1","True","A spatiotemporal optimization engine for prescribed burning in the Sou"
"impeszle","mpourgh","1","True","The impacts of CaCO3 deposition in natural wood on its viscoelastic pr"
"bmmorten","gabr","1","False","Development of a reactive transport model for microbial induced calciu"
"mayousse","wfhunt","1","False","Calibration and validation of DRAINMOD to predict long-term permeable "
"jlcampbe","lopperm","1","False","Management Effects on Gastrointestinal Disease in Red Wolves (Canis ru"
"mwnolan","slvaden","1","False","Use of Cystourethroscopy to Define the Gross Tumour Volume in Radiatio"
"alwoodle","dhsuchof","1","False","Evaluating Chinese fiber hemp (<i>Cannabis sativa</i> L.) varieties an"
"alwoodle","screberg","1","False","Evaluating Chinese fiber hemp (<i>Cannabis sativa</i> L.) varieties an"
"dhsuchof","screberg","1","False","Evaluating Chinese fiber hemp (<i>Cannabis sativa</i> L.) varieties an"
"hwu15","vnaraya3","1","False","Carbon nanofibers/liquid metal composites for high temperature laser u"
"vnaraya3","xjiang5","1","False","Carbon nanofibers/liquid metal composites for high temperature laser u"
"jastern","yueda","1","False","Transcriptomic and genetic profiling in a spontaneous non-human primat"
"klstansb","trruth","1","False","HEALTH DISPARITIES, EQUITY, AND ETHICAL RESPONSIBILITY OF GERONTOLOGIS"
"jcollazo","njhostet","1","False","High-Quality, Chromosome-Level Reference Genomes of the Viviparous Car"
"gcope","jkpacifi","1","True","Distribution, Occupancy, and Habitat of the Endangered Carolina Madtom"
"dosmond","jlheitma","1","False","Wheat cover crop has minimal effect on physical soil properties in the"
"fisik","tdwalke2","1","False","Stem Defect Rates and Ice Storm Damage for Families of <i>Pinus taeda<"
"agorny","lmquesad","1","False","Occurrence and Distribution of Meloidogyne spp. in Fields Rotated with"
"aeroglu","nccrook","1","True","Carotenoids"
"aamassi","dbdoughe","2","True","Linking Electronic and Structural Disorder Parameters to Carrier Trans|Mapping the interfacial energetic landscape in organic solar cells rev"
"awhitfi","mdlorenz","1","False","CRISPR</scp>/Cas9‐mediated genome editing of <i>Frankliniella occident"
"drotenb","mdlorenz","1","False","CRISPR</scp>/Cas9‐mediated genome editing of <i>Frankliniella occident"
"aking5","alwelch","1","False","Review of venipuncture and intravenous catheterization techniques in p"
"aking5","atbliksl","1","False","Review of venipuncture and intravenous catheterization techniques in p"
"aamassi","kgundog","1","True","Cationic ligation guides quantum-well formation in layered hybrid pero"
"aamassi","xli254","1","True","Cationic ligation guides quantum-well formation in layered hybrid pero"
"kgundog","mabolha","1","True","Cationic ligation guides quantum-well formation in layered hybrid pero"
"kgundog","xli254","1","False","Cationic ligation guides quantum-well formation in layered hybrid pero"
"mabolha","xli254","1","True","Cationic ligation guides quantum-well formation in layered hybrid pero"
"jcdietri","kanarde","1","False","Wind and rain compound with tides to cause frequent and unexpected coa"
"damarks","ejgruber","1","False","Diagnostic utility of the total nucleated cell count for differentiati"
"mkpeed","rlbayles","2","False","Extracted Plasma Cell-Free DNA Concentrations Are Elevated in Colic Pa|A Comparative Review of Cytokines and Cytokine Targeting in Sepsis: Fr"
"lpal","richardv","1","False","Elucidation of temperature-induced water structuring on cellulose surf"
"alkwansa","chhaigle","1","True","Structural determination of a full-length plant cellulose synthase inf"
"chhaigle","ygyingli","1","True","Structural determination of a full-length plant cellulose synthase inf"
"jljone21","nwising","1","False","Effect of sub‐coercive degradation on the local piezoelectric properti"
"alwoodle","rleon","1","False","U.S. cereal rye winter cover crop growth database"
"dgkamper","ksaul","1","False","Use of computational modeling to examine fingertip force production in"
"amikael","bwiegman","1","False","Chewing through challenges: Exploring the evolutionary pathways to woo"
"aharris5","hmitaso","2","True","Estimating rates of change to interpret quantitative wastewater survei|Estimating Rates of Change to Interpret Quantitative Wastewater Survei"
"aharris5","nkotlar","2","False","Estimating rates of change to interpret quantitative wastewater survei|Estimating Rates of Change to Interpret Quantitative Wastewater Survei"
"fldelosr","hmitaso","1","True","Estimating rates of change to interpret quantitative wastewater survei"
"fldelosr","nkotlar","1","False","Estimating rates of change to interpret quantitative wastewater survei"
"hmitaso","nkotlar","2","True","Estimating rates of change to interpret quantitative wastewater survei|Estimating Rates of Change to Interpret Quantitative Wastewater Survei"
"dazaharo","dmmerite","1","True","Characterization of an Injectable Chitosan Hydrogel for the Tunable, L"
"dazaharo","jhu35","1","False","Characterization of an Injectable Chitosan Hydrogel for the Tunable, L"
"dmmerite","jhu35","1","True","Characterization of an Injectable Chitosan Hydrogel for the Tunable, L"
"mlardons","nnelson4","1","True","Standard metrics for characterizing episodic salinization in freshwate"
"baran","wtang8","2","False","Evaluating Long-Term Residential EV Charging Impacts on Distribution S|Multi-Feeder Restoration using Multi-Microgrid Formation and Managemen"
"bakram","cflynch","1","False","Detecting ChatGPT-Generated Code Submissions in a CS1 Course Using Mac"
"bakram","twprice","1","False","Detecting ChatGPT-Generated Code Submissions in a CS1 Course Using Mac"
"cflynch","twprice","1","False","Detecting ChatGPT-Generated Code Submissions in a CS1 Course Using Mac"
"dxu27","tmbarnes","1","False","Empowering Secondary School Teachers: Creating, Executing, and Evaluat"
"ktstolee","twprice","1","False","Evaluating the Effectiveness of a Testing Checklist Intervention in CS"
"akota2","fncastel","1","True","Color morphing surfaces with effective chemical shielding"
"jtsuji","ytsuji","1","False","Modulation of iron metabolism by new chemicals interacting with the ir"
"eooviedo","kanderso","1","False","Effects of full-fat high-oleic soybean meal in layer diets on performa"
"kanderso","mvjoseph","1","False","Effects of full-fat high-oleic soybean meal in layer diets on performa"
"kanderso","otfoye","1","False","Effects of full-fat high-oleic soybean meal in layer diets on performa"
"ihusain2","zpantic","1","False","Design of a Modular Marine DC Microgrid Testbed with Controller-Hardwa"
"tsmorril","udur","1","False","Partitionable choice functions and stability"
"tsmorril","wphan","1","False","Partitionable choice functions and stability"
"udur","wphan","2","False","Partitionable choice functions and stability|Increasing the representation of a targeted type in a reserve system"
"dmmerite","kmathews","1","False","Prognostic Impact of a Histologic Grading Scheme in Dogs Diagnosed Wit"
"smrobin5","swking","1","False","Not-so-speedy delivery: Should retailers use discounts or donations to"
"mbreen3","rbrober2","1","True","Is increased mutation driving genetic diversity in dogs within the Cho"
"aercume","egnichol","1","False","Diagnostic screening of private well water using gas chromatography wi"
"jflevine","lrlarson","1","True","Political identity as a driver of hunter responses to chronic wasting "
"jflevine","mnpeters","1","True","Political identity as a driver of hunter responses to chronic wasting "
"ccgoller","cekrieg","1","True","Strategies to empower students through open pedagogy and citizen scien"
"ccgoller","slchen2","1","False","Implementation of electronic lab notebooks (ELNs) in science laborator"
"mcricker","rlcook","1","True","Forest soil classification for intensive pine plantation management: “"
"hsheese","tckraft","1","False","Environmental Regulation Design: Motivating Firms’ Clean Technology In"
"ryin","wgao5","1","False","A clickable embroidered triboelectric sensor for smart fabric"
"sghosh2","syang24","1","False","Transporting survival of an HIV clinical trial to the external target "
"blnowell","jvukoma","1","True","MAPPING WILDFIRE JURISDICTIONAL COMPLEXITY REVEALS OPPORTUNITIES FOR R"
"aschnet","dbeggles","1","False","Innovating Environmentally Sustainable Materials Platforms by Harnessi"
"aschnet","lalucia","1","True","Innovating Environmentally Sustainable Materials Platforms by Harnessi"
"aschnet","nmlavoin","1","True","Innovating Environmentally Sustainable Materials Platforms by Harnessi"
"dbeggles","lalucia","1","True","Innovating Environmentally Sustainable Materials Platforms by Harnessi"
"dbeggles","nmlavoin","1","True","Innovating Environmentally Sustainable Materials Platforms by Harnessi"
"lalucia","nmlavoin","1","False","Innovating Environmentally Sustainable Materials Platforms by Harnessi"
"cwcahoon","gdcollin","1","False","Residual weed control in cotton utilizing herbicide-coated fertilizer"
"dljorda2","gdcollin","1","False","Residual weed control in cotton utilizing herbicide-coated fertilizer"
"damarks","oapetrit","1","False","Osteosarcoma of the wing in a sulfur‐crested cockatoo"
"damarks","sozawa","1","False","Osteosarcoma of the wing in a sulfur‐crested cockatoo"
"aihawari","aryoung","1","True","External Moderation of Reactor Core Neutrons for Optimized Production "
"aihawari","rgolub","1","True","External Moderation of Reactor Core Neutrons for Optimized Production "
"aryoung","rgolub","1","False","External Moderation of Reactor Core Neutrons for Optimized Production "
"igransb","sesmith5","1","False","Comparing Research Foci (What) and Student Participation (Who) in Comp"
"hwu15","nsharm23","1","False","Ultrasound-Compatible Electrode for Functional Electrical Stimulation"
"hwu15","yzhu7","1","False","Ultrasound-Compatible Electrode for Functional Electrical Stimulation"
"jlburne5","lmwidman","1","False","A Test of the Growth Mindset Compensatory Message in the Context of Yo"
"agduffy","gspowel2","1","True","Repeated feeding guild evolution: the impact of competition on diversi"
"mtulbure","rkmeente","1","False","Creating spatially complete zoning maps using machine learning"
"mddickey","yzhu7","1","False","Surface Embedded Metal Nanowire–Liquid Metal–Elastomer Hybrid Composit"
"aseyam","enford","1","False","Development of Eco-Friendly Soy Protein Fiber: A Comprehensive Critica"
"aseyam","mmmoore4","1","False","Development of Eco-Friendly Soy Protein Fiber: A Comprehensive Critica"
"enford","mmmoore4","1","False","Development of Eco-Friendly Soy Protein Fiber: A Comprehensive Critica"
"ajkeung","asanmig","1","False","A primordial DNA store and compute engine"
"ajkeung","jtuck","2","False","A primordial DNA store and compute engine|Nanopore decoding with speed and versatility for data storage"
"ajkeung","odvelev","1","False","A primordial DNA store and compute engine"
"asanmig","jtuck","1","False","A primordial DNA store and compute engine"
"asanmig","odvelev","1","False","A primordial DNA store and compute engine"
"jtuck","odvelev","1","False","A primordial DNA store and compute engine"
"dpgenere","knappe","1","True","Forecasting and Hindcasting PFAS Concentrations in Groundwater Dischar"
"arwisnet","hroessn","1","False","Concurrent <i>Streptococcus equi</i> subsp. <i>equi</i> infection, pur"
"arwisnet","klhepwor","1","False","Concurrent <i>Streptococcus equi</i> subsp. <i>equi</i> infection, pur"
"hroessn","klhepwor","1","False","Concurrent <i>Streptococcus equi</i> subsp. <i>equi</i> infection, pur"
"xshen5","zguo32","1","False","ESG: Pipeline-Conscious Efficient Scheduling of DNN Workflows on Serve"
"cjdohert","iperera","1","False","Conserved plant transcriptional responses to microgravity from two con"
"dkaoumi","tjhorn","1","False","Review of Solid-State Consolidation Processing Techniques of ODS Steel"
"ejjasels","falexal","1","False","Meet2Mitigate: An LLM-powered framework for real-time issue identifica"
"efimenko","jgenzer","1","False","Water Droplet Equilibration on Silicone Elastomer Substrates Containin"
"aharris5","closburn","1","True","Tryptophan-Like Fluorescence for Monitoring Fecal Contamination in a M"
"closburn","nnelson4","1","True","Tryptophan-Like Fluorescence for Monitoring Fecal Contamination in a M"
"ddavis6","jrelyea","1","False","Elementary School Teachers’ Enactment of a Content Literacy Curriculum"
"amlynch3","yueda","1","False","Pharmacokinetics of a continuous intravenous infusion of hydromorphone"
"btoconno","cjdohert","1","True","Flexible Self‐Powered Organic Photodetector with High Detectivity for "
"aecarso2","mbfisher","1","False","Controlled Stiffness of Direct-Write, Near-Field Electrospun Gelatin F"
"ddreisig","dljorda2","1","False","Suppression of tobacco thrips with insecticides and survey of grower p"
"dljorda2","lcolpog","1","False","Influence of tillage and rotation sequence on corn response and planti"
"dljorda2","raatwell","1","False","Influence of tillage and rotation sequence on corn response and planti"
"dljorda2","rheinig","1","False","Influence of tillage and rotation sequence on corn response and planti"
"lcolpog","raatwell","1","False","Influence of tillage and rotation sequence on corn response and planti"
"lcolpog","rheinig","1","False","Influence of tillage and rotation sequence on corn response and planti"
"klan2","yzhu7","1","True","A modeling framework to identify environmentally greener and lower-cos"
"ardequei","jjohns24","1","False","Diverse decarbonization pathways under near cost-optimal futures"
"tmschaef","vskokov","1","False","Simulations of Stochastic Fluid Dynamics near a Critical Point in the "
"dosmond","lcolpog","1","False","Models and sufficiency interpretation for estimating critical soil tes"
"sesmith5","tbdimitr","1","False","Investigating Students' Perspectives on the Value of Help-Seeking Reso"
"cubbage","kwsmith","1","False","Land Fragmentation and Heirs Property: Current Issues and Policy Respo"
"mjburke3","mkpeed","1","False","Hemadsorption extracorporeal therapy removes cytokines ex vivo in hors"
"mjburke3","yueda","1","False","Hemadsorption extracorporeal therapy removes cytokines ex vivo in hors"
"davidian","wlu4","1","False","Estimation of optimal treatment regimes with electronic medical record"
"jbtracy","ygyingli","1","False","Machine Learning and Small Data-Guided Optimization of Silica Shell Mo"
"aharris5","aschnet","1","True","Shifting power: data democracy in engineering solutions"
"aharris5","bbcutts","1","True","Shifting power: data democracy in engineering solutions"
"aharris5","htchmiel","1","False","Shifting power: data democracy in engineering solutions"
"aharris5","tbenhor","1","True","Shifting power: data democracy in engineering solutions"
"aschnet","bbcutts","1","True","Shifting power: data democracy in engineering solutions"
"aschnet","htchmiel","1","True","Shifting power: data democracy in engineering solutions"
"aschnet","tbenhor","1","True","Shifting power: data democracy in engineering solutions"
"bbcutts","htchmiel","1","True","Shifting power: data democracy in engineering solutions"
"bbcutts","tbenhor","1","True","Shifting power: data democracy in engineering solutions"
"htchmiel","tbenhor","1","True","Shifting power: data democracy in engineering solutions"
"lalucia","martinjd","1","True","Membrane emulsification and de-emulsification by physical and entropic"
"dfarfur","gbyrd","1","False","The road to quantum internet: Progress in quantum network testbeds and"
"dfarfur","jliu96","1","False","The road to quantum internet: Progress in quantum network testbeds and"
"dfarfur","ryu5","1","False","The road to quantum internet: Progress in quantum network testbeds and"
"gbyrd","jliu96","1","False","The road to quantum internet: Progress in quantum network testbeds and"
"gbyrd","ryu5","1","False","The road to quantum internet: Progress in quantum network testbeds and"
"jliu96","ryu5","2","False","The road to quantum internet: Progress in quantum network testbeds and|FENDI: Toward High-Fidelity Entanglement Distribution in the Quantum I"
"jsbaker4","lcolpog","1","True","Global-to-Local Dependencies in Phosphorus Mass Flows and Markets: Pat"
"jsbaker4","owduckwo","1","True","Global-to-Local Dependencies in Phosphorus Mass Flows and Markets: Pat"
"jsbaker4","rsozzan","1","True","Global-to-Local Dependencies in Phosphorus Mass Flows and Markets: Pat"
"lcolpog","owduckwo","1","False","Global-to-Local Dependencies in Phosphorus Mass Flows and Markets: Pat"
"owduckwo","rsozzan","1","False","Global-to-Local Dependencies in Phosphorus Mass Flows and Markets: Pat"
"bcallah","kameikle","1","False","The development of non-destructive sampling methods of parchment skins"
"bcallah","mbreen3","1","False","The development of non-destructive sampling methods of parchment skins"
"bcallah","tlstinso","1","True","The development of non-destructive sampling methods of parchment skins"
"kameikle","mbreen3","1","False","The development of non-destructive sampling methods of parchment skins"
"kameikle","tlstinso","1","True","The development of non-destructive sampling methods of parchment skins"
"mbreen3","tlstinso","1","True","The development of non-destructive sampling methods of parchment skins"
"hstohl","randers6","1","False","The Viability of Topic Modeling to Identify Participant Motivations fo"
"alietz","kstapel","1","False","Estimation of mean electron energy in helium surface ionization waves "
"alietz","scshanno","1","False","Estimation of mean electron energy in helium surface ionization waves "
"kstapel","scshanno","1","False","Estimation of mean electron energy in helium surface ionization waves "
"flowers","jjiang26","1","False","228 The effect of temperature-humidity index in different pregnancy st"
"flowers","mtknauer","2","False","228 The effect of temperature-humidity index in different pregnancy st|Estimation of genotype by environmental interaction for litter traits "
"jjiang26","mtknauer","1","False","228 The effect of temperature-humidity index in different pregnancy st"
"aseyam","wgao5","1","False","Two-Dimensional Materials in Textiles"
"kbusch","sjcarrie","1","False","The making of an outdoor educator: a mixed methods study of identity t"
"jminogu","sjcarrie","1","False","Novice Elementary Teachers’ Science Teaching: Instructional Planning a"
"galewbar","mbreen3","1","False","Molecular Discovery of Filarial Nematode <scp>DNA</scp> in an Endanger"
"galewbar","slvaden","1","False","Molecular Discovery of Filarial Nematode <scp>DNA</scp> in an Endanger"
"mbreen3","slvaden","1","False","Molecular Discovery of Filarial Nematode <scp>DNA</scp> in an Endanger"
"mulvey","rcmayer","1","False","Organisational integrity, trust, dissociative identity, and HR"
"mbreiski","mhreiski","1","True","Diverse migratory strategies for a hawksbill sea turtle population"
"agrinba","lvschnab","1","True","Surgical procedure of intratympanic injection and inner ear pharmacoki"
"dbeggles","drbohnen","1","False","Location and reef size drive oyster reef restoration success"
"jfgrifen","jsjones7","1","False","Lessons learned from remote, early-literacy instruction"
"mddickey","spontak","1","False","Thermoplastic Elastomers and Their Physical Gels Electrospun into Tuna"
"kdaniel","mddickey","1","True","The Role of Electrochemical Oxidation on the Interfacial Tension of Eu"
"gyang9","yzhu7","1","False","Roadmap on printable electronic materials for next-generation sensors"
"jwilli27","ssengup2","1","False","Word Embeddings as Statistical Estimators"
"mscastil","rleon","1","False","Risk of weed seed and seedling emergence from poultry litter"
"mscastil","sbkulesz","1","False","Risk of weed seed and seedling emergence from poultry litter"
"rleon","sbkulesz","1","False","Risk of weed seed and seedling emergence from poultry litter"
"kgundog","qgu3","1","True","Experimental Observation of Purcell-Enhanced Spontaneous Emission in a"
"jgenzer","mddickey","1","False","Tunable Infrared Emissivity Using Laser‐Sintered Liquid Metal Nanopart"
"jgenzer","qwei3","1","False","Tunable Infrared Emissivity Using Laser‐Sintered Liquid Metal Nanopart"
"mrblanch","richardv","1","True","Transfer Students’ Perceptions of Science and Engineering Internships"
"bcjohns2","ldfusare","1","False","Leadership for the Future: Enhancing Principal Preparation Through Sta"
"cdelgad","kbchen2","1","True","Sense of Presence and the Illusion of Self-scaling in Virtual Learning"
"cdelgad","mopeters","1","True","Sense of Presence and the Illusion of Self-scaling in Virtual Learning"
"cbcoope3","zholmes","1","False","A Positionality Tool to Support Ethical Research and Inclusion in the "
"dmfoster","mgpapich","1","False","Pharmacokinetics of pradofloxacin, florfenicol, and tulathromycin and "
"jlhaller","mgpapich","1","False","Pharmacokinetics of pradofloxacin, florfenicol, and tulathromycin and "
"baran","nlu2","1","False","Multi-Feeder Restoration using Multi-Microgrid Formation and Managemen"
"nlu2","wtang8","1","False","Multi-Feeder Restoration using Multi-Microgrid Formation and Managemen"
"hvtafres","khan","1","False","Viscoelastic Fluid Stresses in the Formation and Shaping of Melt-Spun "
"hubbe","richardv","1","False","Valorization of food processing waste: Utilization of pistachio shell "
"btoconno","mddickey","1","False","Glassy gels toughened by solvent"
"bcallah","mkleine","1","True","Pseudo-pac site sequences used by phage P22 in generalized transductio"
"gbmckenn","slsimon","1","False","On the glass transition temperature of TNT"
"dcmuddim","swkullma","1","False","Quantitative sampling by IR-MALDESI is not susceptible to tissue heter"
"jlswann","sshasha2","1","False","Risk score models for urinary tract infection hospitalization"
"oyozalti","sshasha2","1","False","Risk score models for urinary tract infection hospitalization"
"ecrisci","xpeng5","1","False","Human long noncoding RNA, <i>VILMIR,</i> is induced by major respirato"
"akaprav","bgreaves","1","False","On SMS Phishing Tactics and Infrastructure"
"leplatt","tadrake","1","False","A Synthesis of Research on Principal Internships"
"jing","misra","1","False","Tighter parameterized monogamy relations"
