"source","target","weight","cross_college","papers"
"blondin","cfrohli","1","False","Type Ia Supernova Models: Asymmetric Remnants and Supernova Remnant G1"
"dlirving","rcollaz","2","False","Native oxide reconstructions on AlN and GaN (0001) surfaces|Self-compensation in heavily Ge doped AlGaN: A comparison to Si doping"
"dlirving","sitar","2","False","Native oxide reconstructions on AlN and GaN (0001) surfaces|Self-compensation in heavily Ge doped AlGaN: A comparison to Si doping"
"rcollaz","sitar","14","False","Native oxide reconstructions on AlN and GaN (0001) surfaces|High Mg activation in implanted GaN by high temperature and ultrahigh |Study on avalanche breakdown and Poole–Frenkel emission in Al-rich AlG"
"acdon","beasleym","2","False","Bios Vol. 40, #1|Are required SEC proxy disclosures about the board’s role in risk over"
"acdon","branson","2","False","Bios Vol. 40, #1|Are required SEC proxy disclosures about the board’s role in risk over"
"beasleym","branson","2","False","Bios Vol. 40, #1|Are required SEC proxy disclosures about the board’s role in risk over"
"jastern","rhli2","5","False","A genetic polymorphism in P2RY1 impacts response to clopidogrel in cat|Mining the 99 Lives Cat Genome Sequencing Consortium database implicat|Multi-omic analyses in Abyssinian cats with primary renal amyloid depo"
"jastern","yueda","4","False","A genetic polymorphism in P2RY1 impacts response to clopidogrel in cat|Acute pharmacodynamic effects of pimobendan in client-owned cats with |Comparative Assessment of Heart Rate Variability Obtained via Ambulato"
"rhli2","yueda","1","False","A genetic polymorphism in P2RY1 impacts response to clopidogrel in cat"
"kbflores","tran","1","False","Deep learning and regression approaches to forecasting blood glucose l"
"eesantis","efimenko","1","False","DFT Analysis of Organotin Catalytic Mechanisms in Dehydration Esterifi"
"eesantis","jgenzer","1","False","DFT Analysis of Organotin Catalytic Mechanisms in Dehydration Esterifi"
"eesantis","prwestmo","1","False","DFT Analysis of Organotin Catalytic Mechanisms in Dehydration Esterifi"
"efimenko","jgenzer","4","False","DFT Analysis of Organotin Catalytic Mechanisms in Dehydration Esterifi|Functional Gels Containing Hydroxamic Acid Degrade Organophosphates in|Continuous Ligand-Free Suzuki–Miyaura Cross-Coupling Reactions in a Ca"
"efimenko","prwestmo","1","False","DFT Analysis of Organotin Catalytic Mechanisms in Dehydration Esterifi"
"jgenzer","prwestmo","1","False","DFT Analysis of Organotin Catalytic Mechanisms in Dehydration Esterifi"
"jvveliad","sbhatta4","5","False","Performance Evaluation of 10 kV SiC Current Switch Based PWM Current S|Design Considerations of Three Phase Active Front End Converter for 13|Performance Comparison and Demonstration of 3-L Voltage Source Inverte"
"cmroland","sagui","3","False","The F19W mutation reduces the binding affinity of the transmembrane Aβ|Molecular conformations and dynamics of nucleotide repeats associated |Construction of DNA/RNA Triplex Helices Based on GAA/TTC Trinucleotide"
"narayan","rjnaraya","8","False","Liquid phase regrowth of 〈110〉 nanodiamond film by UV laser annealing |Advances in laser-assisted conversion of polymeric and graphitic carbo|Enhanced Vapor Transmission Barrier Properties via Silicon-Incorporate"
"dazaharo","dmmerite","1","True","Safety and Pharmacokinetics of Intravesical Chitosan/Interleukin-12 Im"
"evheugte","vfellner","1","False","PSIII-12 In vitro Evaluation of Purified Fiber Sources for Production "
"agrinba","tghashg","2","True","Deep learning-based autofocus method enhances image quality in light-s|Detection and classification of neurons and glial cells in the MADM mo"
"birgand","mrburche","1","False","Corrigendum to “Carbon storage potential in a recently created brackis"
"jhkelley","rllongla","1","False","New energy for the 133-keV resonance in the <mml:math xmlns:mml=""http:"
"bwkeene","sptou","6","False","Myxomatous mitral valve disease in Miniature Schnauzers and Yorkshire |Absence of known feline <i>MYH7</i> and <i>MYBPC3</i> variants in a di|Use of whole genome analysis to identify shared genomic variants acros"
"bwkeene","tdefranc","6","False","Myxomatous mitral valve disease in Miniature Schnauzers and Yorkshire |Absence of known feline <i>MYH7</i> and <i>MYBPC3</i> variants in a di|Use of whole genome analysis to identify shared genomic variants acros"
"sptou","tdefranc","6","False","Myxomatous mitral valve disease in Miniature Schnauzers and Yorkshire |Absence of known feline <i>MYH7</i> and <i>MYBPC3</i> variants in a di|Use of whole genome analysis to identify shared genomic variants acros"
"lhoggar","vvvolpe","3","False","Black–white racial disparities in COVID-19: Awareness and framing of d|Black adolescents’ anticipatory stress responses to multilevel racism:|Anti-Black Structural Racism Goes Online: A Conceptual Model for Racia"
"elseekam","ktate","3","False","Connection to Nature Boosts Adolescents’ Mental Well-Being during the |Cultural Cognition and Ideological Framing Influence Communication Abo|Outdoor Activity Participation Improves Adolescents’ Mental Health and"
"elseekam","lrlarson","3","False","Connection to Nature Boosts Adolescents’ Mental Well-Being during the |Cultural Cognition and Ideological Framing Influence Communication Abo|Outdoor Activity Participation Improves Adolescents’ Mental Health and"
"elseekam","mnpeters","3","False","Connection to Nature Boosts Adolescents’ Mental Well-Being during the |Cultural Cognition and Ideological Framing Influence Communication Abo|Outdoor Activity Participation Improves Adolescents’ Mental Health and"
"ktate","lrlarson","6","False","Connection to Nature Boosts Adolescents’ Mental Well-Being during the |Cultural Cognition and Ideological Framing Influence Communication Abo|Outdoor Activity Participation Improves Adolescents’ Mental Health and"
"ktate","mnpeters","10","False","Connection to Nature Boosts Adolescents’ Mental Well-Being during the |Cultural Cognition and Ideological Framing Influence Communication Abo|Outdoor Activity Participation Improves Adolescents’ Mental Health and"
"lrlarson","mnpeters","5","False","Connection to Nature Boosts Adolescents’ Mental Well-Being during the |Cultural Cognition and Ideological Framing Influence Communication Abo|Outdoor Activity Participation Improves Adolescents’ Mental Health and"
"emzechma","gmkumar","1","False","Using a digital twin to explore water infrastructure impacts during th"
"emzechma","jakamins","1","False","Water and Wastewater Systems and Utilities: Challenges and Opportuniti"
"ejjasels","falexal","2","False","Early Impacts of the COVID-19 Pandemic on the United States Constructi|Work-related safety incidents among driver license examiners"
"cwong9","dzbaron","2","False","Contact Tracing Enhances the Efficiency of Covid-19 Group Testing|High Speed Receiver Modeling Using Generative Adversarial Networks"
"fawrigh2","yzhou19","3","False","The COVID-19 Pandemic Vulnerability Index (PVI) Dashboard: Monitoring |Potential Human Health Hazard of Post-Hurricane Harvey Sediments in Ga|Relationships between constituents of energy drinks and beating parame"
"jccarr","jmpolla3","2","False","A behavioral insights approach to recruiting entrepreneurs for an acad|Metacognition and entrepreneurial action: The mediating role of a stra"
"jmcasper","jnbocarr","4","False","Parental perceptions of the impact of COVID-19 and returning to play b|An examination of pickleball participation, social connections, and ps|Urban Park Use During the COVID-19 Pandemic: Are Socially Vulnerable C"
"jmcasper","kabush","1","False","Parental perceptions of the impact of COVID-19 and returning to play b"
"jmcasper","ksbunds","2","False","Parental perceptions of the impact of COVID-19 and returning to play b|Teamwork makes the <i>net-work</i>: participant-governed networks and "
"jmcasper","mbedward","3","False","Parental perceptions of the impact of COVID-19 and returning to play b|Objective Assessment of Physical Activity and Associated Contexts Duri|Teamwork makes the <i>net-work</i>: participant-governed networks and "
"jmcasper","mkanters","2","False","Parental perceptions of the impact of COVID-19 and returning to play b|Objective Assessment of Physical Activity and Associated Contexts Duri"
"jnbocarr","kabush","1","False","Parental perceptions of the impact of COVID-19 and returning to play b"
"jnbocarr","ksbunds","1","False","Parental perceptions of the impact of COVID-19 and returning to play b"
"jnbocarr","mbedward","3","False","Parental perceptions of the impact of COVID-19 and returning to play b|Objective Assessment of Physical Activity and Associated Contexts Duri|The role of advocacy organisations for ethical mega sport events"
"jnbocarr","mkanters","2","False","Parental perceptions of the impact of COVID-19 and returning to play b|Objective Assessment of Physical Activity and Associated Contexts Duri"
"kabush","ksbunds","1","False","Parental perceptions of the impact of COVID-19 and returning to play b"
"kabush","mbedward","1","False","Parental perceptions of the impact of COVID-19 and returning to play b"
"kabush","mkanters","1","False","Parental perceptions of the impact of COVID-19 and returning to play b"
"ksbunds","mbedward","2","False","Parental perceptions of the impact of COVID-19 and returning to play b|Teamwork makes the <i>net-work</i>: participant-governed networks and "
"ksbunds","mkanters","1","False","Parental perceptions of the impact of COVID-19 and returning to play b"
"mbedward","mkanters","2","False","Parental perceptions of the impact of COVID-19 and returning to play b|Objective Assessment of Physical Activity and Associated Contexts Duri"
"jlswann","memayorg","1","False","Association of Simulated COVID-19 Vaccination and Nonpharmaceutical In"
"jahipp","jmcasper","1","False","Urban Park Use During the COVID-19 Pandemic: Are Socially Vulnerable C"
"jahipp","jnbocarr","1","False","Urban Park Use During the COVID-19 Pandemic: Are Socially Vulnerable C"
"jahipp","ktate","1","False","Urban Park Use During the COVID-19 Pandemic: Are Socially Vulnerable C"
"jahipp","lrlarson","2","False","Urban Park Use During the COVID-19 Pandemic: Are Socially Vulnerable C|Neighborhood built environment impacts park use of diverse, low-income"
"jmcasper","ktate","1","False","Urban Park Use During the COVID-19 Pandemic: Are Socially Vulnerable C"
"jmcasper","lrlarson","1","False","Urban Park Use During the COVID-19 Pandemic: Are Socially Vulnerable C"
"jnbocarr","ktate","1","False","Urban Park Use During the COVID-19 Pandemic: Are Socially Vulnerable C"
"jnbocarr","lrlarson","1","False","Urban Park Use During the COVID-19 Pandemic: Are Socially Vulnerable C"
"fyyamane","ooralka","8","False","Design and Fabrication of 1D CMUT Arrays for Dual-Mode Acoustic Angiog|A Wearable Ultrasonic Neurostimulator - Part I: A 1D CMUT Phased Array|A Wearable Ultrasonic Neurostimulator—Part II: A 2D CMUT Phased Array "
"akemper","awbatall","2","True","Fermi liquid theory sheds light on hot electron-hole liquid in <mml:ma|Timescales of excited state relaxation in <mml:math xmlns:mml=""http://"
"akemper","kgundog","2","False","Fermi liquid theory sheds light on hot electron-hole liquid in <mml:ma|Timescales of excited state relaxation in <mml:math xmlns:mml=""http://"
"awbatall","kgundog","2","True","Fermi liquid theory sheds light on hot electron-hole liquid in <mml:ma|Timescales of excited state relaxation in <mml:math xmlns:mml=""http://"
"fscholl","raghilad","2","False","Rapid and Repetitive Inactivation of SARS‐CoV‐2 and Human Coronavirus |Toward Universal Photodynamic Coatings for Infection Control"
"fscholl","spontak","2","True","Rapid and Repetitive Inactivation of SARS‐CoV‐2 and Human Coronavirus |Toward Universal Photodynamic Coatings for Infection Control"
"raghilad","spontak","2","True","Rapid and Repetitive Inactivation of SARS‐CoV‐2 and Human Coronavirus |Toward Universal Photodynamic Coatings for Infection Control"
"jayoder","nmnascon","1","True","<i>Single-minded 2</i> is required for left-right asymmetric stomach m"
"jslindse","mtanigu","5","False","Tolyporphins A–R, unusual tetrapyrrole macrocycles in a cyanobacterium|Electronic Structure and Excited-State Dynamics of Rylene–Tetrapyrrole|Fluorescence Assay for Tolyporphins Amidst Abundant Chlorophyll in Cru"
"amgrunde","rbrose2","1","False","Structure, Function, and Thermal Adaptation of the Biotin Carboxylase "
"ecrisci","gwalmond","2","False","The Local and Systemic Humoral Immune Response Against Homologous and |Maternal Autogenous Inactivated Virus Vaccination Boosts Immunity to P"
"cwcahoon","dljorda2","3","False","Susceptibility of Palmer amaranth accessions in North Carolina to atra|Palmer Amaranth (Amaranthus palmeri) Growth and Seed Production When i|Evaluations of <i>S</i>‐Metolachlor in flue‐cured tobacco weed managem"
"cwcahoon","kmjennin","2","False","Susceptibility of Palmer amaranth accessions in North Carolina to atra|Palmer Amaranth (Amaranthus palmeri) Growth and Seed Production When i"
"cwcahoon","rleon","2","False","Susceptibility of Palmer amaranth accessions in North Carolina to atra|Palmer Amaranth (Amaranthus palmeri) Growth and Seed Production When i"
"dljorda2","kmjennin","5","False","Susceptibility of Palmer amaranth accessions in North Carolina to atra|Safety and efficacy of linuron with or without an adjuvant or <i>S</i>|Palmer Amaranth (Amaranthus palmeri) Growth and Seed Production When i"
"dljorda2","rleon","6","False","Susceptibility of Palmer amaranth accessions in North Carolina to atra|Safety and efficacy of linuron with or without an adjuvant or <i>S</i>|Palmer Amaranth (Amaranthus palmeri) Growth and Seed Production When i"
"kmjennin","rleon","6","False","Susceptibility of Palmer amaranth accessions in North Carolina to atra|Windows of action for controlling palmer amaranth (<i>Amaranthus palme|Safety and efficacy of linuron with or without an adjuvant or <i>S</i>"
"baquroll","ebbreits","2","False","Demographics and travel history of imported and autochthonous cases of|Development of a Multiplex Droplet Digital PCR Assay for the Detection"
"damarks","ktefft","1","False","Factors associated with clinical interpretation of tracheal wash fluid"
"mrahe","psitthi","1","False","<i>Streptococcus gallolyticus</i> and Bacterial Endocarditis in Swine,"
"amlynch3","slvaden","2","False","Clinical features, outcome, and illness severity scoring in 32 dogs wi|Use of extracorporeal therapy in a dog with heatstroke"
"krwening","tismirno","1","False","Integrative structural dynamics probing of the conformational heteroge"
"iguvenc","oozdemi","6","False","Attenuation of Several Common Building Materials: <i>Millimeter-Wave F|28 GHz Indoor and Outdoor Propagation Measurements and Analysis at a R|A Taxonomy and Survey on Experimentation Scenarios for Aerial Advanced"
"aamassi","dsun4","1","True","Observation of spatially resolved Rashba states on the surface of CH<s"
"aseyam","kmathur","3","False","Maximizing the Performance of 3D Printed Fiber-Reinforced Composites|Comparing Performance of 3D-Printed and Injection-Molded Fiber-Reinfor|Surface functionalization of greige cotton knitted fabric through plas"
"ericro","paulf","1","False","Design for 3D Stacked Circuits"
"ericro","wdavis","1","False","Design for 3D Stacked Circuits"
"paulf","wdavis","3","False","Design for 3D Stacked Circuits|Fast and Accurate PPA Modeling with Transfer Learning|Fast and Accurate PPA Modeling with Transfer Learning"
"aybozkur","jlreyno4","3","False","Novel 3D-printed Electrodes for Implantable Biopotential Monitoring|An Accelerometer-based Sensing System to Study the Valve-gaping Behavi|Towards Continuous Plant Bioimpedance Fitting and Parameter Estimation"
"pdbradfo","vaugust","1","True","Toward Deterministic 3D Energy Storage Electrode Architectures <i>via<"
"cmbyrd3","mgonza22","1","True","Examining the Knowledge, Skills, and Dispositions of 4-H Professionals"
"clmarian","krmunana","2","False","Outcomes and prognostic indicators in 59 paraplegic medium to large br|Vascular endothelial growth factor concentrations in the cerebrospinal"
"clmarian","njolby","3","False","Outcomes and prognostic indicators in 59 paraplegic medium to large br|Subaxial cervical articular process subluxation and dislocation: Cervi|Vascular endothelial growth factor concentrations in the cerebrospinal"
"clmarian","pjearly","3","False","Outcomes and prognostic indicators in 59 paraplegic medium to large br|Subaxial cervical articular process subluxation and dislocation: Cervi|Vascular endothelial growth factor concentrations in the cerebrospinal"
"krmunana","njolby","2","False","Outcomes and prognostic indicators in 59 paraplegic medium to large br|Vascular endothelial growth factor concentrations in the cerebrospinal"
"krmunana","pjearly","2","False","Outcomes and prognostic indicators in 59 paraplegic medium to large br|Vascular endothelial growth factor concentrations in the cerebrospinal"
"njolby","pjearly","3","False","Outcomes and prognostic indicators in 59 paraplegic medium to large br|Subaxial cervical articular process subluxation and dislocation: Cervi|Vascular endothelial growth factor concentrations in the cerebrospinal"
"hdai","iguvenc","6","False","Secure 5G Network for a Nationwide Drone Corridor|Power Allocation for Fingerprint-Based PHY-Layer Authentication with m|Outage Analysis for Cooperative mmWave UAV Communications With Beam Tr"
"hdai","mlsichit","2","False","Secure 5G Network for a Nationwide Drone Corridor|Placement of mmWave Base Stations for Serving Urban Drone Corridors"
"iguvenc","mlsichit","5","False","Secure 5G Network for a Nationwide Drone Corridor|FPV Video Adaptation for UAV Collision Avoidance|A Taxonomy and Survey on Experimentation Scenarios for Aerial Advanced"
"cdrock","hawest","1","False","The Influence of Powder Reuse on the Properties of Nickel Super Alloy "
"cdrock","tjhorn","5","False","The Influence of Powder Reuse on the Properties of Nickel Super Alloy |Quasi-Static Tensile Properties of Unalloyed Copper Produced by Electr|Electron Beam Melting of Niobium Alloys from Blended Powders"
"hawest","tjhorn","1","False","The Influence of Powder Reuse on the Properties of Nickel Super Alloy "
"bernholc","wlu2","4","False","Study of Anharmonicity in Zirconium Hydrides Using Inelastic Neutron S|High-temperature polymers with record-high breakdown strength enabled |On-surface cyclodehydrogenation reaction pathway determined by selecti"
"dmfoster","sthakur","2","False","Evidence of sheep and abattoir environment as important reservoirs of |Identification of CTX-M type ESBL E. coli from sheep and their abattoi"
"atstepan","jmalonso","3","False","To Fight or to Grow: The Balancing Role of Ethylene in Plant Abiotic S|Leveraging synthetic biology approaches in plant hormone research|Auxin Interactions with Other Hormones in Plant Development"
"arkendal","slvaden","2","False","Investigation of the use of microwave ablation with and without coolin|Three‐dimensional bladder ultrasound to measure daily urinary bladder "
"mwnolan","ylai7","3","False","Minimally invasive ethyl cellulose ethanol ablation in domesticated ca|Irradiation of the Normal Murine Tongue Causes Upregulation and Activa|Behavioral phenotyping of cancer pain in domesticated cats with natura"
"ktate","mgjones3","1","True","It’s about time: perceived barriers to in-service teacher climate chan"
"mgjones3","mnpeters","1","True","It’s about time: perceived barriers to in-service teacher climate chan"
"jljone21","nnelson4","1","True","Hazardous Spills at Retired Fertilizer Manufacturing Plants Will Conti"
"dofreyte","khan","1","False","Monitoring decellularization via absorbance spectroscopy during the de"
"rjricha2","twgannon","1","False","Absorption and translocation of florpyrauxifen-benzyl in ten aquatic p"
"mgpapich","rjnaraya","1","True","Naloxone and nalmefene absorption delivered by hollow microneedles com"
"ddreisig","gkennedy","2","False","Effectiveness of the natural resistance management refuge for Bt-cotto|Landscape‐level variation in
            <i>Bt
            crops predi"
"gkharris","jaosborn","1","True","Viability of microwave technology for accelerated cold brew coffee pro"
"aybozkur","jflevine","1","True","An Accelerometer-based Sensing System to Study the Valve-gaping Behavi"
"jflevine","jlreyno4","1","True","An Accelerometer-based Sensing System to Study the Valve-gaping Behavi"
"dpwarsin","ruzsoy","1","True","A genetic algorithm for order acceptance and scheduling in additive ma"
"btoconno","hwade","4","True","Resolving the Molecular Origin of Mechanical Relaxations in Donor–Acce|Balancing crop production and energy harvesting in organic solar-power|Modulation of Morphological, Mechanical, and Photovoltaic Properties o"
"dsshowal","krawczyk","1","False","Incorporating Data Analytics into a Graduate Accounting Program"
"mjknuth","swkullma","1","True","Vitamin D deficiency promotes accumulation of bioactive lipids and inc"
"bcallah","sthakur","1","False","Ultra-accurate microbial amplicon sequencing with synthetic long reads"
"fang","ngmedhin","1","True","A novel kernel-free least squares twin support vector machine for fast"
"fisik","tdwalke2","2","False","Single-Step Genomic Analysis Increases the Accuracy of Within-Family S|Provenance and Family Variation in Biomass Potential of Loblolly Pine "
"aercume","aharris5","1","True","Food, water, and sanitation insecurities: Complex linkages and implica"
"dkaoumi","yzhu7","1","False","Achieving high hetero-deformation induced (HDI) strengthening and hard"
"hubbe","lpal","3","False","Advances in barrier coatings and film technologies for achieving susta|Hydrothermal and mechanically generated hemp hurd nanofibers for susta|Soft mechanical treatments of recycled fibers using a high-shear homog"
"fmeille","pdswartz","1","False","Preliminary results of neutron and X-ray diffraction data collection o"
"cboi","rgcarbon","2","False","Iminodiacetic Acid (IDA) Cation-Exchange Nonwoven Membranes for Effici|Nonwoven Ion-Exchange Membranes with High Protein Binding Capacity for"
"jwstalli","mwking2","1","True","Process–Property Relationships for Melt-Spun Poly(lactic acid) Yarn"
"kdange","vfellner","2","False","Comparison of African savanna elephant (Loxodonta africana) fatty acid|Investigation of Dried Blood Spot Cards for Fatty Acid Analysis Using "
"cmwilli5","dcmuddim","1","True","Enzyme Complexes of Ptr4CL and PtrHCT Modulate Co-enzyme A Ligation of"
"cmwilli5","jpwang","1","True","Enzyme Complexes of Ptr4CL and PtrHCT Modulate Co-enzyme A Ligation of"
"dcmuddim","jpwang","1","True","Enzyme Complexes of Ptr4CL and PtrHCT Modulate Co-enzyme A Ligation of"
"jcheng3","pkolar","1","False","Pretreatment of Switchgrass for Production of Glucose via Sulfonic Aci"
"rcrespo","sthakur","1","False","Genomic Characterization of a Nalidixic Acid-Resistant Salmonella Ente"
"caharms","kdange","1","True","Blood Fatty Acid Profiles of Neiritic Juvenile Wild Green Turtles (Che"
"kanderso","otfoye","4","False","Feeding Laying Hens a Diet Containing High-Oleic Peanuts or Oleic Acid|The effects of high-oleic peanuts as an alternate feed ingredient on p|The Effect of Feeding Hens a Peanut Skin-Containing Diet on Hen Perfor"
"kanderso","rdmalhei","4","False","Feeding Laying Hens a Diet Containing High-Oleic Peanuts or Oleic Acid|The effects of high-oleic peanuts as an alternate feed ingredient on p|The Effect of Feeding Hens a Peanut Skin-Containing Diet on Hen Perfor"
"otfoye","rdmalhei","5","False","Feeding Laying Hens a Diet Containing High-Oleic Peanuts or Oleic Acid|Peanut Skins as a Natural Antimicrobial Feed Additive To Reduce the Tr|The effects of high-oleic peanuts as an alternate feed ingredient on p"
"awhitfi","qwei3","1","True","Integrated microneedle-smartphone nucleic acid amplification platform "
"aseyam","bourham","1","True","Surface functionalization of greige cotton knitted fabric through plas"
"bourham","kmathur","1","True","Surface functionalization of greige cotton knitted fabric through plas"
"efimenko","jljone21","1","False","Functional Gels Containing Hydroxamic Acid Degrade Organophosphates in"
"jgenzer","jljone21","1","False","Functional Gels Containing Hydroxamic Acid Degrade Organophosphates in"
"caharms","ejgruber","1","False","LACTIC ACIDOSIS INDUCED BY MANUAL RESTRAINT FOR HEALTH EVALUATION AND "
"caharms","galewbar","3","False","LACTIC ACIDOSIS INDUCED BY MANUAL RESTRAINT FOR HEALTH EVALUATION AND |Pharmacokinetics of ketorolac in juvenile loggerhead sea turtles (<i>C|Successful and unsuccessful nonsurgical removal of ingested golf balls"
"ejgruber","galewbar","1","False","LACTIC ACIDOSIS INDUCED BY MANUAL RESTRAINT FOR HEALTH EVALUATION AND "
"eaison","ejakubi","1","False","Are all charge-transfer parameters created equally? A study of functio"
"eaison","nrvinuez","1","True","Are all charge-transfer parameters created equally? A study of functio"
"ejakubi","nrvinuez","1","True","Are all charge-transfer parameters created equally? A study of functio"
"rmdodswo","sjmcdona","1","False","Linguistic Employment Niches: Southern Dialect across Industries"
"klmarti3","ktate","2","False","Equally green? Understanding the distribution of urban green infrastru|Exploring geographical, curricular, and demographic factors of nature "
"cmwilli5","edbuckne","1","False","High-throughput image segmentation and machine learning approaches in "
"kmjennin","rjricha2","1","False","Windows of action for controlling palmer amaranth (<i>Amaranthus palme"
"kmjennin","screberg","1","False","Windows of action for controlling palmer amaranth (<i>Amaranthus palme"
"rjricha2","rleon","1","False","Windows of action for controlling palmer amaranth (<i>Amaranthus palme"
"rjricha2","screberg","1","False","Windows of action for controlling palmer amaranth (<i>Amaranthus palme"
"rleon","screberg","1","False","Windows of action for controlling palmer amaranth (<i>Amaranthus palme"
"acgurbuz","szgurbuz","2","False","ASL Trigger Recognition in Mixed Activity/Signing Sequences for RF Sen|Multi-Frequency RF Sensor Fusion for Word-Level Fluent ASL Recognition"
"falexal","khan6","1","False","Feasibility Study to Identify Brain Activity and Eye-Tracking Features"
"astaicu","dxlascel","1","True","Novel approach to modeling high-frequency activity data to assess ther"
"dxlascel","mwnolan","2","False","Irradiation of the Normal Murine Tongue Causes Upregulation and Activa|Behavioral phenotyping of cancer pain in domesticated cats with natura"
"dxlascel","skmishra","2","False","Irradiation of the Normal Murine Tongue Causes Upregulation and Activa|Serum artemin is not correlated with sensitivity within dogs with natu"
"dxlascel","ylai7","2","False","Irradiation of the Normal Murine Tongue Causes Upregulation and Activa|Behavioral phenotyping of cancer pain in domesticated cats with natura"
"mwnolan","skmishra","1","False","Irradiation of the Normal Murine Tongue Causes Upregulation and Activa"
"skmishra","ylai7","1","False","Irradiation of the Normal Murine Tongue Causes Upregulation and Activa"
"jjpawlak","richardv","3","False","Impact of dyes and finishes on the aquatic biodegradability of cotton |Hemicellulose and starch citrate chitosan foam adsorbents for removal |Effect of lignocellulosic fiber composition on the aquatic biodegradat"
"rdewey","rslewis","1","False","Constitutive activation of nitrate reductase in tobacco alters floweri"
"ahk","xie","1","True","Atlantic Hurricane Activity Prediction: A Machine Learning Approach"
"jbtracy","ygyingli","1","False","Controlled Organization of Inorganic Materials Using Biological Molecu"
"ihusain2","smlukic","2","False","Passive Capacitor Voltage Balancing of SiC-Based Three-Level Dual-Acti|Circulating Reactive Power and Suppression Strategies in DC Power Elec"
"agulyuk","rcollaz","1","False","Tuning Microbial Activity via Programmatic Alteration of Cell/Substrat"
"xie","xshen5","1","True","A Machine Learning Based Ensemble Forecasting Optimization Algorithm f"
"gbmckenn","slsimon","1","False","Prediction of the Synergistic Glass Transition Temperature of Coamorph"
"gvalacc","mlila","3","False","Cutaneous antimicrobial peptides: New “actors” in pollution related in|Alaskan Bog Blueberry (Vaccinium uliginosum) Extract as an Innovative |Novel Spray Dried Algae-Rosemary Particles Attenuate Pollution-Induced"
"jyin8","yzhu7","1","False","Fast Thermal Actuators for Soft Robotics"
"icarbon","rslewis","1","False","Adaptation of <i>Phytophthora nicotianae</i> to Multiple Sources of Pa"
"hhuang11","mliu10","6","False","A Data-Driven Reinforcement Learning Solution Framework for Optimal an|A Powered Prosthetic Ankle Designed for Task Variability – A Concept V|Textile-Based Pressure Sensors for Monitoring Prosthetic-Socket Interf"
"jcollazo","jkpacifi","2","True","Linking demographic rates to local environmental conditions: Empirical|Survey design optimization for monitoring wildlife communities in area"
"sdneuper","vdublje","1","False","The complex nature of willpower and conceptual mapping of its normativ"
"fbsantos","otfoye","1","False","Peanut Skins as a Natural Antimicrobial Feed Additive To Reduce the Tr"
"fbsantos","rdmalhei","1","False","Peanut Skins as a Natural Antimicrobial Feed Additive To Reduce the Tr"
"jgrimes","sbshah3","1","False","Impact of microbial waste additives and glucose on ammonia emissions f"
"bmmcconn","kay","1","False","Performance tradeoffs for spare parts supply chains with additive manu"
"jrbochin","liclarke","2","False","Increasing ionic conductivity within thermoplastics <i>via</i> commerc|Tracking the complete degradation lifecycle of poly(ethyl cyanoacrylat"
"kbusch","ktate","1","True","Intergenerational learning: A recommendation for engaging youth to add"
"kbusch","mnpeters","1","True","Intergenerational learning: A recommendation for engaging youth to add"
"kbusch","sjcarrie","1","False","Intergenerational learning: A recommendation for engaging youth to add"
"ktate","sjcarrie","2","True","Intergenerational learning: A recommendation for engaging youth to add|How outdoor science education can help girls stay engaged with science"
"mnpeters","sjcarrie","2","True","Intergenerational learning: A recommendation for engaging youth to add|How outdoor science education can help girls stay engaged with science"
"chsiao2","khan","2","False","What makes epoxy-phenolic coatings on metals ubiquitous: Surface energ|Interfacial Contributions in Nanodiamond-Reinforced Polymeric Fibers"
"chsiao2","odvelev","2","False","What makes epoxy-phenolic coatings on metals ubiquitous: Surface energ|Printable homocomposite hydrogels with synergistically reinforced mole"
"khan","odvelev","1","False","What makes epoxy-phenolic coatings on metals ubiquitous: Surface energ"
"knivanov","mnavramo","9","False","Development and verification of a higher-order mathematical adjoint no|Development of a General MPI Coupling Interface for Multi-Physics Anal|Calibration of Pellet Cladding Gap Heat Transfer Model for PWR, BWR an"
"dmfoster","jaosborn","1","True","Impact of Ceftiofur Administration in Steers on the Prevalence and Ant"
"ahjhala","lmwidman","1","True","Redeveloping a Digital Sexual Health Intervention for Adolescents to A"
"llparril","mmmoore4","2","False","Profiling Digital Printing Technology Adoption in the Fashion Industry|Automatic defect detection for fabric printing using a deep convolutio"
"hlee33","japorter","1","False","Antecedents and moderators of consumer adoption toward AR‐enhanced vir"
"hlee33","yxu11","1","False","Antecedents and moderators of consumer adoption toward AR‐enhanced vir"
"japorter","yxu11","1","False","Antecedents and moderators of consumer adoption toward AR‐enhanced vir"
"cbgorman","jgenzer","2","True","Dynamic Surfaces—Degradable Polyester Networks that Resist Protein Ads|Deposition of silicate coatings on poly(ethylene terephthalate) for im"
"gefernan","hashraf2","1","False","Detection of Fruit Meals Within Laboratory-Raised and Field-Trapped Ad"
"hwu15","xjiang5","11","False","Recent Advances in Transducers for Intravascular Ultrasound (IVUS) Ima|Laser beam guided magnetic scanning catheter for sonothrombolysis with|Nanodroplet-mediated catheter-directed sonothrombolysis of retracted b"
"bafloyd","iguvenc","2","False","A Taxonomy and Survey on Experimentation Scenarios for Aerial Advanced|AERPAW emulation overview and preliminary performance evaluation"
"bafloyd","mlsichit","2","False","A Taxonomy and Survey on Experimentation Scenarios for Aerial Advanced|AERPAW emulation overview and preliminary performance evaluation"
"bafloyd","oozdemi","2","False","A Taxonomy and Survey on Experimentation Scenarios for Aerial Advanced|AERPAW emulation overview and preliminary performance evaluation"
"bafloyd","rdutta","2","False","A Taxonomy and Survey on Experimentation Scenarios for Aerial Advanced|AERPAW emulation overview and preliminary performance evaluation"
"iguvenc","rdutta","2","False","A Taxonomy and Survey on Experimentation Scenarios for Aerial Advanced|AERPAW emulation overview and preliminary performance evaluation"
"mlsichit","oozdemi","2","False","A Taxonomy and Survey on Experimentation Scenarios for Aerial Advanced|AERPAW emulation overview and preliminary performance evaluation"
"mlsichit","rdutta","2","False","A Taxonomy and Survey on Experimentation Scenarios for Aerial Advanced|AERPAW emulation overview and preliminary performance evaluation"
"oozdemi","rdutta","2","False","A Taxonomy and Survey on Experimentation Scenarios for Aerial Advanced|AERPAW emulation overview and preliminary performance evaluation"
"cwong9","paulf","1","False","High Speed Receiver Modeling Using Generative Adversarial Networks"
"cwong9","twu19","1","False","High Speed Receiver Modeling Using Generative Adversarial Networks"
"dzbaron","paulf","1","False","High Speed Receiver Modeling Using Generative Adversarial Networks"
"dzbaron","twu19","1","False","High Speed Receiver Modeling Using Generative Adversarial Networks"
"paulf","twu19","1","False","High Speed Receiver Modeling Using Generative Adversarial Networks"
"lawilli3","tjmenzie","3","False","Omni: automated ensemble with unexpected models against adversarial ev|Structuring a Comprehensive Software Security Course Around the OWASP |How to Better Distinguish Security Bug Reports (Using Dual Hyperparame"
"cchen32","jrelyea","1","False","“They Are Doers”: Writing to Advocate With Immigrant Youth in Communit"
"mco","mddickey","3","False","Aerosol Spray Deposition of Liquid Metal and Elastomer Coatings for Ra|Flexible thermoelectric generator with liquid metal interconnects and |Energy Harvesting and Storage with Soft and Stretchable Materials"
"gabr","mpourgh","2","False","Factors Affecting Multiphase Benzene Breakthrough into Drainage Concre|Effects of MgSO4 on Calcium-Silicate-Hydrate"
"eamckenn","kdange","1","False","Host Identity and Geographic Location Significantly Affect Gastrointes"
"rcrespo","rrkulkar","1","False","A flow cytometric method for enumeration and speciation of coccidia af"
"bmmorten","gabr","4","False","Bridge Pier Scour: An overview of factors affecting the phenomenon and|Quantifying probability of deceedance estimates of clear water local s|Distribution and Properties of Microbially Induced Carbonate Precipita"
"jcolehu","ksaul","1","False","Location of brachial plexus birth injury affects functional outcomes i"
"bejacks2","bwhipker","1","False","Industrial hemp vegetative growth affected by substrate composition"
"bmrao","smenega","2","False","Quantitative Yeast–Yeast Two Hybrid for the Discovery and Binding Affi|Screening of Yeast Display Libraries of Enzymatically Treated Peptides"
"clanzas","gmachad","1","False","Modelling the role of mortality‐based response triggers on the effecti"
"ksmulvey","mkatti","1","False","Forests After Florence: an informal community-engaged STEM research pr"
"alstiele","jaluff","1","False","HOPX<sup>+</sup> injury-resistant intestinal stem cells drive epitheli"
"alstiele","lmgonza4","1","False","HOPX<sup>+</sup> injury-resistant intestinal stem cells drive epitheli"
"jaluff","lmgonza4","1","False","HOPX<sup>+</sup> injury-resistant intestinal stem cells drive epitheli"
"jabuckel","jcao22","1","False","Evaluating the Effects of a Deep-Water Marine Protected Area a Decade "
"caharms","mgpapich","2","False","Pharmacokinetics of ketorolac in juvenile loggerhead sea turtles (<i>C|SAFETY OF MULTIPLE-DOSE INTRAMUSCULAR KETOPROFEN TREATMENT IN LOGGERHE"
"galewbar","mgpapich","1","False","Pharmacokinetics of ketorolac in juvenile loggerhead sea turtles (<i>C"
"japiedra","mbfisher","2","True","Age- and Sex-Specific Joint Biomechanics in Response to Partial and Co|Sex‐specific biomechanics and morphology of the anterior cruciate liga"
"megruen","njolby","1","False","Sustained Gaze Is a Reliable In-home Test of Attention for Aging Pet D"
"cmaltec","jjiang26","1","False","Effect of Temperature and Maternal Age on Recombination Rate in Cattle"
"alwelch","atbliksl","3","False","Age-Dependent Intestinal Repair: Implications for Foals with Severe Co|Probiotics, Prebiotics and Epithelial Tight Junctions: A Promising App|Postoperative Ileus: Comparative Pathophysiology and Future Therapies"
"nccrook","smenega","2","False","Design and in situ biosynthesis of precision therapies against gastroi|<i>In Silico</i> Identification and Experimental Validation of Peptide"
"bsunderw","cahintz","3","False","Review From Multiple Perspectives for the State of the Practice on the|A Nexus of Tribology and Rheology to Study Thin-Film Mechanics of Asph|Use of Resampling Method to Construct Variance Index and Repeatability"
"aecarso2","thlabean","1","False","Multivalent Aptamer‐Functionalized Single‐Strand RNA Origami as Effect"
"jlheitma","zholmes","1","True","Forest floor manipulation effects on the relationship between aggregat"
"jpkerns","macubeta","1","False","Characterization and Aggressiveness of Take-All Root Rot Pathogens Iso"
"jpkerns","twgannon","2","False","Characterization and Aggressiveness of Take-All Root Rot Pathogens Iso|Influence of post‐application irrigation and mowing timing on fungicid"
"macubeta","twgannon","1","False","Characterization and Aggressiveness of Take-All Root Rot Pathogens Iso"
"aybozkur","yzhu7","1","False","Wearable Bioimpedance Hydration Monitoring System using Conformable Ag"
"mayousse","sscaag","2","False","DRAINMOD-P: A Model for Simulating Phosphorus Dynamics and Transport i|DRAINMOD-P: A Model for Simulating Phosphorus Dynamics and Transport i"
"jkuzma","kdgriege","3","True","Barriers to responsible innovation of nanotechnology applications in f|Responsible Innovation Definitions, Practices, and Motivations from Na|Responsible innovation of nano-agrifoods: Insights and views from U.S."
"nnelson4","shall5","1","False","Constructed Wetlands for Water Quality Improvement: A Synthesis on Nut"
"kdgriege","rbarran","1","False","(Broken) Promises of Sustainable Food and Agriculture through New Biot"
"mlila","skomarn","1","False","Gains and Losses of Agricultural Food Production: Implications for the"
"aharris5","fldelosr","1","False","Microbial Contamination in Environmental Waters of Rural and Agricultu"
"aharris5","msharar","1","True","Microbial Contamination in Environmental Waters of Rural and Agricultu"
"aharris5","nnelson4","1","True","Microbial Contamination in Environmental Waters of Rural and Agricultu"
"fldelosr","msharar","1","True","Microbial Contamination in Environmental Waters of Rural and Agricultu"
"fldelosr","nnelson4","1","True","Microbial Contamination in Environmental Waters of Rural and Agricultu"
"msharar","nnelson4","1","False","Microbial Contamination in Environmental Waters of Rural and Agricultu"
"rmrejesu","screberg","2","False","Cultivating trust in technology‐mediated sustainable agricultural rese|Understanding the market for cover crop seeds in the United States: Ba"
"rabrana2","rparaju","1","True","Challenges and opportunities for agroforestry practitioners to partici"
"arbinder","jkuzma","1","False","Responsible innovation of nano-agrifoods: Insights and views from U.S."
"arbinder","kdgriege","1","True","Responsible innovation of nano-agrifoods: Insights and views from U.S."
"bjreich","gkennedy","2","True","Soybeans as a non-Bt refuge for Helicoverpa zea in maize-cotton agroec|Landscape‐level variation in
            <i>Bt
            crops predi"
"bjreich","ddreisig","1","True","Landscape‐level variation in
            <i>Bt
            crops predi"
"bjreich","gdcollin","1","True","Landscape‐level variation in
            <i>Bt
            crops predi"
"ddreisig","gdcollin","1","False","Landscape‐level variation in
            <i>Bt
            crops predi"
"gdcollin","gkennedy","1","False","Landscape‐level variation in
            <i>Bt
            crops predi"
"alwoodle","dljorda2","2","False","Agronomic management of early maturing soybeans in North Carolina|Winter crop effect on soybean production in the Southeast United State"
"alwoodle","raatwell","2","False","Agronomic management of early maturing soybeans in North Carolina|Winter crop effect on soybean production in the Southeast United State"
"dljorda2","raatwell","3","False","Agronomic management of early maturing soybeans in North Carolina|A survey of twin‐row cropping systems in North Carolina|Winter crop effect on soybean production in the Southeast United State"
"mchi","tmbarnes","4","False","The Impact of Looking Further Ahead: A Comparison of Two Data-driven U|Tackling the Credit Assignment Problem in Reinforcement Learning-Induc|Evaluating Critical Reinforcement Learning Framework in the Field"
"hmitaso","kwwegman","1","False","Efficient Drone-Based Rare Plant Monitoring Using a Species Distributi"
"mtknauer","sbshah3","1","False","Comprehensive Evaluation of a Landscape Fabric Based Solar Air Heater "
"agopalar","mbryant","1","False","Theoretical and experimental investigation of an unsteady airfoil in t"
"aseyam","pdbradfo","1","False","Ultra-lightweight fiber-reinforced envelope material for high-altitude"
"rcollaz","spavlid","5","False","Study on avalanche breakdown and Poole–Frenkel emission in Al-rich AlG|On the Ge shallow-to-deep level transition in Al-rich AlGaN|UV illumination effects on AlGaN/GaN HEMTs for tunable RF oscillators"
"sitar","spavlid","4","False","Study on avalanche breakdown and Poole–Frenkel emission in Al-rich AlG|On the Ge shallow-to-deep level transition in Al-rich AlGaN|High <i>n</i>-type conductivity and carrier concentration in Si-implan"
"gyang9","rbhayes","1","False","Thermoluminescence and optically stimulated luminescence response of A"
"mhoffma3","rhernan4","3","False","Impact of Nitrate and Ammonium Ratios on Flowering and Asexual Reprodu|Timing of Stolon Removal Alters Daughter Plant Production and Quality |The influence of stolon harvest frequency and nitrate: ammonium ratio "
"adas8","whenck","1","False","Hey Alexa, is this Skill Safe?: Taking a Closer Look at the Alexa Skil"
"aecarso2","hzheng23","1","True","Restoring Carboxylates on Highly Modified Alginates Improves Gelation,"
"aecarso2","jgpierce","1","True","Restoring Carboxylates on Highly Modified Alginates Improves Gelation,"
"hzheng23","jgpierce","1","True","Restoring Carboxylates on Highly Modified Alginates Improves Gelation,"
"gbuckner","mbryant","3","False","Genetic Algorithm-Based Optimal Design of a Rolling-Flying Vehicle|Control and Control Allocation for Bimodal, Rotary Wing, Rolling–Flyin|The Spherical Rolling-Flying Vehicle: Dynamic Modeling and Control Sys"
"baran","nlu2","2","False","A Load Switching Group based Feeder-level Microgrid Energy Management |Hierarchical Multi-timescale Framework For Operation of Dynamic Commun"
"baran","wtang8","3","False","A Load Switching Group based Feeder-level Microgrid Energy Management |Assessing the Impact of High Penetration PV on the Power Transformer L|Hierarchical Multi-timescale Framework For Operation of Dynamic Commun"
"nlu2","wtang8","2","False","A Load Switching Group based Feeder-level Microgrid Energy Management |Hierarchical Multi-timescale Framework For Operation of Dynamic Commun"
"achakra2","asaibab","1","True","EFFICIENT ALGORITHMS FOR EIGENSYSTEM REALIZATION USING RANDOMIZED SVD"
"ipsen","jytzeng","1","False","SEAGLE: A Scalable Exact Algorithm for Large-Scale Set-Based Gene-Envi"
"btoconno","kgundog","1","True","Ultra‐High Alignment of Polymer Semiconductor Blends Enabling Photodet"
"btoconno","mwkudeno","4","False","Ultra‐High Alignment of Polymer Semiconductor Blends Enabling Photodet|Bio-inspired spectropolarimetric sensor based on tandem organic photod|Organic-based photodetectors for multiband spectral imaging"
"kgundog","mwkudeno","1","True","Ultra‐High Alignment of Polymer Semiconductor Blends Enabling Photodet"
"kdange","strived","1","False","Analysis of Blood Biochemistry of Free Ranging and Human-Managed South"
"cproulx","eaison","1","False","Submonomer synthesis of peptoids containing <i>trans</i> -inducing <i>"
"cubbage","ljunruh","1","True","Bioeconomic Assessment of an Alley Cropping Field Trial in North Carol"
"bjreich","jahoppin","2","False","Environmental exposures contribute to respiratory and allergic symptom|Exposure to common-use pesticides, manganese, lead, and thyroid functi"
"dxlascel","megruen","5","False","Evaluation of a nutritional supplement for the alleviation of pain ass|Frunevetmab, a felinized anti-nerve growth factor monoclonal antibody,|Assessment of Sensory Thresholds in Dogs using Mechanical and Hot Ther"
"bgwalan","ekautz","1","False","Mechanistic insights into selective oxidation and corrosion of multi-p"
"jsking5","mmaguilo","6","False","Ecosystem Productivity and Evapotranspiration Are Tightly Coupled in L|Effects of land-use change and drought on decadal evapotranspiration a|Wetland microtopography alters response of potential net CO2 and CH4 p"
"akemper","dbdoughe","1","False","Timescales of excited state relaxation in <mml:math xmlns:mml=""http://"
"akemper","hwade","1","False","Timescales of excited state relaxation in <mml:math xmlns:mml=""http://"
"awbatall","dbdoughe","1","True","Timescales of excited state relaxation in <mml:math xmlns:mml=""http://"
"awbatall","hwade","1","True","Timescales of excited state relaxation in <mml:math xmlns:mml=""http://"
"dbdoughe","hwade","1","False","Timescales of excited state relaxation in <mml:math xmlns:mml=""http://"
"dbdoughe","kgundog","1","False","Timescales of excited state relaxation in <mml:math xmlns:mml=""http://"
"hwade","kgundog","1","False","Timescales of excited state relaxation in <mml:math xmlns:mml=""http://"
"jlheitma","wshi3","1","False","Soil pore size distribution shaped not only compositions but also netw"
"cmtherio","jrfletc2","1","False","Clostridioides difficile exploits toxin-mediated inflammation to alter"
"jodle","xilin","3","False","Gut microbiome contributions to altered metabolism in a pig model of u|MicroRNA and mRNA Sequencing Analyses Reveal Key Hepatic Metabolic Pat|Modulation of intestinal stem cell homeostasis by nutrients: a novel t"
"acfahren","jgrimes","2","False","Effect of pellet quality and biochar litter amendment on male turkey p|Effect of methionine chelated Zn and Mn and corn particle size on Larg"
"eadenhar","rbarker","2","False","Identifying factors that contribute to structural firefighter heat str|Effects of environmental temperature and humidity on evaporative heat "
"eadenhar","xfang3","2","False","Identifying factors that contribute to structural firefighter heat str|Effects of environmental temperature and humidity on evaporative heat "
"rbarker","xfang3","2","False","Identifying factors that contribute to structural firefighter heat str|Effects of environmental temperature and humidity on evaporative heat "
"eghohmei","ehyland","1","False","An extreme climate gradient-induced ecological regionalization in the "
"eghohmei","hmitaso","1","False","An extreme climate gradient-induced ecological regionalization in the "
"eghohmei","lezanno","1","False","An extreme climate gradient-induced ecological regionalization in the "
"eghohmei","tagates","1","False","An extreme climate gradient-induced ecological regionalization in the "
"ehyland","hmitaso","1","False","An extreme climate gradient-induced ecological regionalization in the "
"ehyland","lezanno","1","False","An extreme climate gradient-induced ecological regionalization in the "
"ehyland","tagates","1","False","An extreme climate gradient-induced ecological regionalization in the "
"hmitaso","lezanno","1","False","An extreme climate gradient-induced ecological regionalization in the "
"hmitaso","tagates","1","False","An extreme climate gradient-induced ecological regionalization in the "
"lezanno","tagates","2","False","An extreme climate gradient-induced ecological regionalization in the |<i>Glossifungites gingrasi</i> n. isp., a probable subaqueous insect d"
"jlheitma","jsking5","1","True","Root Biomass Distribution and Soil Physical Properties of Short-Rotati"
"jlheitma","mmaguilo","1","True","Root Biomass Distribution and Soil Physical Properties of Short-Rotati"
"oapetrit","tmharri7","1","False","Effects of gender on income and family planning for diplomates of the "
"alwoodle","sbkulesz","1","False","Cover crops can increase ammonia volatilization and reduce the efficac"
"bwiegman","sthakur","1","True","Colonization with multidrug-resistant Enterobacteriaceae among infants"
"dzbaron","mkang2","1","True","Local Convergence of an AMP Variant to the LASSO Solution in Finite Di"
"alkwansa","chhaigle","1","True","Phenotypic effects of changes in the FTVTxK region of an <i>Arabidopsi"
"alkwansa","ygyingli","2","False","Phenotypic effects of changes in the FTVTxK region of an <i>Arabidopsi|Uncertainty Quantification and Sensitivity Analysis of Partial Charges"
"chhaigle","ygyingli","1","True","Phenotypic effects of changes in the FTVTxK region of an <i>Arabidopsi"
"cmaltec","jodle","1","False","MicroRNA and mRNA Sequencing Analyses Reveal Key Hepatic Metabolic Pat"
"cmaltec","xilin","1","False","MicroRNA and mRNA Sequencing Analyses Reveal Key Hepatic Metabolic Pat"
"klan2","spark","3","False","Dynamic life-cycle carbon analysis for fast pyrolysis biofuel produced|Techno-Economic Analysis of decentralized preprocessing systems for fa|Techno-economic analysis of producing xylo-oligosaccharides and cellul"
"jminogu","lester","1","True","Multimodal Trajectory Analysis of Visitor Engagement with Interactive "
"dlrober4","gmachad","1","True","Development of a Dissemination Platform for Spatiotemporal and Phyloge"
"dlrober4","rcrespo","1","True","Development of a Dissemination Platform for Spatiotemporal and Phyloge"
"gmachad","rcrespo","2","False","Development of a Dissemination Platform for Spatiotemporal and Phyloge|Unraveling the Contact Network Patterns between Commercial Turkey Oper"
"hdai","wwang","1","False","Temporal and Spectral Analysis of Spectrum Hole Distributions in an LT"
"alkwansa","rsmith","1","True","Uncertainty Quantification and Sensitivity Analysis of Partial Charges"
"rsmith","ygyingli","1","True","Uncertainty Quantification and Sensitivity Analysis of Partial Charges"
"aakedrow","rmschoen","1","False","How Do Veterinary Students Engage When Using Creative Methods to Criti"
"eadenhar","kmathur","1","False","Nondestructive quantitative evaluation of yarns and fabrics and determ"
"aalexan3","msolufse","1","False","Global sensitivity analysis informed model reduction and selection app"
"ahuerta","hashraf2","1","False","An optimized protocol for stepwise optimization of real-time RT-PCR an"
"ahuerta","tranney","1","False","An optimized protocol for stepwise optimization of real-time RT-PCR an"
"ahuerta","wliu25","1","False","An optimized protocol for stepwise optimization of real-time RT-PCR an"
"hashraf2","tranney","2","False","An optimized protocol for stepwise optimization of real-time RT-PCR an|Reproductive developmental transcriptome analysis of Tripidium ravenna"
"hashraf2","wliu25","2","False","An optimized protocol for stepwise optimization of real-time RT-PCR an|Reproductive developmental transcriptome analysis of Tripidium ravenna"
"tranney","wliu25","2","False","An optimized protocol for stepwise optimization of real-time RT-PCR an|Reproductive developmental transcriptome analysis of Tripidium ravenna"
"areysan","jsking5","1","True","FLUXNET-CH <sub>4</sub> : a global, multi-ecosystem dataset and analys"
"fli5","lmneal2","3","False","Ethane to liquids via a chemical looping approach – Redox catalyst dem|A tailored multi-functional catalyst for ultra-efficient styrene produ|LaNi<sub><i>x</i></sub>Fe<sub>1–<i>x</i></sub>O<sub>3−δ</sub> as a Rob"
"jhou8","knivanov","3","False","Summary of comparative analysis and conclusions from OECD/NEA LWR-UAM |Methodology for Discontinuity Factors Generation for Simplified P3 Sol|Innovations in Multi-Physics Methods Development, Validation, and Unce"
"jhou8","mnavramo","2","False","Summary of comparative analysis and conclusions from OECD/NEA LWR-UAM |Innovations in Multi-Physics Methods Development, Validation, and Unce"
"hding","zguo32","1","True","A network analysis of cross-occupational skill transferability for the"
"dpwarsin","fang","1","True","An analysis of optimal ordering policies for a two-supplier system wit"
"dpwarsin","king","1","True","An analysis of optimal ordering policies for a two-supplier system wit"
"dpwarsin","ssahiska","1","True","An analysis of optimal ordering policies for a two-supplier system wit"
"fang","king","1","False","An analysis of optimal ordering policies for a two-supplier system wit"
"fang","ssahiska","1","False","An analysis of optimal ordering policies for a two-supplier system wit"
"king","ssahiska","1","False","An analysis of optimal ordering policies for a two-supplier system wit"
"apmazzol","mbryant","1","False","Modeling, simulation, and equilibrium analysis of tethered coaxial dua"
"ebardak","gflist","1","False","Toward a rational and ethical sociotechnical system of autonomous vehi"
"ebardak","mpsingh","1","False","Toward a rational and ethical sociotechnical system of autonomous vehi"
"ebardak","rcmayer","1","True","Toward a rational and ethical sociotechnical system of autonomous vehi"
"ebardak","tabirkla","1","True","Toward a rational and ethical sociotechnical system of autonomous vehi"
"ebardak","vdublje","1","True","Toward a rational and ethical sociotechnical system of autonomous vehi"
"ebardak","wabauer","1","True","Toward a rational and ethical sociotechnical system of autonomous vehi"
"gflist","mpsingh","1","False","Toward a rational and ethical sociotechnical system of autonomous vehi"
"gflist","rcmayer","1","True","Toward a rational and ethical sociotechnical system of autonomous vehi"
"gflist","tabirkla","1","True","Toward a rational and ethical sociotechnical system of autonomous vehi"
"gflist","vdublje","1","True","Toward a rational and ethical sociotechnical system of autonomous vehi"
"gflist","wabauer","1","True","Toward a rational and ethical sociotechnical system of autonomous vehi"
"mpsingh","rcmayer","1","True","Toward a rational and ethical sociotechnical system of autonomous vehi"
"mpsingh","tabirkla","1","True","Toward a rational and ethical sociotechnical system of autonomous vehi"
"mpsingh","vdublje","1","True","Toward a rational and ethical sociotechnical system of autonomous vehi"
"mpsingh","wabauer","1","True","Toward a rational and ethical sociotechnical system of autonomous vehi"
"rcmayer","tabirkla","1","True","Toward a rational and ethical sociotechnical system of autonomous vehi"
"rcmayer","vdublje","1","True","Toward a rational and ethical sociotechnical system of autonomous vehi"
"rcmayer","wabauer","1","True","Toward a rational and ethical sociotechnical system of autonomous vehi"
"tabirkla","vdublje","1","False","Toward a rational and ethical sociotechnical system of autonomous vehi"
"tabirkla","wabauer","1","False","Toward a rational and ethical sociotechnical system of autonomous vehi"
"vdublje","wabauer","1","False","Toward a rational and ethical sociotechnical system of autonomous vehi"
"jytzeng","wlu4","1","False","Gene-set integrative analysis of multi-omics data using tensor-based a"
"thsieh3","xli24","1","False","Comparative Phylogenomic Analysis Reveals Evolutionary Genomic Changes"
"tjmenzie","xshen5","1","False","Simpler Hyperparameter Optimization for Software Analytics: Why, How, "
"eatorre3","llopezq","1","False","Optimizing Torula Bait for Anastrepha suspensa (Diptera: Tephritidae) "
"hashraf2","miorizz","2","False","An anchored chromosome‐scale genome assembly of spinach improves annot|High-density linkage map construction and identification of loci regul"
"kowalsky","rseraci","1","False","Tensile Behavior of Large Diameter Carbon Fiber Anchors"
"caharms","jabuckel","1","True","Computed Tomographic Assessment of Hooking‐Related Injuries in Recreat"
"bjreadin","bwtaylo3","1","False","Understanding the evolution of nutritive taste in animals: Insights fr"
"celeprev","gcope","1","False","A New Open-Source Web Application with Animations to Support Learning "
"khan","spontak","3","False","Anion-Specific Water Interactions with Nanochitin: Donnan and Osmotic |Mesophase characteristics of cellulose nanocrystal films prepared from|Cellulose nanofibers and the film-formation dilemma: Drying temperatur"
"gbuckner","hhuang11","1","False","A Powered Prosthetic Ankle Designed for Task Variability – A Concept V"
"gbuckner","mliu10","1","False","A Powered Prosthetic Ankle Designed for Task Variability – A Concept V"
"fmuelle","sppalmta","1","False","Quantum Annealing Stencils with Applications to Fuel Loading of a Nucl"
"bjreich","jmgray2","2","True","Long-term, medium spatial resolution annual land surface phenology wit|Multisensor Fusion of Remotely Sensed Vegetation Indices Using Space-T"
"drobenou","sarumug","1","False","Assessing inter-annual variability in nitrogen sourcing and retention"
"eshim","khan","1","True","Experimental Investigation of the Fiber Formation Process and Web Stru"
"fedkiw","khan","1","False","Guar Gel Binders for Silicon Nanoparticle Anodes: Relating Binder Rheo"
"gary","warobin3","2","False","Persistent Anomaly Changes in High-Resolution Climate Simulations|The Sensitivity of Persistent Geopotential Anomalies to the Climate of"
"asanmig","jwstalli","1","True","Antagonistic effects of chemical mixtures on the oxidative stress resp"
"eghohmei","japiedra","1","True","Sex‐specific biomechanics and morphology of the anterior cruciate liga"
"eghohmei","mbfisher","1","True","Sex‐specific biomechanics and morphology of the anterior cruciate liga"
"amelsha","llparril","1","False","Molecular and excited state properties of photostable anthraquinone re"
"eghohmei","megruen","2","True","Randomized, Placebo-Controlled Prospective Clinical Trial Evaluating t|Evaluation of Pexion <sup>®</sup> (imepitoin) for treatment of storm a"
"gwalmond","rebaynes","1","False","Comparative effects of nonsteroidal anti-inflammatory drugs at castrat"
"mpairis","rebaynes","2","False","Non-Steroidal Anti-Inflammatory Drugs: Pharmacokinetics and Mitigation|Producer and Veterinarian Perspectives towards Pain Management Practic"
"chsiao2","jgenzer","1","False","Counterpropagating Gradients of Antibacterial and Antifouling Polymer "
"chsiao2","mddickey","1","False","Counterpropagating Gradients of Antibacterial and Antifouling Polymer "
"jgenzer","mddickey","4","False","Counterpropagating Gradients of Antibacterial and Antifouling Polymer |Antipathogenic properties and applications of low-dimensional material|Deposition of silicate coatings on poly(ethylene terephthalate) for im"
"ecrisci","fscholl","1","True","A Liquid Metal Mediated Metallic Coating for Antimicrobial and Antivir"
"ecrisci","mddickey","1","True","A Liquid Metal Mediated Metallic Coating for Antimicrobial and Antivir"
"ecrisci","nccrook","1","True","A Liquid Metal Mediated Metallic Coating for Antimicrobial and Antivir"
"fscholl","mddickey","1","True","A Liquid Metal Mediated Metallic Coating for Antimicrobial and Antivir"
"fscholl","nccrook","1","True","A Liquid Metal Mediated Metallic Coating for Antimicrobial and Antivir"
"mddickey","nccrook","1","False","A Liquid Metal Mediated Metallic Coating for Antimicrobial and Antivir"
"aercume","sthakur","1","True","Does Irrigation with Treated and Untreated Wastewater Increase Antimic"
"mmmoore4","rbhandfi","1","True","Establishing Operational Norms for Labor Rights Standards Implementati"
"tfang2","xjiang5","1","False","Liquid metallic laser ultrasound transducer for high-temperature appli"
"leung","lrlarson","1","False","Citizen science as a tool for enhancing recreation research in protect"
"aecarso2","mahaider","1","True","Modeling and Parameter Subset Selection for Fibrin Polymerization Kine"
"aecarso2","rsmith","1","True","Modeling and Parameter Subset Selection for Fibrin Polymerization Kine"
"mahaider","rsmith","1","False","Modeling and Parameter Subset Selection for Fibrin Polymerization Kine"
"ihusain2","wyu2","2","False","Comparative Evaluation of Current Sensors for High-Power SiC Converter|Electric Drive Technology Trends, Challenges, and Opportunities for Fu"
"bjreich","syang24","1","False","A Review of Spatial Causal Inference\nMethods for Environmental and\nE"
"lcolpog","sbkulesz","1","False","Phosphorus speciation in soils with low to high degree of saturation d"
"jgenzer","khan","2","False","Surface‐Bound Microgels for Separation, Sensing, and Biomedical Applic|Dual-Responsive Microgels for Structural Repair and Recovery of Nonwov"
"jgenzer","smenega","2","False","Surface‐Bound Microgels for Separation, Sensing, and Biomedical Applic|Dual-Responsive Microgels for Structural Repair and Recovery of Nonwov"
"khan","smenega","2","False","Surface‐Bound Microgels for Separation, Sensing, and Biomedical Applic|Dual-Responsive Microgels for Structural Repair and Recovery of Nonwov"
"llfoster","sbcraig","1","False","The procedural and interpersonal justice of automated application and "
"bourham","jeapen","1","False","Corrosion resistance and mechanical properties of Armakap cement for n"
"jkpacifi","mnpeters","1","False","Measuring the value of public hunting land using a hedonic approach"
"miorizz","pmperkin","1","False","Comparative multi-parameters approach to dissect texture subcomponents"
"spark","tfang2","1","True","An eco-friendly approach for blending of fast-pyrolysis bio-oil in pet"
"cmwilli5","ejlobato","1","False","Computer vision approach to characterize size and shape phenotypes of "
"cmwilli5","mwkudeno","3","False","Computer vision approach to characterize size and shape phenotypes of |Snapshot spectral imaging using Solc-based multivariate optical filter|Internal defect scanning of sweetpotatoes using interactance spectrosc"
"cmwilli5","nnelson4","1","True","Computer vision approach to characterize size and shape phenotypes of "
"cmwilli5","yencho","2","True","Computer vision approach to characterize size and shape phenotypes of |Internal defect scanning of sweetpotatoes using interactance spectrosc"
"ejlobato","mwkudeno","1","False","Computer vision approach to characterize size and shape phenotypes of "
"ejlobato","nnelson4","1","True","Computer vision approach to characterize size and shape phenotypes of "
"ejlobato","yencho","1","True","Computer vision approach to characterize size and shape phenotypes of "
"mwkudeno","nnelson4","1","True","Computer vision approach to characterize size and shape phenotypes of "
"mwkudeno","yencho","2","True","Computer vision approach to characterize size and shape phenotypes of |Internal defect scanning of sweetpotatoes using interactance spectrosc"
"nnelson4","yencho","1","False","Computer vision approach to characterize size and shape phenotypes of "
"ksaul","mbfisher","1","False","A Direct Comparison of Node and Element-Based Finite Element Modeling "
"alwelch","ecrose2","1","False","Probiotics, Prebiotics and Epithelial Tight Junctions: A Promising App"
"alwelch","jodle","1","True","Probiotics, Prebiotics and Epithelial Tight Junctions: A Promising App"
"atbliksl","ecrose2","1","False","Probiotics, Prebiotics and Epithelial Tight Junctions: A Promising App"
"atbliksl","jodle","1","True","Probiotics, Prebiotics and Epithelial Tight Junctions: A Promising App"
"ecrose2","jodle","1","True","Probiotics, Prebiotics and Epithelial Tight Junctions: A Promising App"
"amjohns2","jlheitma","1","False","Appropriate “marginal” farmlands for second‐generation biofuel crops i"
"bjreadin","mdparker","1","True","The status of striped bass, <scp><i>Morone saxatilis</i>,</scp> as a c"
"bjreadin","mmbooker","1","True","The status of striped bass, <scp><i>Morone saxatilis</i>,</scp> as a c"
"bjreadin","rjb","1","True","The status of striped bass, <scp><i>Morone saxatilis</i>,</scp> as a c"
"bjreadin","slpigg","1","True","The status of striped bass, <scp><i>Morone saxatilis</i>,</scp> as a c"
"mdparker","mmbooker","1","True","The status of striped bass, <scp><i>Morone saxatilis</i>,</scp> as a c"
"mdparker","rjb","1","False","The status of striped bass, <scp><i>Morone saxatilis</i>,</scp> as a c"
"mdparker","slpigg","1","True","The status of striped bass, <scp><i>Morone saxatilis</i>,</scp> as a c"
"mmbooker","rjb","1","True","The status of striped bass, <scp><i>Morone saxatilis</i>,</scp> as a c"
"mmbooker","slpigg","1","False","The status of striped bass, <scp><i>Morone saxatilis</i>,</scp> as a c"
"rjb","slpigg","1","True","The status of striped bass, <scp><i>Morone saxatilis</i>,</scp> as a c"
"odvelev","richardv","1","True","Understanding lignin micro- and nanoparticle nucleation and growth in "
"odvelev","rwgonzal","1","True","Understanding lignin micro- and nanoparticle nucleation and growth in "
"richardv","rwgonzal","1","False","Understanding lignin micro- and nanoparticle nucleation and growth in "
"pkolar","shall5","3","False","A review of the impact of environmental factors on the fate and transp|Effect of surface modification by nitrogen-containing chemicals on mor|Characterization data of N-doped biochars using different external nit"
"cjdohert","iperera","3","False","The Circadian-clock Regulates the <i>Arabidopsis</i> Gravitropic Respo|Uncovering Transcriptional Responses to Fractional Gravity in Arabidop|Evaluating the Effects of the Circadian Clock and Time of Day on Plant"
"hwang18","jrhall","1","False","TIN2 is an architectural protein that facilitates TRF2-mediated <i>tra"
"hwang18","rriehn","2","False","TIN2 is an architectural protein that facilitates TRF2-mediated <i>tra|Structure, dynamics, and regulation of TRF1-TIN2-mediated trans- and c"
"jrhall","rriehn","1","False","TIN2 is an architectural protein that facilitates TRF2-mediated <i>tra"
"tmbarnes","vmcatete","5","False","Removing the Walls Around Visual Educational Programming Environments|Exploring and Influencing Teacher Grading for Block-based Programs thr|Infusing Computing: Moving a Service Oriented Internship Program Onlin"
"fisik","jjacosta","2","False","Toward genomic selection in <i>Pinus taeda</i>: Integrating resources |A genome‐wide SNP genotyping resource for tropical pine tree species"
"ardequei","jjohns24","2","False","Energy-Storage Modeling: State-of-the-Art and Future Research Directio|The symbiotic relationship of solar power and energy storage in provid"
"dknazov","dxlascel","2","False","Serum artemin is not correlated with sensitivity within dogs with natu|Assessment of Sensory Thresholds in Dogs using Mechanical and Hot Ther"
"dknazov","skmishra","1","False","Serum artemin is not correlated with sensitivity within dogs with natu"
"jducoste","mpourgh","1","False","Measurement of heat release during hydration and carbonation of ash di"
"bsunderw","kim","4","False","Development of framework of the predictive performance-engineered mix |Use of Resampling Method to Construct Variance Index and Repeatability|Cracking performance predictions using index-volumetrics relationships"
"ksmulvey","mgjones3","1","True","Understanding science career aspirations: Factors predicting future sc"
"baquroll","rgmaggi","1","False","Development of a Multiplex Droplet Digital PCR Assay for the Detection"
"ebbreits","rgmaggi","6","False","Development of a Multiplex Droplet Digital PCR Assay for the Detection|Comparison of Serological and Molecular Assays for Bartonella Species |Prevalence of Vector-Borne Pathogens in Reproductive and Non-Reproduct"
"kstapel","tismirno","1","True","Measuring plasma-generated <sup>·</sup> OH and O atoms in liquid using"
"chsiao2","thlabean","1","False","Mechanical and Electrical Properties of DNA Hydrogel-Based Composites "
"ajbandod","avazque2","1","False","Three-dimensional, multifunctional neural interfaces for cortical sphe"
"jlburne5","jmpolla3","1","True","Growth mindsets: defining, assessing, and exploring effects on motivat"
"dknazov","megruen","1","False","Assessment of Sensory Thresholds in Dogs using Mechanical and Hot Ther"
"lclove","rmschoen","1","False","Assessment of Safety Culture at a Veterinary Teaching Hospital in the "
"agupta1","mnavramo","1","False","Digital-twin-based improvements to diagnosis, prognosis, strategy asse"
"agupta1","ntdinh","1","False","Digital-twin-based improvements to diagnosis, prognosis, strategy asse"
"mnavramo","ntdinh","1","False","Digital-twin-based improvements to diagnosis, prognosis, strategy asse"
"drobenou","jwmille7","1","False","Assessing interannual variability in nitrogen sourcing and retention t"
"dcmuddim","mgamcsi","1","True","Multiple Infusion Start Time Mass Spectrometry Imaging of Dynamic SIL-"
"ktate","llbrongo","1","False","Using the Implicit Association Test to Evaluate Subconscious Attitudes"
"llbrongo","mnpeters","1","False","Using the Implicit Association Test to Evaluate Subconscious Attitudes"
"jtascenc","lkhanley","1","False","A New Type of Satellite Associated with Cassava Mosaic Begomoviruses"
"choyo","daskaar","1","False","Association between PEG3 DNA methylation and high-grade cervical intra"
"cmroland","krwening","1","False","Molecular conformations and dynamics of nucleotide repeats associated "
"krwening","sagui","1","False","Molecular conformations and dynamics of nucleotide repeats associated "
"akemper","dsun4","1","False","Coherent control of asymmetric spintronic terahertz emission from two-"
"dcdorman","rmschoen","1","False","Effect of Delivery Format on Student Outcomes and Perceptions of a Vet"
"szeng","yencho","3","False","The recombination landscape and multiple QTL mapping in a Solanum tube|Discovery of a major QTL for root-knot nematode (Meloidogyne incognita|Quantitative Trait Locus Mapping for Common Scab Resistance in a Tetra"
"ajawad","zguo32","1","False","VR-Spy: A Side-Channel Attack on Virtual Key-Logging in VR Headsets"
"fldelosr","jducoste","1","False","Chlorophyll a and non-pigmented biomass are sufficient predictors for "
"bejin","mmmoore4","1","False","Consumer store experience through virtual reality: its effect on emoti"
"cheil","clgordy","1","False","Sugar‐seeking insects as a source of diverse bread‐making yeasts with "
"cheil","jlsnowde","1","False","Sugar‐seeking insects as a source of diverse bread‐making yeasts with "
"clgordy","jlsnowde","1","False","Sugar‐seeking insects as a source of diverse bread‐making yeasts with "
"cxu34","hli83","2","False","VocalPrint: A mmWave-Based Unmediated Vocal Sensing System for Secure |Privacy computing using deep compression learning techniques for neura"
"ktstolee","sesmith5","1","False","SQLRepair: Identifying and Repairing Mistakes in Student-Authored SQL "
"jhstewar","jnpearso","1","False","Faith and FACES: Black Parents’ Perceptions of Autism, Faith, and Copi"
"akemper","jajenni3","1","True","Automated tracking of <i>S. pombe</i> spindle elongation dynamics"
"akemper","mmwillia","1","False","Automated tracking of <i>S. pombe</i> spindle elongation dynamics"
"jajenni3","mmwillia","1","True","Automated tracking of <i>S. pombe</i> spindle elongation dynamics"
"aecarso2","smenega","1","False","Synthetic Platelet Microgels Containing Fibrin Knob B Mimetic Motifs E"
"csdepern","moorman","2","False","Breeding-Season Survival, Home-Range Size, and Habitat Selection of Fe|Effects of Prescribed Fire on Northern Bobwhite Nesting Ecology"
"jkmattin","rsmith","1","True","A hierarchical Bayesian model for background variation in radiation so"
"amgrunde","jjpawlak","1","True","Bacterial valorization of pulp and paper industry process streams and "
"lalucia","wekrause","1","True","Bacterial Superoleophobic Fibrous Matrices: A Naturally Occurring Liqu"
"ddreisig","mroe","2","False","Bacterial Microbiota of Field-Collected Helicoverpa zea (Lepidoptera: |Characterization of Long Non-Coding RNAs in the Bollworm, Helicoverpa "
"cmtherio","rbarran","1","True","<i>Lactobacillus</i> bile salt hydrolase substrate specificity governs"
"aamassi","btoconno","2","False","Balancing crop production and energy harvesting in organic solar-power|A molecular interaction–diffusion framework for predicting organic sol"
"aamassi","hwade","3","True","Balancing crop production and energy harvesting in organic solar-power|A molecular interaction–diffusion framework for predicting organic sol|Conjugated polymers with controllable interfacial order and energetics"
"aamassi","hwsedero","1","True","Balancing crop production and energy harvesting in organic solar-power"
"btoconno","hwsedero","1","True","Balancing crop production and energy harvesting in organic solar-power"
"hwade","hwsedero","1","True","Balancing crop production and energy harvesting in organic solar-power"
"hubbe","lalucia","1","False","Hydrothermal and mechanically generated hemp hurd nanofibers for susta"
"lalucia","lpal","1","False","Hydrothermal and mechanically generated hemp hurd nanofibers for susta"
"ajkeung","jtuck","2","False","Promiscuous molecules for smarter file operations in DNA-based data st|DNA stability: a central design consideration for DNA data storage sys"
"aaiyyer","sarumug","1","True","Tropical cyclones contribution to seasonal precipitation and streamflo"
"hall","nccrook","1","False","<i>In Silico</i> Identification and Experimental Validation of Peptide"
"hall","smenega","1","False","<i>In Silico</i> Identification and Experimental Validation of Peptide"
"ddavis6","jfgrifen","2","False","Getting KnERDI with language: Examining teachers’ knowledge for Enhanc|Using Insights from Teachers to Inform Online Professional Development"
"ddavis6","jrelyea","1","False","Getting KnERDI with language: Examining teachers’ knowledge for Enhanc"
"jfgrifen","jrelyea","1","False","Getting KnERDI with language: Examining teachers’ knowledge for Enhanc"
"ccgoller","mcsrougi","1","True","Integrating Bioinformatics Tools into Inquiry-based Molecular Biology "
"ccgoller","slchen2","1","False","Integrating Bioinformatics Tools into Inquiry-based Molecular Biology "
"mcsrougi","slchen2","1","True","Integrating Bioinformatics Tools into Inquiry-based Molecular Biology "
"mchi","spark26","1","True","A Theoretical and Evidence-Based Conceptual Design of MetaDash: An Int"
"jgenzer","jryu","1","False","Novel computational design of high refractive index nanocomposites and"
"igransb","tmbarnes","2","False","Exploring and Influencing Teacher Grading for Block-based Programs thr|Infusing Computing: Moving a Service Oriented Internship Program Onlin"
"igransb","vmcatete","2","False","Exploring and Influencing Teacher Grading for Block-based Programs thr|Infusing Computing: Moving a Service Oriented Internship Program Onlin"
"aybozkur","hhuang11","1","False","Textile-Based Pressure Sensors for Monitoring Prosthetic-Socket Interf"
"aybozkur","mliu10","1","False","Textile-Based Pressure Sensors for Monitoring Prosthetic-Socket Interf"
"aybozkur","tghosh","2","True","Textile-Based Pressure Sensors for Monitoring Prosthetic-Socket Interf|Melt‐Extruded Sensory Fibers for Electronic Textiles"
"hhuang11","tghosh","1","True","Textile-Based Pressure Sensors for Monitoring Prosthetic-Socket Interf"
"mliu10","tghosh","1","True","Textile-Based Pressure Sensors for Monitoring Prosthetic-Socket Interf"
"fedkiw","odvelev","1","False","Poly(Vinylidene Difluoride) Soft Dendritic Colloids as Li-Ion Battery "
"astaicu","bjreich","2","False","Bayesian variable selection for high‐dimensional rank data|Spatial Shrinkage Via the Product Independent Gaussian Process Prior"
"rgmarti3","sghosal","1","False","Bayesian estimation of sparse precision matrices in the presence of Ga"
"gkennedy","icarbon","2","False","Population diversity of cassava mosaic begomoviruses increases over th|Population diversity of cassava mosaic begomoviruses increases over th"
"gkennedy","lkhanley","1","False","Population diversity of cassava mosaic begomoviruses increases over th"
"icarbon","lkhanley","2","False","Population diversity of cassava mosaic begomoviruses increases over th|An experimental strategy for preparing circular ssDNA virus genomes fo"
"eshim","wgao5","1","False","Modeling the Triboelectric Behaviors of Elastomeric Nonwoven Fabrics"
"aercume","rpguiter","1","True","Biology, behavior and policy, or, Dr. Fauci, Sen. Paul and Prof. Lucas"
"dfcall","jljone21","1","False","Influence of natural organic matter and pH on phosphate removal by and"
"dfcall","kdgriege","1","True","Influence of natural organic matter and pH on phosphate removal by and"
"dfcall","knappe","1","False","Influence of natural organic matter and pH on phosphate removal by and"
"dfcall","owduckwo","1","True","Influence of natural organic matter and pH on phosphate removal by and"
"jljone21","kdgriege","1","True","Influence of natural organic matter and pH on phosphate removal by and"
"jljone21","knappe","1","False","Influence of natural organic matter and pH on phosphate removal by and"
"jljone21","owduckwo","2","True","Influence of natural organic matter and pH on phosphate removal by and|The structure of natural biogenic iron (oxyhydr)oxides formed in circu"
"kdgriege","knappe","1","True","Influence of natural organic matter and pH on phosphate removal by and"
"kdgriege","owduckwo","1","False","Influence of natural organic matter and pH on phosphate removal by and"
"knappe","owduckwo","1","True","Influence of natural organic matter and pH on phosphate removal by and"
"hashraf2","macubeta","1","False","Genome sequence of <i>Monilinia vaccinii-corymbosi</i> sheds light on "
"aybozkur","ejlobato","3","False","Investigating the Relationship between Cough Detection and Sampling Fr|Simultaneous Localization of Biobotic Insects using Inertial Data and |Towards Continuous Plant Bioimpedance Fitting and Parameter Estimation"
"cebarbie","kaboys","1","True","Craft beverage tourism development: The contributions of social capita"
"cebarbie","wgknolle","1","False","Craft beverage tourism development: The contributions of social capita"
"kaboys","wgknolle","1","True","Craft beverage tourism development: The contributions of social capita"
"dsun4","gyang9","1","True","Gamma‐Ray Detection Using Bi‐Poor Cs<sub>2</sub>AgBiBr<sub>6</sub> Dou"
"mddickey","tghosh","1","True","Skin‐Inspired Capacitive Stress Sensor with Large Dynamic Range via Bi"
"jlheitma","mscastil","1","False","Water use and biomass yield of bioenergy crops in the North Carolina P"
"jlheitma","tdsteph2","1","True","Water use and biomass yield of bioenergy crops in the North Carolina P"
"mscastil","tdsteph2","1","True","Water use and biomass yield of bioenergy crops in the North Carolina P"
"japiedra","rashirwa","1","True","Characterizing the Effects of Synergistic Thermal and Photo-Cross-Link"
"mrblanch","richardv","1","True","Modeling a Biorefinery: Converting Pineapple Waste to Bioproducts and "
"ejlobato","jlreyno4","1","False","Towards Continuous Plant Bioimpedance Fitting and Parameter Estimation"
"dxlascel","jwstalli","1","True","Biological resurfacing in a canine model of hip osteoarthritis"
"dxlascel","menomot","3","False","Biological resurfacing in a canine model of hip osteoarthritis|Defining the rate of, and factors influencing, radiographic progressio|Refinement of the Feline Musculoskeletal Pain Index (FMPI) and develop"
"jwstalli","menomot","1","True","Biological resurfacing in a canine model of hip osteoarthritis"
"hmitaso","rkmeente","2","True","Evaluating online and tangible interfaces for engaging stakeholders in|Spatially Explicit Fuzzy Cognitive Mapping for Participatory Modeling "
"aeroglu","nccrook","1","True","<i>In Situ</i> Biomanufacturing of Small Molecules in the Mammalian Gu"
"rlcook","rparaju","1","False","Financial Returns for Biomass on Short-Rotation Loblolly Pine Plantati"
"mmuller2","xjiang5","1","False","Biosafety of low-intensity pulsed transcranial focused ultrasound brai"
"fncastel","mabolha","2","True","Continuous biphasic chemical processes in a four-phase segmented flow |CsPbI<sub>3</sub> Nanocrystals Go with the Flow: From Formation Mechan"
"nwising","vaugust","2","False","Effects of interlayer confinement and hydration on capacitive charge s|Understanding electrochemical cation insertion into prussian blue from"
"cjdohert","mwkudeno","2","True","Quantification of gray mold infection in lettuce using a bispectral im|Fieldable Mueller matrix imaging spectropolarimeter using a hybrid spa"
"ajwest2","eadenhar","1","False","Mosquito-Textile Physics: A Mathematical Roadmap to Insecticide-Free, "
"ajwest2","mroe","1","True","Mosquito-Textile Physics: A Mathematical Roadmap to Insecticide-Free, "
"eadenhar","mroe","1","True","Mosquito-Textile Physics: A Mathematical Roadmap to Insecticide-Free, "
"jaforre3","rmjetton","1","False","Mortality patterns following a hickory decline event – Is density redu"
"jaforre3","zholmes","1","False","Mortality patterns following a hickory decline event – Is density redu"
"rmjetton","zholmes","1","False","Mortality patterns following a hickory decline event – Is density redu"
"lmquesad","yencho","1","False","Sweetpotato Root Development Influences Susceptibility to Black Rot Ca"
"arkendal","semusuli","1","False","Three‐dimensional bladder ultrasound to measure daily urinary bladder "
"semusuli","slvaden","1","False","Three‐dimensional bladder ultrasound to measure daily urinary bladder "
"galewbar","mgerard","1","False","Feasibility of a blind perineural injection technique for brachial ple"
"galewbar","tmharri7","1","False","Feasibility of a blind perineural injection technique for brachial ple"
"mgerard","tmharri7","1","False","Feasibility of a blind perineural injection technique for brachial ple"
"hashraf2","mlila","1","False","High-density linkage map construction and identification of loci regul"
"miorizz","mlila","1","False","High-density linkage map construction and identification of loci regul"
"csdepern","jkpacifi","1","False","Effects of Prescribed Fire on Northern Bobwhite Nesting Ecology"
"jkpacifi","moorman","1","False","Effects of Prescribed Fire on Northern Bobwhite Nesting Ecology"
"dmfoster","jlhaller","5","False","Mycobacterial Cell Wall Stimulant in the Treatment of Squamous Cell Ca|Retrospective study on the use of lidocaine constant rate infusions fo|Update on withdrawal intervals following extralabel use of procaine pe"
"arricha3","bwhipker","1","False","The Impacts of Micronutrient Fertility on the Mineral Uptake and Growt"
"arricha3","rleon","2","False","The Impacts of Micronutrient Fertility on the Mineral Uptake and Growt|Characterization of carinata tolerance to select herbicides using fiel"
"arricha3","rpatters","1","False","The Impacts of Micronutrient Fertility on the Mineral Uptake and Growt"
"bwhipker","rleon","1","False","The Impacts of Micronutrient Fertility on the Mineral Uptake and Growt"
"bwhipker","rpatters","1","False","The Impacts of Micronutrient Fertility on the Mineral Uptake and Growt"
"rleon","rpatters","1","False","The Impacts of Micronutrient Fertility on the Mineral Uptake and Growt"
"gnp","jljone21","2","False","Unexpectedly large remanent polarization of Hf0.5Zr0.5O2 metal–ferroel|Many routes to ferroelectric HfO2: A review of current deposition meth"
"atstepan","talong","1","False","Broadening the impact of plant science through innovative, integrative"
"eghohmei","mwkudeno","1","True","Computer vision for detecting field‐evolved lepidopteran resistance to"
"iabolotn","kstapel","1","False","Direct Numerical Simulation of Bubble Formation Through a Submerged “F"
"jajenni3","ktstolee","1","False","Demystifying regular expression bugs"
"agupta1","jwb","1","False","Significance of multi-hazard risk in design of buildings under earthqu"
"iherrma","njolby","1","False","Canine junctional epidermolysis bullosa due to a novel mutation in <i>"
"iherrma","pbiziko","1","False","Canine junctional epidermolysis bullosa due to a novel mutation in <i>"
"njolby","pbiziko","1","False","Canine junctional epidermolysis bullosa due to a novel mutation in <i>"
"jdbriley","kmathews","1","False","Development of an ultrasound-guided transgluteal injection of the pude"
"twu19","xjiang5","1","False","Quantitative Study on Error Sensitivity in Ultrasound Probe Calibratio"
"dosmond","lcolpog","1","False","Minimum dataset and metadata guidelines for soil‐test correlation and "
"lrlarson","rwkays","1","False","Candid Critters: Challenges and Solutions in a Large-Scale Citizen Sci"
"leplatt","tadrake","1","False","Principal Candidates’ Reflective Learning During a Full-Time Internshi"
"mddickey","odvelev","3","False","Wearable Osmotic-Capillary Patch for Prolonged Sweat Harvesting and Se|Osmotically Enabled Wearable Patch for Sweat Harvesting and Lactate Qu|A Wearable Patch for Prolonged Sweat Lactate Harvesting and Sensing"
"rgcarbon","smenega","1","False","Development of Peptide Ligands for Targeted Capture of Host Cell Prote"
"bejacks2","jlheitma","1","False","Exploring Substrate Water Capture in Common Greenhouse Substrates thro"
"asanmig","smenega","1","False","Engineering Next Generation Cyclized Peptide Ligands for Light‐Control"
"mabolha","ttheis","2","True","Intensified continuous extraction of switchable hydrophilicity solvent|A Versatile Compact Parahydrogen Membrane Reactor"
"fjlouws","rhernan4","1","False","Impact of Different Daily Light Integrals and Carbon Dioxide Concentra"
"acfahren","pferket","1","False","Effect of methionine chelated Zn and Mn and corn particle size on Larg"
"jgrimes","pferket","1","False","Effect of methionine chelated Zn and Mn and corn particle size on Larg"
"anbryan2","lrfishe1","1","True","“Careful with your ‘We’”: Worldview minority faculty at sectarian inst"
"amlynch3","caharms","1","False","SAFETY OF MULTIPLE-DOSE INTRAMUSCULAR KETOPROFEN TREATMENT IN LOGGERHE"
"amlynch3","mgpapich","1","False","SAFETY OF MULTIPLE-DOSE INTRAMUSCULAR KETOPROFEN TREATMENT IN LOGGERHE"
"aalexan3","asaibab","1","False","Monte Carlo estimators for the Schatten p-norm of symmetric positive s"
"gdcollin","jlheitma","2","False","Maximizing soybean yield by understanding planting date, maturity grou|Planting date and maturity group impact on soybean seed quality in the"
"gdcollin","raatwell","2","False","Maximizing soybean yield by understanding planting date, maturity grou|Planting date and maturity group impact on soybean seed quality in the"
"jlheitma","raatwell","2","False","Maximizing soybean yield by understanding planting date, maturity grou|Planting date and maturity group impact on soybean seed quality in the"
"haedward","jdbloom","1","False","Lessons Learned from the Development of the North Carolina Extension M"
"dljorda2","lcolpog","1","False","A survey of twin‐row cropping systems in North Carolina"
"dljorda2","rheinig","1","False","A survey of twin‐row cropping systems in North Carolina"
"lcolpog","raatwell","1","False","A survey of twin‐row cropping systems in North Carolina"
"lcolpog","rheinig","1","False","A survey of twin‐row cropping systems in North Carolina"
"raatwell","rheinig","1","False","A survey of twin‐row cropping systems in North Carolina"
"mrburche","sscmjv","1","False","Characterizing copper and zinc content in forested wetland soils of No"
"gcope","jkpacifi","1","True","Genetic Structure and Diversity of the Endemic Carolina Madtom and Con"
"dpgenere","knappe","1","True","Per- and Polyfluoroalkyl Substance (PFAS) Transport from Groundwater t"
"aafox","cubbage","1","True","Natural Infrastructure Practices as Potential Flood Storage and Reduct"
"aafox","mebaldw2","1","False","Natural Infrastructure Practices as Potential Flood Storage and Reduct"
"aafox","tmklondi","1","False","Natural Infrastructure Practices as Potential Flood Storage and Reduct"
"cubbage","mebaldw2","1","True","Natural Infrastructure Practices as Potential Flood Storage and Reduct"
"cubbage","tmklondi","1","True","Natural Infrastructure Practices as Potential Flood Storage and Reduct"
"mebaldw2","tmklondi","1","False","Natural Infrastructure Practices as Potential Flood Storage and Reduct"
"efimenko","mabolha","1","False","Continuous Ligand-Free Suzuki–Miyaura Cross-Coupling Reactions in a Ca"
"jgenzer","mabolha","1","False","Continuous Ligand-Free Suzuki–Miyaura Cross-Coupling Reactions in a Ca"
"awhitfi","drotenb","1","False","Microinjection of Corn Planthopper, <em>Peregrinus maidis</em>, Embryo"
"awhitfi","mdlorenz","1","False","Microinjection of Corn Planthopper, <em>Peregrinus maidis</em>, Embryo"
"drotenb","mdlorenz","1","False","Microinjection of Corn Planthopper, <em>Peregrinus maidis</em>, Embryo"
"clanzas","drasmus","1","True","Inferring environmental transmission using phylodynamics: a case-study"
"clanzas","xpeng5","1","False","Inferring environmental transmission using phylodynamics: a case-study"
"drasmus","xpeng5","1","True","Inferring environmental transmission using phylodynamics: a case-study"
"gsseiler","jgookin","1","False","Proteinuria in dogs with gallbladder mucocele formation: A retrospecti"
"gsseiler","slvaden","2","False","Proteinuria in dogs with gallbladder mucocele formation: A retrospecti|Optimization of ultrasonographic ureteral jet detection and normal ure"
"jgookin","slvaden","1","False","Proteinuria in dogs with gallbladder mucocele formation: A retrospecti"
"mjburke3","mkpeed","1","False","Development and Formative Evaluation of a Low-Fidelity Equine Castrati"
"franzen","raghilad","1","False","A new inhibition mechanism in the multifunctional catalytic hemoglobin"
"amlynch3","eghohmei","1","True","Influence of long‐stay jugular catheters on hemostatic variables in he"
"amlynch3","yueda","1","False","Influence of long‐stay jugular catheters on hemostatic variables in he"
"eghohmei","yueda","1","True","Influence of long‐stay jugular catheters on hemostatic variables in he"
"dmfoster","mgpapich","2","False","Update on withdrawal intervals following extralabel use of procaine pe|Effects of danofloxacin dosing regimen on gastrointestinal pharmacokin"
"dmfoster","rebaynes","2","False","Update on withdrawal intervals following extralabel use of procaine pe|Comparison of the Intestinal Pharmacokinetics of Two Different Florfen"
"jlhaller","mgpapich","2","False","Update on withdrawal intervals following extralabel use of procaine pe|Effects of danofloxacin dosing regimen on gastrointestinal pharmacokin"
"jlhaller","rebaynes","2","False","Update on withdrawal intervals following extralabel use of procaine pe|Comparison of the Intestinal Pharmacokinetics of Two Different Florfen"
"mgpapich","rebaynes","1","False","Update on withdrawal intervals following extralabel use of procaine pe"
"asanmig","bmrao","1","False","Two distinct trophectoderm lineage stem cells from human pluripotent s"
"jonr","pmperkin","2","False","Cell Wall Polysaccharide Composition of Grafted ‘Liberty’ Watermelon W|Grafting watermelon onto interspecific hybrid squash reduces hollow he"
"rsozzan","talong","1","False","A hybrid model connecting regulatory interactions with stem cell divis"
"acmclaug","lgrace2","1","True","A Human Factors Evaluation of a Screening System for Diabetic Retinopa"
"ahk","xshen5","1","False","Reuse-centric <mml:math xmlns:mml=""http://www.w3.org/1998/Math/MathML"""
"dpwarsin","rbhandfi","1","False","Efficient and sustainable closed-loop supply chain network design: A t"
"bejacks2","dhsuchof","1","False","Non-destructive characterization of grafted tomato root systems using "
"bejacks2","fjlouws","1","False","Non-destructive characterization of grafted tomato root systems using "
"bejacks2","jonr","1","False","Non-destructive characterization of grafted tomato root systems using "
"dhsuchof","fjlouws","1","False","Non-destructive characterization of grafted tomato root systems using "
"dhsuchof","jonr","1","False","Non-destructive characterization of grafted tomato root systems using "
"fjlouws","jonr","1","False","Non-destructive characterization of grafted tomato root systems using "
"lsgoodel","ngcosco","1","True","Research Design, Protocol, and Participant Characteristics of COLEAFS:"
"cahintz","kim","1","False","Use of Resampling Method to Construct Variance Index and Repeatability"
"bkgoodwi","rmrejesu","1","False","Somebody's watching me! Impacts of the spot check list program in <scp"
"bkgoodwi","xzheng","1","False","Somebody's watching me! Impacts of the spot check list program in <scp"
"rmrejesu","xzheng","1","False","Somebody's watching me! Impacts of the spot check list program in <scp"
"qwei3","yzhu7","2","False","Real-time monitoring of plant stresses via chemiresistive profiling of|Emerging Wearable Sensors for Plant Health Monitoring"
"llparril","nrvinuez","1","False","Separation and identification of commercial reactive dyes with hydroph"
"ajbirken","njolby","1","False","A novel missense mutation of the <i>NAT10</i> gene in a juvenile Schna"
"gxu3","hwang18","1","True","Structure, dynamics, and regulation of TRF1-TIN2-mediated trans- and c"
"gxu3","krwening","1","True","Structure, dynamics, and regulation of TRF1-TIN2-mediated trans- and c"
"gxu3","rriehn","1","True","Structure, dynamics, and regulation of TRF1-TIN2-mediated trans- and c"
"hwang18","krwening","1","False","Structure, dynamics, and regulation of TRF1-TIN2-mediated trans- and c"
"krwening","rriehn","1","False","Structure, dynamics, and regulation of TRF1-TIN2-mediated trans- and c"
"eztaylor","mbradfo","1","False","A View from the CISO: Insights from the Data Classification Process"
"cbcoope3","tagates","1","True","Citizen Science in Postsecondary Education: Current Practices and Know"
"cbcoope3","lrlarson","1","False","Inclusion in citizen science: The conundrum of rebranding"
"cbcoope3","mkatti","1","True","Inclusion in citizen science: The conundrum of rebranding"
"cbcoope3","zholmes","1","False","Inclusion in citizen science: The conundrum of rebranding"
"lrlarson","mkatti","1","True","Inclusion in citizen science: The conundrum of rebranding"
"lrlarson","zholmes","1","False","Inclusion in citizen science: The conundrum of rebranding"
"mkatti","zholmes","1","True","Inclusion in citizen science: The conundrum of rebranding"
"acard","twprice","1","False","Scaffolding Game Design: Towards Tool Support for Planning Open-Ended "
"aakedrow","kemccool","1","False","Evaluation of Veterinary Students’ Communication Skills with a Service"
"ardequei","sarumug","3","False","Quantification of climate-induced interannual variability in residenti|Performance Comparison of Equivalent Reservoir and Multireservoir Mode|The Role of Temperature Variability on Seasonal Electricity Demand in "
"macubeta","pojiamb","1","False","“Jumping Jack”: Genomic Microsatellites Underscore the Distinctiveness"
"hhuang11","yzhu7","5","False","Closed-loop control of a prosthetic finger via evoked proprioceptive i|Evoked Tactile Feedback and Control Scheme on Functional Utility of Pr|Object Recognition via Evoked Sensory Feedback during Control of a Pro"
"rrvatsav","twu19","1","False","Local Clustering with Mean Teacher for Semi-supervised learning"
"mlardons","moorman","1","False","Salinity thresholds for understory plants in coastal wetlands"
"hmitaso","jcdietri","1","True","Downscaling of real-time coastal flooding predictions for decision sup"
"lpal","richardv","1","False","Study of
            <scp>tobacco‐derived
            proteins in pape"
"cbgorman","efimenko","1","True","Deposition of silicate coatings on poly(ethylene terephthalate) for im"
"cbgorman","mddickey","1","True","Deposition of silicate coatings on poly(ethylene terephthalate) for im"
"efimenko","mddickey","1","False","Deposition of silicate coatings on poly(ethylene terephthalate) for im"
"hhuang11","jfeng2","1","True","Cognitive measures during walking with and without lower-limb prosthes"
"jfeng2","mliu10","1","True","Cognitive measures during walking with and without lower-limb prosthes"
"hmitaso","jvukoma","1","True","Spatially Explicit Fuzzy Cognitive Mapping for Participatory Modeling "
"jvukoma","rkmeente","1","False","Spatially Explicit Fuzzy Cognitive Mapping for Participatory Modeling "
"cdelgad","mopeters","1","True","A taxonomy of cognitive image functions for science curriculum materia"
"jgenzer","yzhu7","1","False","Direct measurement of rate-dependent mode I and mode II traction-separ"
"mddickey","yzhu7","1","False","Direct measurement of rate-dependent mode I and mode II traction-separ"
"sscaag","sscmjv","1","False","Estimation of Saprolite Thickness Needed to Remove E. coli from Wastew"
"dmfoster","tprange","2","False","Comparison of the Intestinal Pharmacokinetics of Two Different Florfen|Effects of danofloxacin dosing regimen on gastrointestinal pharmacokin"
"jlhaller","tprange","2","False","Comparison of the Intestinal Pharmacokinetics of Two Different Florfen|Effects of danofloxacin dosing regimen on gastrointestinal pharmacokin"
"rebaynes","tprange","1","False","Comparison of the Intestinal Pharmacokinetics of Two Different Florfen"
"ktreyno2","vmcatete","1","False","Developing Sustainable, Mutually Collaborative, Global Partnerships"
"asanmig","chsiao2","1","False","Local velocity of thermoresponsive colloidal gels in rate-driven flow"
"fgould","godwin","1","True","Population genomics of invasive rodents on islands: Genetic consequenc"
"jjacosta","tdwalke2","3","False","Hyperspectral Imaging Combined with Machine Learning for the Detection|Hyperspectral Imaging with Cost-Sensitive Learning for High-Throughput|Prediction of Freeze Damage and Minimum Winter Temperature of the Seed"
"jlheitma","sscaag","2","False","Comparison of Cornell sprinkle infiltrometer and double‐ring infiltrom|Seed germination responses to soil hydraulic conductivity and polyethy"
"mnpeters","moorman","1","False","Group size mediates effects of intraspecific competition and forest st"
"amlocke2","rsozzan","1","False","Field-grown soybean shows genotypic variation in physiological and see"
"jfgrifen","sjcarrie","1","False","Touch‐Talk‐Text: Science Practices and Language for Reading Comprehens"
"aismirno","mvoynov","1","False","EPR Oximetry with Nitroxides: Effects of Molecular Structure, pH, and "
"aismirno","tismirno","1","False","EPR Oximetry with Nitroxides: Effects of Molecular Structure, pH, and "
"mvoynov","tismirno","1","False","EPR Oximetry with Nitroxides: Effects of Molecular Structure, pH, and "
"eghohmei","mjscott3","1","True","A conditional female lethal system for genetic suppression of the glob"
"jlheitma","rleon","1","False","Seed germination responses to soil hydraulic conductivity and polyethy"
"jlheitma","twgannon","1","False","Seed germination responses to soil hydraulic conductivity and polyethy"
"rleon","sscaag","1","False","Seed germination responses to soil hydraulic conductivity and polyethy"
"rleon","twgannon","1","False","Seed germination responses to soil hydraulic conductivity and polyethy"
"sscaag","twgannon","1","False","Seed germination responses to soil hydraulic conductivity and polyethy"
"dvashae","mco","1","False","Flexible thermoelectric generator with liquid metal interconnects and "
"dvashae","mddickey","1","False","Flexible thermoelectric generator with liquid metal interconnects and "
"birgand","wfhunt","1","False","Effect of Visibility on Maintenance Investment and Consequent Performa"
"gngaile","thassan","2","False","Non-contact temperature control and stereo digital image correlation f|Optimized stereo digital image correlation setup for miniature round s"
"ccgoller","clgordy","1","False","Editorial: Research Topic Tools, Techniques, and Strategies for Teachi"
"ccgoller","mvramire","1","False","Editorial: Research Topic Tools, Techniques, and Strategies for Teachi"
"clgordy","mvramire","1","False","Editorial: Research Topic Tools, Techniques, and Strategies for Teachi"
"ejlobato","hhuang11","1","False","Efficient Environmental Context Prediction for Lower Limb Prostheses"
"dyeun","hdai","1","False","Controlling Metastable Infection Patterns in Multilayer Networks via I"
"hallen","mddickey","1","True","Dynamic control of reflective/diffusive optical surfaces on EGaIn liqu"
"dbeggles","drbohnen","2","False","Hurricane impacts on a coral reef soundscape|Spatiotemporal Variability in Sedimentation Drives Habitat Loss on Res"
"cubbage","rparaju","1","False","State Cost-Share Programs for Forest Landowners in the Southern United"
"ahajbab","lhajiba","1","False","Utilization and Cost Estimation Models for Highway Fleet Equipment"
"mchi","memayorg","1","False","To Reduce Healthcare Workload: Identify Critical Sepsis Progression Mo"
"agopalar","jredward","1","False","Flow criticality governs leading-edge-vortex initiation on finite wing"
"oapetrit","sozawa","1","False","Safety and efficacy of oral mirtazapine in New Zealand White rabbits ("
"cwcahoon","lrfishe1","1","False","Evaluations of <i>S</i>‐Metolachlor in flue‐cured tobacco weed managem"
"dljorda2","lrfishe1","2","False","Evaluations of <i>S</i>‐Metolachlor in flue‐cured tobacco weed managem|Flue‐cured tobacco response to sublethal rates of glufosinate"
"dljorda2","kledmist","1","False","Flue‐cured tobacco response to sublethal rates of glufosinate"
"kledmist","lrfishe1","1","False","Flue‐cured tobacco response to sublethal rates of glufosinate"
"king","oaharrys","1","False","Resource planning for direct fabrication of customized orthopedic impl"
"bcallah","dmfoster","1","False","Effects of danofloxacin dosing regimen on gastrointestinal pharmacokin"
"bcallah","jlhaller","1","False","Effects of danofloxacin dosing regimen on gastrointestinal pharmacokin"
"bcallah","mgpapich","1","False","Effects of danofloxacin dosing regimen on gastrointestinal pharmacokin"
"bcallah","tprange","1","False","Effects of danofloxacin dosing regimen on gastrointestinal pharmacokin"
"mgpapich","tprange","1","False","Effects of danofloxacin dosing regimen on gastrointestinal pharmacokin"
"cflynch","sesmith5","1","False","PEDI - Piazza Explorer Dashboard for Intervention"
"cflynch","tmbarnes","1","False","PEDI - Piazza Explorer Dashboard for Intervention"
"sesmith5","tmbarnes","1","False","PEDI - Piazza Explorer Dashboard for Intervention"
"gdcollin","sbkulesz","1","False","Planting date and maturity group impact on soybean seed quality in the"
"jlheitma","sbkulesz","1","False","Planting date and maturity group impact on soybean seed quality in the"
"raatwell","sbkulesz","1","False","Planting date and maturity group impact on soybean seed quality in the"
"dpellet","rclark","1","False","Impact of defaults on participation in state supplemental retirement s"
"mhoffma3","mkleine","1","False","Microbe-dependent heterosis in maize"
"oapetrit","rebaynes","1","False","Egg residue and depletion in Rhode Island Red hens (Gallus gallus dome"
"damarks","mlmastro","1","False","What is your diagnosis? Dermal mass in a dog"
"tmbarnes","twprice","1","False","PlanIT! A New Integrated Tool to Help Novices Design for Open-ended Pr"
"twprice","vmcatete","1","False","PlanIT! A New Integrated Tool to Help Novices Design for Open-ended Pr"
"rsazdan","tlidman","1","False","Khovanov homology detects the figure‐eight knot"
"megruen","menomot","1","False","Refinement of the Feline Musculoskeletal Pain Index (FMPI) and develop"
"dlgray2","mmpop","1","False","Developmental Trajectories for Novice Elementary Teachers: Teaching Ef"
"dlgray2","tawalkow","1","False","Developmental Trajectories for Novice Elementary Teachers: Teaching Ef"
"mmpop","tawalkow","1","False","Developmental Trajectories for Novice Elementary Teachers: Teaching Ef"
"acmyers3","lgrace2","1","True","Inkjet Printed Textile Force Sensitive Resistors for Wearable and Heal"
"lgtateos","qwei3","1","True","The persistent threat of emerging plant disease pandemics to global fo"
"ajkeung","bmrao","1","False","Mapping the residue specificities of epigenome enzymes by yeast surfac"
"eamckenn","mmbooker","1","True","The diversity and function of sourdough starter microbiomes"
"haedward","ksjayara","1","False","What Does it Take to Lead Extension Master Gardener Volunteers?"
"haedward","lkbradle","1","False","What Does it Take to Lead Extension Master Gardener Volunteers?"
"ksjayara","lkbradle","1","False","What Does it Take to Lead Extension Master Gardener Volunteers?"
"ahk","twu19","1","False","Event driven sensor fusion"
"frey","twei5","1","False","Sensitivity of light duty vehicle tailpipe emission rates from simplif"
"mgjones3","sjcarrie","1","False","The Next Generation of Science Educators: Museum Volunteers"
"kmoliver","randers6","1","False","Online Learning in Mathematics Education"
"fisik","impeszle","1","False","Genetic Variation and the Effect of Herbicide and Fertilization Treatm"
"kdaniel","mddickey","1","True","Interfacial Tension Modulation of Liquid Metal via Electrochemical Oxi"
"fgarcia4","jjohns24","1","False","Reducing human health impacts from power sector emissions with redispa"
"tmschaef","vskokov","1","False","Transasymptotics and hydrodynamization of the Fokker-Planck equation f"
"apdavis5","jpfaffe","1","False","Masculinity, Ritual, and Racialized Status Threat: Examining Mass Shoo"
"jjohns24","jwb","1","False","Industrial Symbiosis Waste Exchange Identification and Optimization"
"dofreyte","mbfisher","2","False","Extracellular Matrix Hydrogels Promote Expression of Muscle-Tendon Jun|Extracellular Matrix Hydrogels Promote Expression of Muscle-Tendon Jun"
"hzhou","mbecchi","1","False","PILOT: a Runtime System to Manage Multi-tenant GPU Unified Memory Foot"
"aafox","rbordol","1","True","Molecular Gas within the Milky Way's Nuclear Wind"
"cebarbie","dbmorais","1","False","Gender, work, and tourism in the Guatemalan Highlands"
"japiedra","kmathews","1","False","Patch grafting, strategies for transplantation of organoids into solid"
"aybozkur","mddickey","1","False","A Wearable Patch for Prolonged Sweat Lactate Harvesting and Sensing"
"aybozkur","odvelev","1","False","A Wearable Patch for Prolonged Sweat Lactate Harvesting and Sensing"
"mgilman","stsynkov","1","False","A mathematical perspective on radar interferometry"
"classen","lwang5","1","False","Partitioning of NH3-NH4+ in the Southeastern U.S."
"classen","nmeskhi","1","True","Partitioning of NH3-NH4+ in the Southeastern U.S."
"lwang5","nmeskhi","1","True","Partitioning of NH3-NH4+ in the Southeastern U.S."
"damarks","lvschnab","1","False","Pathology in Practice"
"damarks","pbiziko","1","False","Pathology in Practice"
"lvschnab","pbiziko","1","False","Pathology in Practice"
"galewbar","oapetrit","1","False","Pathology in Practice"
