"source","target","weight","cross_college","papers"
"jwilli27","rgmarti3","2","False","Multiple testing in generalized universal inference|Generalized universal inference on risk minimizers"
"dazaharo","prhess","2","True","Assessing mutation-origin neopeptide prediction tools in canine cancer|855 Interim results from a comparative oncology safety study evaluatin"
"jtascenc","lkhanley","2","False","SEGS-1 episomes generated during cassava mosaic disease enhance diseas|Development of Modular Geminivirus‐Based Vectors for High Cargo Expres"
"jryu","xjiang5","3","False","Enhanced domain dynamics in alternating current poled rhombohedral Pb(|Electric field-induced depolarization of direct current and alternatin|Recent development in piezoelectric materials and devices for cryogeni"
"cmrobvei","ebbreits","6","False","<i>Bartonella henselae</i> , <i>Babesia odocoilei</i> and <i>Babesia d|Experimental Infection of Ferrets with Bartonella henselae: In Search |Molecular detection of Bartonella spp. DNA in dogs with hemangiosarcom"
"cmrobvei","rgmaggi","5","False","<i>Bartonella henselae</i> , <i>Babesia odocoilei</i> and <i>Babesia d|Experimental Infection of Ferrets with Bartonella henselae: In Search |Molecular detection of Bartonella spp. DNA in dogs with hemangiosarcom"
"ebbreits","rgmaggi","10","False","<i>Bartonella henselae</i> , <i>Babesia odocoilei</i> and <i>Babesia d|Using Digital PCR to Unravel the Occurrence of Piroplasmids, Bartonell|Experimental Infection of Ferrets with Bartonella henselae: In Search "
"rcollaz","sitar","5","False","Sputtered ferroelectric aluminum scandium boron nitride (Al1−x−yBxScyN|Pathway to &gt;60% Efficiency in AlGaN‐Based Ultraviolet‐C Light‐Emitt|Roles of Al-vacancy complexes on the luminescence spectra of low dislo"
"iherrma","pbiziko","1","False","Efficacy of Der f 2/Zen 1‐LAMP1 Plasmid‐Based Vaccine Immunotherapy in"
"rwgonzal","spark","2","False","Synthesis of 5-hydroxymethylfurfural and furfural in 1,4-dioxane versu|Catalytic conversion of paper sludge carbohydrates to jet fuel range h"
"bdhansen","krmunana","1","False","Case Report: Presumed cerebral salt wasting syndrome in a 10-week-old "
"dricket","spavlid","1","False","RF Integrated Gate Driver for Ultra-fast Switching of 10 kV SiC MOSFET"
"jslindse","mtanigu","6","False","Structural features of 11 synthetic bacteriochlorins — comparisons wit|Database of low‐temperature absorption and fluorescence spectra of nat|Amino Acid Betaxanthins: Absorption, Fluorescence, And Stability"
"arkendal","mbreen3","1","False","Polypoid Cystitis: A Retrospective Case-Series of 112 Dogs"
"arkendal","slvaden","1","False","Polypoid Cystitis: A Retrospective Case-Series of 112 Dogs"
"mbreen3","slvaden","2","False","Polypoid Cystitis: A Retrospective Case-Series of 112 Dogs|Environmental Exposures and Canine Bladder Cancer: A Case Control Stud"
"dazaharo","jlintile","1","True","855 Interim results from a comparative oncology safety study evaluatin"
"dazaharo","mlmastro","1","True","855 Interim results from a comparative oncology safety study evaluatin"
"dazaharo","slvaden","1","True","855 Interim results from a comparative oncology safety study evaluatin"
"jlintile","mlmastro","1","False","855 Interim results from a comparative oncology safety study evaluatin"
"jlintile","prhess","1","False","855 Interim results from a comparative oncology safety study evaluatin"
"jlintile","slvaden","1","False","855 Interim results from a comparative oncology safety study evaluatin"
"mlmastro","prhess","1","False","855 Interim results from a comparative oncology safety study evaluatin"
"mlmastro","slvaden","1","False","855 Interim results from a comparative oncology safety study evaluatin"
"prhess","slvaden","1","False","855 Interim results from a comparative oncology safety study evaluatin"
"tmbarnes","vmcatete","1","False","What Does It Take to Support Problem Solving in Programming Classrooms"
"jlswann","memayorg","1","False","Optimizing Masks and Random Screening Test Usage within K-12 Schools"
"fyyamane","ooralka","7","False","A Handheld 128+128 Row-Column Addressed CMUT Array Probe: System Desig|Fabrication of 128+128-Element Row–Column Addressed 2D CMUT Arrays on |Stacked PZT-CMUT hybrid 1D array for acoustic angiography: Preliminary"
"pdumbach","srporter","1","False","Correction to: Understanding ORCID adoption among academic researchers"
"fbsantos","mpairis","1","True","Performance, carcass, and pork traits in barrows and gilts slaughtered"
"glmille3","jzhan256","2","False","Registration of ‘FAES 1307’ and ‘FAES 1319’ zoysiagrasses|Registration of ‘XZ 14069’ zoysiagrass"
"glmille3","srmilla","3","False","Registration of ‘FAES 1307’ and ‘FAES 1319’ zoysiagrasses|Registration of ‘XZ 14069’ zoysiagrass|Evaluation of bermudagrass germplasm newly introduced from Africa for "
"jzhan256","srmilla","3","False","Registration of ‘FAES 1307’ and ‘FAES 1319’ zoysiagrasses|Registration of ‘XZ 14069’ zoysiagrass|Phenomics‐driven insights into zoysiagrass drought resistance using sm"
"ahuerta","fjlouws","2","False","First Report of <i>Ralstonia pseudosolanacearum</i> Phylotype I Sequev|High-Quality Complete Genomes of Three Phylotype IIA
                 "
"jaosborn","yencho","1","True","Free Amino Acids and Sugars in 15 Sweetpotato Genotypes: Effects of Cu"
"mbreiski","mhreiski","1","True","Spatiotemporal variation in abundance and genetic structure in an urba"
"fyyamane","xjiang5","1","False","Stacked PZT-CMUT hybrid 1D array for acoustic angiography: Preliminary"
"ooralka","xjiang5","1","False","Stacked PZT-CMUT hybrid 1D array for acoustic angiography: Preliminary"
"kanderso","rdmalhei","6","False","The comparative effects of ventilation shutdown with heat (VSDH), rela|Determining how different ventilation shutdown plus methods change the|Assessment of the Effects of Stocking Density on Laying Hens Raised in"
"kanderso","sbshah3","2","False","The comparative effects of ventilation shutdown with heat (VSDH), rela|Determining how different ventilation shutdown plus methods change the"
"rdmalhei","sbshah3","2","False","The comparative effects of ventilation shutdown with heat (VSDH), rela|Determining how different ventilation shutdown plus methods change the"
"ejakubi","gnp","1","True","Illuminating the mechanistic impacts of an Fe-quaterpyridine functiona"
"bmmcconn","kay","3","False","The 2-D Orthogonal Packing Problem with Multiple Levels of Prioritizat|Air movement operations planning heuristic improvement|Implementing Trades of the National Football League Draft on Blockchai"
"bmmcconn","king","1","False","The 2-D Orthogonal Packing Problem with Multiple Levels of Prioritizat"
"kay","king","1","False","The 2-D Orthogonal Packing Problem with Multiple Levels of Prioritizat"
"bgwalan","ekautz","2","False","Ultrafine-Grained Al/Al2Cu Composite Formation via Friction Stir Proce|Structure evolution and tin redistribution during oxidation of Zircalo"
"bgwalan","flaggne","1","False","Ultrafine-Grained Al/Al2Cu Composite Formation via Friction Stir Proce"
"ekautz","flaggne","1","False","Ultrafine-Grained Al/Al2Cu Composite Formation via Friction Stir Proce"
"ejakubi","fncastel","3","False","A Rhenium <i>Bis</i>- tetramethylphenanthroline Catalyst for CO<sub>2<|Mechanistic Insights into Visible-Light-Induced ATRA Reactions Powered|Photophysical Characterization and Excited State Dynamics of Decamethy"
"jpkerns","srmilla","1","False","Identification of Quantitative Trait Loci Controlling Large Patch (<i>"
"iabolotn","jshen3","1","True","Computational Fluid Dynamics Simulations of a Textile CO<sub>2</sub> C"
"iabolotn","sisalmon","1","True","Computational Fluid Dynamics Simulations of a Textile CO<sub>2</sub> C"
"jshen3","sisalmon","3","False","Computational Fluid Dynamics Simulations of a Textile CO<sub>2</sub> C|Advances in biomimetic carbonic anhydrase strategies for CO2 capture|Chemoenzymatic Synthesis of Epoxidized Cottonseed Oil as a Sustainable"
"fli5","lmneal2","4","False","Sr2MnO4 as a reactive CO2 sorbent for sorption-enhanced steam reformin|Bimodal Hierarchically Porous SiO<sub>2</sub> Sphere-Supported Catalys|Effective CO<sub><i>x</i></sub> Suppression by a Na<sub>4</sub>Mg(WO<s"
"wshi3","wyuan2","1","False","Metagenomic evidence clarifies the texture-dependent cascading effects"
"gnp","khan","3","False","Mechanically Robust Mesoporous UiO‐66‐NH<sub>2</sub>/Nanofibrous Aerog|Metal Organic Framework Impregnated Nanofibrous Aerogels: A 3D Structu|Durable Physically Mixed Microporous and Mesoporous MOFs/Nanofiber Aer"
"fli5","gnp","1","False","Metal Organic Framework Impregnated Nanofibrous Aerogels: A 3D Structu"
"fli5","khan","2","False","Metal Organic Framework Impregnated Nanofibrous Aerogels: A 3D Structu|Perovskite oxides as a new family of tunable CO<sub>2</sub> sorbents"
"hubbe","lpal","2","False","Lignin self-assembly phenomena and valorization strategies for pulping|Renovating Recycled Fibres Using High‐Shear Homogenization for Sustain"
"hubbe","rwgonzal","1","False","Lignin self-assembly phenomena and valorization strategies for pulping"
"lpal","rwgonzal","2","False","Lignin self-assembly phenomena and valorization strategies for pulping|Integration of artificial intelligence and sustainable energy manageme"
"jwb","ryu5","2","False","Physics-Informed Mixed-Criticality Scheduling for F1Tenth Cars with Pr|Soteria: A Formal Digital-Twin-Enabled Framework for Safety-Assurance "
"eadenhar","vaugust","1","True","Competition between dissolution and ion exchange during low temperatur"
"imgimeno","rrkulkar","2","False","Protection Conferred by Gallid Alphaherpesvirus 2 Vaccines Against Imm|Characterization of immunopathological changes in the feather pulp of "
"dshamil3","jrbryan3","1","True","CyanoHABs and CAPs: assessing community-based monitoring of PM <sub>2."
"clanzas","efpearso","1","False","Effects of regional diversity on antimicrobial prescribing in dogs and"
"clanzas","mgpapich","1","False","Effects of regional diversity on antimicrobial prescribing in dogs and"
"efpearso","mgpapich","1","False","Effects of regional diversity on antimicrobial prescribing in dogs and"
"asoldat","drbohnen","1","False","Topographical constraints on fractal dimension of transitional lava fl"
"daherna5","rheinig","1","False","Evaluation of Corn Foliar Fungicides Against Gray Leaf Spot in North C"
"jdbriley","lclove","1","False","The American College of Veterinary Anesthesia and Analgesia Small Anim"
"chsiao2","dofreyte","2","False","Nanodiamond‐Infused Microgels for pH‐Tunable Rheology, Lubrication, an|Nanodiamond‐Infused Microgels for pH‐Tunable Rheology, Lubrication, an"
"chsiao2","khan","2","False","Nanodiamond‐Infused Microgels for pH‐Tunable Rheology, Lubrication, an|Compressing slippery surface-assembled amphiphiles for tunable haptic "
"dofreyte","khan","1","False","Nanodiamond‐Infused Microgels for pH‐Tunable Rheology, Lubrication, an"
"bernholc","wlu2","2","False","Simulation of 24,000 Electron Dynamics: Real-Time Time-Dependent Densi|Strain‐Induced Polar Interfaces in Ferroelectric Polymer Nanocomposite"
"bafloyd","paulf","1","False","A 27–30 GHz T/R Module With Reflection-Type Phase Shifting and Machine"
"aoh","arwisnet","1","False","Optic Chiasm and Bilateral Optic Nerve Oligodendroglioma in A 29‐Month"
"aoh","dmmerite","1","False","Optic Chiasm and Bilateral Optic Nerve Oligodendroglioma in A 29‐Month"
"arwisnet","dmmerite","1","False","Optic Chiasm and Bilateral Optic Nerve Oligodendroglioma in A 29‐Month"
"iabolotn","ntdinh","3","False","NEAMS IRP challenge problem 3: Mixing in large enclosures and thermal |High-Resolution flow boiling simulations with multiple nucleation site|Building a multiscale framework: An overview of the NEAMS thermal-hydr"
"dmfoster","lgamsja","1","False","Impact of 3 colostrum replacement strategies on immunoglobulin G absor"
"rxu22","yliu292","1","False","Low‐Loss Far‐Infrared Surface Phonon Polaritons in Suspended SrTiO <su"
"cmaltec","jjiang26","6","False","Genome-wide association study and fine-mapping using imputed sequences|Microbial and Genomic Information Synergistically Contribute to Predic|Fine-mapping methods for complex traits: essential adaptations for sam"
"apdavis5","jpfaffe","2","False","Incarceration, stigma, and labor power: The prison as labor governance|Yes, You Can't! A Multi‐Method Examination of Publishing Null Findings"
"knivanov","mnavramo","4","False","High-resolution predictions of the coolant properties for the 3D PWR c|Development of Serpent/CTF External Coupling for the OECD/NEA TVA-WB1 |Sensitivity and uncertainty analysis in pebble-bed reactors: A study u"
"ajwest2","jlfulks","1","False","Advancing Fit and Inclusivity: Utilizing BMI and Body Shape to Create "
"japorter","kmathur","1","False","Visual Perception of Virtual Fabric Properties in 3D Activewear Dynami"
"chwang2","yxu11","1","False","Beyond static images: how interactivity, vividness and realism shape c"
"dljorda2","raatwell","1","False","Soybean yield response to management practices (4–40 years) and soil h"
"narayan","rjnaraya","4","False","Enhancement of the electrochemical performance of LiFePO4 cathode mate|Formation of Q‐Carbon Nanoballs and Nanodiamonds by Pulsed Laser Annea|Large‐Area Growth of Ferromagnetic Q‐Carbon Thin Films"
"fakish","fhsiao","2","False","Visible-spectrum (405–505 nm) low-temperature-deposited deuterated (D)|Efficient calculations of phonon-assisted Auger recombination in InGaN"
"fakish","jjwierer","3","False","Visible-spectrum (405–505 nm) low-temperature-deposited deuterated (D)|Optical and structural characteristics of AlInN/GaN superlattices with|Efficient calculations of phonon-assisted Auger recombination in InGaN"
"fhsiao","jjwierer","2","False","Visible-spectrum (405–505 nm) low-temperature-deposited deuterated (D)|Efficient calculations of phonon-assisted Auger recombination in InGaN"
"agupta1","khan6","2","False","Digital engineering workflow for effective management of ITAAC using t|Automation in digital analysis solutions for nuclear design-constructi"
"muth","spavlid","3","False","Ultra-Fast 4H-SiC LGAD With Etched Termination and Field Plate|Characterization of 4H-SiC Low Gain Avalanche Detectors (LGADs)|Impact of proton irradiation on 4H-SiC Low Gain Avalanche Detectors (L"
"bgilger","mhenrik","1","False","Methodology of easy-to-use horizontally centrifuged platelet-rich fibr"
"ddavis6","jfgrifen","2","False","Toward an equitable implementation of the science of reading: K-5 teac|Barriers to Implementation and Strategies for Improvements in Elementa"
"ddavis6","jrelyea","4","False","Toward an equitable implementation of the science of reading: K-5 teac|Usability of a Reading Intervention for Upper-Elementary English Learn|Evaluating the Impact of the Knowledge, Language, and Structured Inqui"
"jfgrifen","jrelyea","1","False","Toward an equitable implementation of the science of reading: K-5 teac"
"dosmond","lcolpog","5","False","Drawdown of soil phosphorus by crop removal: A meta‐analysis of 56 fie|Effect of P rates in long‐term conservation agriculture trials on the |Why Does Overapplication of Phosphorus Fertilizers Occur: Insights fro"
"jastern","psitthi","1","False","Novel <i>Cardiac Troponin-I</i> Missense Variant (c.593C&gt;T) Is Asso"
"jastern","rhli2","2","False","Novel <i>Cardiac Troponin-I</i> Missense Variant (c.593C&gt;T) Is Asso|Ex vivo effects of low dose delayed release rapamycin on agonist-induc"
"psitthi","rhli2","1","False","Novel <i>Cardiac Troponin-I</i> Missense Variant (c.593C&gt;T) Is Asso"
"baran","iguvenc","1","False","Assessment of 5G Ultra-Reliable Low-Latency Communication for Wide-Are"
"aanevzor","aismirno","1","False","Room-Temperature Pulsed Dynamic Nuclear Polarization at 7 T"
"amlynch3","jabalko","1","False","Investigation of a point-of-care viscoelastic coagulation monitor and "
"aeroglu","vkurapa","1","False","Genetic and biochemical analyses identify a major locus, <i>GH-PA1</i>"
"jgookin","mwnolan","1","False","Treatment of Feline Lymphocytic Lymphoma/Chronic Inflammatory Enteropa"
"jpwang","jwhiteh2","1","False","A Protoplast System for CRISPR-Cas Ribonucleoprotein Delivery in Pinus"
"jpwang","rbarran","2","True","A Protoplast System for CRISPR-Cas Ribonucleoprotein Delivery in Pinus|Advances in lignocellulosic feedstocks for bioenergy and bioproducts"
"jwhiteh2","rbarran","1","True","A Protoplast System for CRISPR-Cas Ribonucleoprotein Delivery in Pinus"
"msano2","ncnelso2","1","False","Impact of Voltage on the Production on Spherical Ablations for Integra"
"lalucia","lpal","11","False","Chemical analyses of glycol-modified copolyester surface abrasion: Bey|Ultralow-Density Mesoporous PDMS-Doped Graphene Oxide Foam for Cyclic |Hyperspectral imaging for real-time waste materials characterization a"
"lalucia","spontak","1","True","Chemical analyses of glycol-modified copolyester surface abrasion: Bey"
"lpal","spontak","1","True","Chemical analyses of glycol-modified copolyester surface abrasion: Bey"
"jmgluck","nrvinuez","1","False","Solvatochromic BODIPYs with Polarity-Independent Absorption for Functi"
"jmgluck","xliu68","1","True","Solvatochromic BODIPYs with Polarity-Independent Absorption for Functi"
"jmgluck","yzhan296","1","False","Solvatochromic BODIPYs with Polarity-Independent Absorption for Functi"
"nrvinuez","xliu68","1","True","Solvatochromic BODIPYs with Polarity-Independent Absorption for Functi"
"nrvinuez","yzhan296","1","False","Solvatochromic BODIPYs with Polarity-Independent Absorption for Functi"
"xliu68","yzhan296","1","True","Solvatochromic BODIPYs with Polarity-Independent Absorption for Functi"
"ddreisig","nnelson4","1","False","Forecasting interannual abundance of <i>Helicoverpa zea</i> (Lepidopte"
"alwelch","mkleine","1","True","Source of dietary protein alters the abundance of proteases, intestina"
"jducoste","ksaul","1","False","Academic Unit Strategies and Outcomes for Addressing Student Obstacles"
"jducoste","raghilad","1","True","Academic Unit Strategies and Outcomes for Addressing Student Obstacles"
"ksaul","raghilad","1","True","Academic Unit Strategies and Outcomes for Addressing Student Obstacles"
"jljone21","rsozzan","2","True","From bench to business: translating academic advances into industry in|Transdisciplinary Collaborations for Advancing Sustainable and Resilie"
"aaysu","smirbag","1","False","GateBleed: Exploiting On-Core Accelerator Power Gating for High Perfor"
"mabolha","mtseifri","1","False","Science acceleration and accessibility with self-driving labs"
"ahjhala","jlburne5","1","True","A Digital Program to Promote Sexual Communication Between Early Adoles"
"ahjhala","lmwidman","1","True","A Digital Program to Promote Sexual Communication Between Early Adoles"
"jlburne5","lmwidman","1","False","A Digital Program to Promote Sexual Communication Between Early Adoles"
"lrlarson","mnpeters","2","False","Emotions and political identity predict public acceptance of urban dee|Environmental identities of college students reveal potential conflict"
"lrlarson","moorman","1","False","Emotions and political identity predict public acceptance of urban dee"
"lrlarson","njhostet","1","True","Emotions and political identity predict public acceptance of urban dee"
"mnpeters","moorman","1","False","Emotions and political identity predict public acceptance of urban dee"
"mnpeters","njhostet","1","True","Emotions and political identity predict public acceptance of urban dee"
"moorman","njhostet","1","True","Emotions and political identity predict public acceptance of urban dee"
"ajkeung","jtuck","1","False","Yeast Surface Display of Protein Addresses Confers Robust Storage and "
"ccjacob5","lvschnab","1","False","Comparison of a dorsolateral approach and a dorsomedial approach to ac"
"apullin","lwalker3","1","False","Outdoor access versus conventional broiler chicken production: Updated"
"apullin","ycampbe","1","False","Outdoor access versus conventional broiler chicken production: Updated"
"lwalker3","ycampbe","1","False","Outdoor access versus conventional broiler chicken production: Updated"
"cxu34","yliu322","1","False","Contextual Combinatorial Beam Management via Online Probing for Multip"
"kenartke","tamaypl","1","False","Incorporating Universal Design: Evaluating Its Role in Textile Design "
"claplan","dxu27","1","True","Framework for Accurate Single-Molecule Spectroscopic Imaging Analyses "
"claplan","yzhan296","1","True","Framework for Accurate Single-Molecule Spectroscopic Imaging Analyses "
"dxu27","yzhan296","1","True","Framework for Accurate Single-Molecule Spectroscopic Imaging Analyses "
"cxu34","hli83","1","False","mmHand: Toward Pixel-Level-Accuracy Hand Localization Using a Single C"
"cmaltec","dhpoole","1","False","14 Dietary fatty acid profile and choline altered the transcriptome of"
"cmaltec","falvesc","2","False","14 Dietary fatty acid profile and choline altered the transcriptome of|88 Dietary supplementation modulates the epithelial luminal transcript"
"cmaltec","mhpoore","2","False","14 Dietary fatty acid profile and choline altered the transcriptome of|88 Dietary supplementation modulates the epithelial luminal transcript"
"dhpoole","falvesc","3","False","14 Dietary fatty acid profile and choline altered the transcriptome of|PSI-7 The dietary supplementation of fatty acids and choline modulates|PSIII-9 The supplementation of rumen-inert unsaturated fatty acids and"
"dhpoole","mhpoore","3","False","14 Dietary fatty acid profile and choline altered the transcriptome of|PSI-7 The dietary supplementation of fatty acids and choline modulates|PSIII-9 The supplementation of rumen-inert unsaturated fatty acids and"
"falvesc","mhpoore","4","False","14 Dietary fatty acid profile and choline altered the transcriptome of|PSI-7 The dietary supplementation of fatty acids and choline modulates|PSIII-9 The supplementation of rumen-inert unsaturated fatty acids and"
"alkwansa","chhaigle","1","True","Empirical evidence that glucan-interacting amino acid side chains with"
"alkwansa","ygyingli","2","False","Empirical evidence that glucan-interacting amino acid side chains with|DFT-Based Calculation of the Vibrational Sum Frequency Generation Spec"
"chhaigle","ygyingli","2","True","Empirical evidence that glucan-interacting amino acid side chains with|Computer Vision Pipeline for Image Analysis for Freeze‐Fracture Electr"
"jahoppin","knappe","2","True","Per- and Polyfluoroalkyl Ether Acid (PFEA) Concentrations in Indoor Du|Historical Blood Serum Samples from Wilmington, North Carolina: The Im"
"jahoppin","nkotlar","1","True","Per- and Polyfluoroalkyl Ether Acid (PFEA) Concentrations in Indoor Du"
"knappe","nkotlar","1","False","Per- and Polyfluoroalkyl Ether Acid (PFEA) Concentrations in Indoor Du"
"kdange","tmharri7","1","True","Amino acid profiles for red wolves (Canis rufus) managed under human c"
"jcolehu","jmgluck","1","True","Comparison of Collagen and Polylactic Acid Multifilament Yarns for Dev"
"jcolehu","mwking2","1","True","Comparison of Collagen and Polylactic Acid Multifilament Yarns for Dev"
"jmgluck","mwking2","1","False","Comparison of Collagen and Polylactic Acid Multifilament Yarns for Dev"
"jodle","xilin","5","False","PSVI-24 Carnitine and polyunsaturated fatty acids alter cytokine expre|Effects of Maternal Clofibrate Supplementation During Gestation and La|PSI-22 Effects of modifying PPAR activity on carnitine uptake in swine"
"cmtherio","ecrose2","1","False","Structure-guided design of a synthetic bile acid that inhibits Clostri"
"aneilso","miorizz","2","False","Inhibition of pro-atherogenic trimethylamine production from choline b|Identification and functional characterization of BAHD acyltransferase"
"miorizz","pmperkin","3","False","Unraveling the genetic architecture of blueberry fruit quality traits:|Characterization of anthocyanins, phenolics, and flavonoids in a globa|High throughput assessment of blueberry fruit internal bruising using "
"ajplanch","dbbuchwa","1","False","Trophic transfer of per- and polyfluoroalkyl acids in a periphyton-may"
"aakedrow","efpearso","1","False","Veterinary Students Acknowledge the Importance of Competent Communicat"
"jimielke","rmdodswo","1","False","/t d/ Releases are strengthening among White speakers: Evidence from a"
"clmarian","mjlewis","1","False","Acquired Myasthenia Gravis in a Juvenile Australian Shepherd Dog and E"
"clmarian","njolby","1","False","Acquired Myasthenia Gravis in a Juvenile Australian Shepherd Dog and E"
"mjlewis","njolby","2","False","Acquired Myasthenia Gravis in a Juvenile Australian Shepherd Dog and E|Adverse Drug–Drug Interaction Between Phenobarbital and Fluconazole in"
"nsharm23","yzhu7","1","False","Ultrasound-Compatible sEMG Electrode Enabling Simultaneous ARFI Acquis"
"ekyoungs","sdfrank","1","False","Urban heat and latitude: contrasting effects on ant diversity across c"
"jastern","yueda","2","False","The influence of captivity on cardiac structure and function across ag|The T-wave peak-end to QT ratio is prolonged and minimally influenced "
"icarbon","mjbradsh","1","False","An emerging fungal disease is spreading across the globe and affecting"
"dcastel2","fmartin3","1","False","The affordances of Artificial Intelligence (AI) and ethical considerat"
"drobenou","nnelson4","1","True","Quantifying Summer Internal Phosphorus Loading in Large Lakes across t"
"drobenou","owduckwo","1","True","Quantifying Summer Internal Phosphorus Loading in Large Lakes across t"
"nnelson4","owduckwo","1","False","Quantifying Summer Internal Phosphorus Loading in Large Lakes across t"
"gdcollin","jlheitma","1","False","Adjusting seeding rate across soybean planting date and maturity in th"
"gdcollin","raatwell","3","False","Adjusting seeding rate across soybean planting date and maturity in th|Fungicide seed treatment impact on soybean stand and yield across plan|Mid‐season pest management implications for protecting soybean seed qu"
"jlheitma","raatwell","1","False","Adjusting seeding rate across soybean planting date and maturity in th"
"cwcahoon","gdcollin","2","False","Fungicide seed treatment impact on soybean stand and yield across plan|Optimizing pyroxasulfone-coated fertilizer in cotton"
"cwcahoon","lrlux","1","False","Fungicide seed treatment impact on soybean stand and yield across plan"
"cwcahoon","raatwell","1","False","Fungicide seed treatment impact on soybean stand and yield across plan"
"gdcollin","lrlux","2","False","Fungicide seed treatment impact on soybean stand and yield across plan|Mid‐season pest management implications for protecting soybean seed qu"
"lrlux","raatwell","2","False","Fungicide seed treatment impact on soybean stand and yield across plan|Mid‐season pest management implications for protecting soybean seed qu"
"nebuchle","oargell","1","True","Deep learning–driven imaging of cell division and cell growth across a"
"hall","nccrook","1","False","Development of Peptide Glucosyltransferase Inhibitors With Comprehensi"
"hall","smenega","1","False","Development of Peptide Glucosyltransferase Inhibitors With Comprehensi"
"nccrook","smenega","1","False","Development of Peptide Glucosyltransferase Inhibitors With Comprehensi"
"mlardons","mlupek","1","False","University Students’ Ecological Footprint and Lifestyle Changes: Aware"
"mlardons","mmaguilo","1","False","University Students’ Ecological Footprint and Lifestyle Changes: Aware"
"mlardons","ssjeffri","1","False","University Students’ Ecological Footprint and Lifestyle Changes: Aware"
"mlardons","zholmes","1","False","University Students’ Ecological Footprint and Lifestyle Changes: Aware"
"mlupek","mmaguilo","1","False","University Students’ Ecological Footprint and Lifestyle Changes: Aware"
"mlupek","ssjeffri","1","False","University Students’ Ecological Footprint and Lifestyle Changes: Aware"
"mlupek","zholmes","1","False","University Students’ Ecological Footprint and Lifestyle Changes: Aware"
"mmaguilo","ssjeffri","1","False","University Students’ Ecological Footprint and Lifestyle Changes: Aware"
"mmaguilo","zholmes","1","False","University Students’ Ecological Footprint and Lifestyle Changes: Aware"
"ssjeffri","zholmes","1","False","University Students’ Ecological Footprint and Lifestyle Changes: Aware"
"csgalik","jjohns24","1","True","State-led climate action can cut emissions at near-federal costs but f"
"bbcutts","elseekam","1","False","Social capital as a predictor of collective environmental action in hi"
"bbcutts","kbusch","1","True","Social capital as a predictor of collective environmental action in hi"
"bbcutts","ktate","1","False","Social capital as a predictor of collective environmental action in hi"
"elseekam","kbusch","1","True","Social capital as a predictor of collective environmental action in hi"
"elseekam","ktate","1","False","Social capital as a predictor of collective environmental action in hi"
"kbusch","ktate","2","True","Social capital as a predictor of collective environmental action in hi|Educating for psychological, community, and ecological resilience: a c"
"hwu15","xjiang5","5","False","Quarter Wavelength Active Layer Design for Therapeutic Ultrasound Tran|Characterization of bismuth silicon oxide for high temperature ultraso|A Precision Ultrasound-Localized Sonoporation-Equipment (PULSE) Enabli"
"fli5","jliu38","2","False","Redox‐Active Oxide/molten Salt Composites for Hybrid Thermal‐Chemical |Redox-active oxide molten salt composites as a new family of high-capa"
"dxlascel","megruen","3","False","Factors influencing, and associated with, physical activity patterns i|Physical Activity Monitors in Companion Animal Chronic Pain Research—A|Tailoring treatment: dog breed status influences pain assessment and t"
"dxlascel","menomot","3","False","Factors influencing, and associated with, physical activity patterns i|Physical Activity Monitors in Companion Animal Chronic Pain Research—A|Quantitative sensory testing in dogs with spontaneous osteoarthritis"
"megruen","menomot","2","False","Factors influencing, and associated with, physical activity patterns i|Physical Activity Monitors in Companion Animal Chronic Pain Research—A"
"amgrunde","kstapel","1","True","The Effect of Plasma Activated Water on the Rhizosphere Composition of"
"amgrunde","mrojasp","1","False","The Effect of Plasma Activated Water on the Rhizosphere Composition of"
"kstapel","mrojasp","2","True","The Effect of Plasma Activated Water on the Rhizosphere Composition of|Non-thermal plasma activated water is an effective nitrogen fertilizer"
"jodle","mtknauer","1","False","PSI-22 Effects of modifying PPAR activity on carnitine uptake in swine"
"mtknauer","xilin","1","False","PSI-22 Effects of modifying PPAR activity on carnitine uptake in swine"
"kstapel","scshanno","2","False","Non-Thermal Plasma Activated Water is an Effective Nitrogen Fertilizer|Non-thermal plasma activated water is an effective nitrogen fertilizer"
"lkhanley","wftb","3","False","Comparison of transcriptional activity profiling by metabolic labeling|Replication Timing Uncovers a Two-Compartment Nuclear Architecture of |A comparison of genomic methods to assess DNA replication timing"
"dlrober4","dxlascel","1","True","Physical Activity Monitors in Companion Animal Chronic Pain Research—A"
"dlrober4","megruen","1","True","Physical Activity Monitors in Companion Animal Chronic Pain Research—A"
"dlrober4","menomot","1","True","Physical Activity Monitors in Companion Animal Chronic Pain Research—A"
"knivanov","sppalmta","1","False","Development of Serpent/CTF External Coupling for the OECD/NEA TVA-WB1 "
"mnavramo","sppalmta","1","False","Development of Serpent/CTF External Coupling for the OECD/NEA TVA-WB1 "
"pdswartz","xliu68","1","False","The Heme Oxygenase-Like Diiron Enzyme HrmI Reveals Altered Regulatory "
"dgkamper","ksaul","1","False","Estimation of the effects of hand growth on muscle activation patterns"
"dknazov","dxlascel","2","False","Ice water immersion does not activate diffuse noxious inhibitory contr|Quantitative sensory testing in dogs with spontaneous osteoarthritis"
"dasalvi","myang26","1","False","Environmental impact assessment of generating cold atmospheric pressur"
"kstapel","rhernan4","1","True","Non-thermal plasma activated water is an effective nitrogen fertilizer"
"mrojasp","rhernan4","1","False","Non-thermal plasma activated water is an effective nitrogen fertilizer"
"mrojasp","scshanno","1","True","Non-thermal plasma activated water is an effective nitrogen fertilizer"
"rhernan4","scshanno","1","True","Non-thermal plasma activated water is an effective nitrogen fertilizer"
"ihusain2","smlukic","2","False","Pulsating Power Processing and Voltage Balancing of Multi-Active Bridg|Regenerative Efficiency Evaluation of Dual Active Bridge Converters in"
"ihusain2","wyu2","2","False","Regenerative Efficiency Evaluation of Dual Active Bridge Converters in|Multilevel Selective Gate Driver With Real-Time Feedforward Control fo"
"smlukic","wyu2","1","False","Regenerative Efficiency Evaluation of Dual Active Bridge Converters in"
"clmarian","prhess","1","False","Optimizing canine T cell activation, expansion, and transduction"
"fli5","klan2","1","True","A new approach to improve the economic and environmental attractivenes"
"fli5","spark","2","True","A new approach to improve the economic and environmental attractivenes|The emerging role of biomass in complementing a renewable energy portf"
"klan2","spark","3","False","A new approach to improve the economic and environmental attractivenes|Environmental life cycle assessment of renewable starch alternative pl|Sustainable production of xylo-oligosaccharides: A comparative environ"
"alwelch","atbliksl","1","False","Single-cell transcriptomics predict novel potential regulators of acut"
"alwelch","ecrose2","1","False","Single-cell transcriptomics predict novel potential regulators of acut"
"alwelch","jodle","1","True","Single-cell transcriptomics predict novel potential regulators of acut"
"atbliksl","ecrose2","1","False","Single-cell transcriptomics predict novel potential regulators of acut"
"atbliksl","jodle","1","True","Single-cell transcriptomics predict novel potential regulators of acut"
"ecrose2","jodle","1","True","Single-cell transcriptomics predict novel potential regulators of acut"
"aneilso","mlila","1","False","Identification and functional characterization of BAHD acyltransferase"
"miorizz","mlila","2","False","Identification and functional characterization of BAHD acyltransferase|Bioavailability and pharmacokinetics of (poly)phenols following consum"
"clmarian","mwnolan","4","False","Supplementary Figure S2 from Adapting Laser Interstitial Thermal Thera|Supplementary Figure S1 from Adapting Laser Interstitial Thermal Thera|Data from Adapting Laser Interstitial Thermal Therapy for the Treatmen"
"jljone21","kdgriege","2","True","Engaging stakeholders in phosphorus sustainability: Challenges, lesson|Transdisciplinary Collaborations for Advancing Sustainable and Resilie"
"efimenko","jgenzer","5","False","Investigation of Adhesion in Extruded PET/PA Bicomponent Polymer Syste|Transdisciplinary Collaborations for Advancing Sustainable and Resilie|Bismuth Metallo(co)polymers as Tailored High Refractive Index and Ther"
"aseyam","jgenzer","1","True","Enhancing Interfacial Adhesion in Kevlar and Ultra-High Molecular Weig"
"jducoste","mpourgh","1","False","Identifying surface formation and adhesion mechanisms of FOG deposits "
"btoconno","jliu38","1","False","Improving Adhesion in Organic Photovoltaic Cells with Self-Assembled M"
"dmfoster","jlhaller","2","False","Pharmacokinetics of Orally Administered Phenazopyridine in Goats With |Investigating the Pharmacokinetics and Efficacy of Intramammary Ceftio"
"enford","rebaynes","1","True","Pharmacokinetics and withdrawal interval calculations for meat and mil"
"rcrespo","rebaynes","1","False","Distribution of fluralaner in plasma and liver in broiler breeder hens"
"fawrigh2","yzhou19","1","False","HAP-SAMPLE2: data-based resampling for association studies with admixt"
"lopperm","mbfisher","3","True","Physeal-sparing anterior cruciate ligament reconstruction in an early |Physeal‐sparing anterior cruciate ligament reconstruction provides bet|Soaking in Povidone-Iodine, Chlorhexidine, Teicoplanin, Vancomycin, an"
"jldonald","mdlamber","1","False","National Exploratory Study of the Adoption and Implementation of SAE f"
"rmrejesu","zsbrown2","1","False","Dynamically optimal cover crop adoption"
"lalucia","wekrause","1","True","Adsorption Characteristics of Bacterial Cellulose Membranes Toward Met"
"dmmerite","ecrisci","1","False","Case Report: The effect of asplenia on the response to influenza vacci"
"dmmerite","ejgruber","1","False","Case Report: The effect of asplenia on the response to influenza vacci"
"dmmerite","mrahe","1","False","Case Report: The effect of asplenia on the response to influenza vacci"
"ecrisci","ejgruber","1","False","Case Report: The effect of asplenia on the response to influenza vacci"
"ecrisci","mrahe","1","False","Case Report: The effect of asplenia on the response to influenza vacci"
"ejgruber","mrahe","1","False","Case Report: The effect of asplenia on the response to influenza vacci"
"aecarso2","dcmuddim","1","True","Distinguishing the Metabolic Effect of Fetal and Adult Fibrinogen on H"
"lpal","richardv","3","False","Advancing sustainability in the U.S. pulp and paper industry: Decarbon|Synergistic cell-free enzyme cocktails for enhanced fiber matrix devel|Density Functional Theory Study of the Cellobiose Model System for Unv"
"hwsedero","jpwang","1","True","Advances in lignocellulosic feedstocks for bioenergy and bioproducts"
"hwsedero","klan2","1","True","Advances in lignocellulosic feedstocks for bioenergy and bioproducts"
"hwsedero","nmlavoin","1","True","Advances in lignocellulosic feedstocks for bioenergy and bioproducts"
"hwsedero","rbarran","1","False","Advances in lignocellulosic feedstocks for bioenergy and bioproducts"
"jpwang","klan2","1","False","Advances in lignocellulosic feedstocks for bioenergy and bioproducts"
"jpwang","nmlavoin","1","False","Advances in lignocellulosic feedstocks for bioenergy and bioproducts"
"klan2","nmlavoin","1","False","Advances in lignocellulosic feedstocks for bioenergy and bioproducts"
"klan2","rbarran","1","True","Advances in lignocellulosic feedstocks for bioenergy and bioproducts"
"nmlavoin","rbarran","1","True","Advances in lignocellulosic feedstocks for bioenergy and bioproducts"
"amgrunde","jshen3","1","True","Advances in biomimetic carbonic anhydrase strategies for CO2 capture"
"amgrunde","sisalmon","2","True","Advances in biomimetic carbonic anhydrase strategies for CO2 capture|Techno-economic analysis of industrial-scale fermentation for formate "
"amgrunde","ygyingli","1","True","Advances in biomimetic carbonic anhydrase strategies for CO2 capture"
"jshen3","ygyingli","1","True","Advances in biomimetic carbonic anhydrase strategies for CO2 capture"
"sisalmon","ygyingli","1","True","Advances in biomimetic carbonic anhydrase strategies for CO2 capture"
"dfcall","efimenko","1","False","Transdisciplinary Collaborations for Advancing Sustainable and Resilie"
"dfcall","jgenzer","1","False","Transdisciplinary Collaborations for Advancing Sustainable and Resilie"
"dfcall","jljone21","1","False","Transdisciplinary Collaborations for Advancing Sustainable and Resilie"
"dfcall","jsbaker4","1","True","Transdisciplinary Collaborations for Advancing Sustainable and Resilie"
"dfcall","kdgriege","1","True","Transdisciplinary Collaborations for Advancing Sustainable and Resilie"
"dfcall","rsozzan","1","True","Transdisciplinary Collaborations for Advancing Sustainable and Resilie"
"efimenko","jljone21","1","False","Transdisciplinary Collaborations for Advancing Sustainable and Resilie"
"efimenko","jsbaker4","1","True","Transdisciplinary Collaborations for Advancing Sustainable and Resilie"
"efimenko","kdgriege","1","True","Transdisciplinary Collaborations for Advancing Sustainable and Resilie"
"efimenko","rsozzan","1","True","Transdisciplinary Collaborations for Advancing Sustainable and Resilie"
"jgenzer","jljone21","1","False","Transdisciplinary Collaborations for Advancing Sustainable and Resilie"
"jgenzer","jsbaker4","1","True","Transdisciplinary Collaborations for Advancing Sustainable and Resilie"
"jgenzer","kdgriege","1","True","Transdisciplinary Collaborations for Advancing Sustainable and Resilie"
"jgenzer","rsozzan","1","True","Transdisciplinary Collaborations for Advancing Sustainable and Resilie"
"jljone21","jsbaker4","1","True","Transdisciplinary Collaborations for Advancing Sustainable and Resilie"
"jsbaker4","kdgriege","1","True","Transdisciplinary Collaborations for Advancing Sustainable and Resilie"
"jsbaker4","rsozzan","1","True","Transdisciplinary Collaborations for Advancing Sustainable and Resilie"
"kdgriege","rsozzan","1","False","Transdisciplinary Collaborations for Advancing Sustainable and Resilie"
"gcmclaug","jpknelle","2","False","Advection algorithms for quantum neutrino moment transport|Quantum maximum entropy closure for small flavor coherence"
"hashraf2","rdewey","1","False","Optimization of Adventitious Shoot Regeneration Protocols for Six Vacc"
"hashraf2","wliu25","1","False","Optimization of Adventitious Shoot Regeneration Protocols for Six Vacc"
"rdewey","wliu25","1","False","Optimization of Adventitious Shoot Regeneration Protocols for Six Vacc"
"krmunana","mjlewis","1","False","Adverse Drug–Drug Interaction Between Phenobarbital and Fluconazole in"
"krmunana","njolby","1","False","Adverse Drug–Drug Interaction Between Phenobarbital and Fluconazole in"
"rjricha2","rleon","1","False","Investigating remotely piloted aerial application systems for hydrilla"
"glmille3","jlheitma","2","False","Fraise mowing and hollow‐tine aerification impact bermudagrass surface|Fraise mowing impacts soil physical properties of bermudagrass surface"
"agopalar","mbryant","2","False","Automatic Limit Cycle Oscillation Annihilation in Aeroelastic Wings Us|Optimal Cyclic Control of a Structurally Constrained Morphing Energy-H"
"cbcoope3","emzechma","2","True","Predicting Drinking Water Quality Using Low-Cost Sensing: Water Aesthe|Public detection of lead plumbing and perceptions of municipal and wel"
"iguvenc","mlsichit","2","False","Collection: UAV-Based RSS Measurements from the AFAR Challenge in Digi|Digital Twins and Testbeds for Supporting AI Research with Autonomous "
"iguvenc","rdutta","2","False","Collection: UAV-Based RSS Measurements from the AFAR Challenge in Digi|Digital Twins and Testbeds for Supporting AI Research with Autonomous "
"mlsichit","rdutta","2","False","Collection: UAV-Based RSS Measurements from the AFAR Challenge in Digi|Digital Twins and Testbeds for Supporting AI Research with Autonomous "
"ddreisig","raatwell","4","False","Does defoliation affect late planted soybean yield?|Artificial defoliation effects on full season and double crop soybean |Mid‐season pest management implications for protecting soybean seed qu"
"jjwierer","muth","2","False","Surface treatments affect GaN surface quantum well emission|Optical and structural characteristics of AlInN/GaN superlattices with"
"agorny","dljorda2","3","False","Previous Cropping Sequence Affects Plant-Parasitic Nematodes and Yield|Influence of Virginia Market-Type Cultivar and Fungicide Regime on Lea|Influence of crop sequence, cultivar, and metam sodium on plant‐parasi"
"agorny","jcdunne","3","False","Previous Cropping Sequence Affects Plant-Parasitic Nematodes and Yield|Influence of Virginia Market-Type Cultivar and Fungicide Regime on Lea|Influence of crop sequence, cultivar, and metam sodium on plant‐parasi"
"agorny","lrlux","3","False","Previous Cropping Sequence Affects Plant-Parasitic Nematodes and Yield|Influence of Virginia Market-Type Cultivar and Fungicide Regime on Lea|Influence of crop sequence, cultivar, and metam sodium on plant‐parasi"
"dljorda2","jcdunne","3","False","Previous Cropping Sequence Affects Plant-Parasitic Nematodes and Yield|Influence of Virginia Market-Type Cultivar and Fungicide Regime on Lea|Influence of crop sequence, cultivar, and metam sodium on plant‐parasi"
"dljorda2","lrlux","3","False","Previous Cropping Sequence Affects Plant-Parasitic Nematodes and Yield|Influence of Virginia Market-Type Cultivar and Fungicide Regime on Lea|Influence of crop sequence, cultivar, and metam sodium on plant‐parasi"
"jcdunne","lrlux","3","False","Previous Cropping Sequence Affects Plant-Parasitic Nematodes and Yield|Influence of Virginia Market-Type Cultivar and Fungicide Regime on Lea|Influence of crop sequence, cultivar, and metam sodium on plant‐parasi"
"amlynch3","megruen","2","False","Factors Affecting Sleep Among Dogs and Cats in a Veterinary Intensive |Tailoring treatment: dog breed status influences pain assessment and t"
"amlynch3","vfscharf","1","False","Factors Affecting Sleep Among Dogs and Cats in a Veterinary Intensive "
"megruen","vfscharf","1","False","Factors Affecting Sleep Among Dogs and Cats in a Veterinary Intensive "
"hong","iakogan","1","False","Equi-affine minimal-degree moving frames for polynomial curves"
"qwei3","smenega","1","False","Purification of CRISPR Cas12a from E. coli cell lysates using peptide "
"glmille3","jcdunne","1","False","Evaluation of bermudagrass germplasm newly introduced from Africa for "
"jcdunne","srmilla","1","False","Evaluation of bermudagrass germplasm newly introduced from Africa for "
"cyeh4","gmachad","2","True","Modeling the transmission dynamics of African swine fever virus within|A CFD-informed barn-level swine disease dissemination model and its us"
"dlrober4","gmachad","1","True","Estimating sampling and laboratory capacity for a simulated African sw"
"hli73","mcricker","1","False","Destabilization of Soil Carbon After Saltwater Intrusion in Coastal Ag"
"leung","lrlarson","2","False","Leave No Trace in the Frontcountry: Assessing Knowledge and Behaviors |Can Citizen Scientists Contribute to Trail Assessment and Monitoring P"
"clpickwo","jldonald","1","False","281 Career Crossroads: Evaluating changes in Animal Science career pla"
"clpickwo","kemckee","1","False","281 Career Crossroads: Evaluating changes in Animal Science career pla"
"clpickwo","msashwel","1","False","281 Career Crossroads: Evaluating changes in Animal Science career pla"
"jldonald","kemckee","1","False","281 Career Crossroads: Evaluating changes in Animal Science career pla"
"jldonald","msashwel","1","False","281 Career Crossroads: Evaluating changes in Animal Science career pla"
"kemckee","msashwel","1","False","281 Career Crossroads: Evaluating changes in Animal Science career pla"
"cheil","rfguerre","1","False","Mixed Outcomes in Recombination Rates After Domestication: Revisiting "
"eghohmei","megruen","1","True","Quantifying placebo and trial participation effects on cognitive outco"
"eghohmei","njolby","1","True","Quantifying placebo and trial participation effects on cognitive outco"
"megruen","njolby","1","False","Quantifying placebo and trial participation effects on cognitive outco"
"ecrisci","gmachad","2","False","Establishment of Immune Biobank for Vaccine Immunogenicity Prediction |Establishment of Immune Biobank for Vaccine Immunogenicity Prediction "
"arwisnet","rrkulkar","1","False","Recombinant Lactococcus lactis-based oral vaccine expressing non-toxic"
"choyo","macowley","1","False","Dietary Iron Supplementation Protects Against Growth Restriction and M"
"ahjhala","dlrober4","1","False","Minding Motivation: The Effect of Intrinsic Motivation on Agent Behavi"
"jbtracy","ygyingli","1","False","Agglomeration of Nanoparticles Inhibits Solvent‐Driven Ligand Strippin"
"cbgorman","jgenzer","2","True","DendriPep Nanocoats: Substrate-Agnostic, Self-Assembling Constructs wi|Functional Hydrogels for Selective Phosphate Removal from Water and Re"
"cbgorman","khan","1","True","DendriPep Nanocoats: Substrate-Agnostic, Self-Assembling Constructs wi"
"cbgorman","mddickey","1","True","DendriPep Nanocoats: Substrate-Agnostic, Self-Assembling Constructs wi"
"cbgorman","smenega","1","True","DendriPep Nanocoats: Substrate-Agnostic, Self-Assembling Constructs wi"
"jgenzer","khan","1","False","DendriPep Nanocoats: Substrate-Agnostic, Self-Assembling Constructs wi"
"jgenzer","mddickey","1","False","DendriPep Nanocoats: Substrate-Agnostic, Self-Assembling Constructs wi"
"jgenzer","smenega","1","False","DendriPep Nanocoats: Substrate-Agnostic, Self-Assembling Constructs wi"
"khan","mddickey","1","False","DendriPep Nanocoats: Substrate-Agnostic, Self-Assembling Constructs wi"
"khan","smenega","1","False","DendriPep Nanocoats: Substrate-Agnostic, Self-Assembling Constructs wi"
"mddickey","smenega","1","False","DendriPep Nanocoats: Substrate-Agnostic, Self-Assembling Constructs wi"
"bjsheaha","lvschnab","1","False","Equine neutrophils selectively release neutrophil extracellular traps "
"bjsheaha","mkpeed","1","False","Equine neutrophils selectively release neutrophil extracellular traps "
"lvschnab","mkpeed","1","False","Equine neutrophils selectively release neutrophil extracellular traps "
"aybozkur","dlrober4","1","False","Early-Stage Sensor Data Fusion Pipeline Exploration Framework for Agri"
"rhernan4","wliu25","1","False","An Improved Method for Agrobacterium-Mediated Genetic Transformation o"
"asanmig","khan","1","False","Pickering Emulsion for Enhanced Viability of Plant Growth Promoting Ba"
"asanmig","nccrook","1","False","Pickering Emulsion for Enhanced Viability of Plant Growth Promoting Ba"
"khan","nccrook","1","False","Pickering Emulsion for Enhanced Viability of Plant Growth Promoting Ba"
"impeszle","jmdavis2","1","True","A critical review of industrial fiber hemp anatomy, agronomic practice"
"impeszle","lalucia","1","False","A critical review of industrial fiber hemp anatomy, agronomic practice"
"impeszle","lpal","1","False","A critical review of industrial fiber hemp anatomy, agronomic practice"
"jmdavis2","lalucia","1","True","A critical review of industrial fiber hemp anatomy, agronomic practice"
"jmdavis2","lpal","1","True","A critical review of industrial fiber hemp anatomy, agronomic practice"
"iguvenc","oozdemi","3","False","Digital Twins and Testbeds for Supporting AI Research with Autonomous |Analysis and Prediction of Coverage and Channel Rank for UAV Networks |A Survey on Detection, Classification, and Tracking of AAVs Using Rada"
"mlsichit","oozdemi","1","False","Digital Twins and Testbeds for Supporting AI Research with Autonomous "
"oozdemi","rdutta","1","False","Digital Twins and Testbeds for Supporting AI Research with Autonomous "
"mmmoore4","zsaki","1","False","A Systematic Literature Review-AI-Enabled Textile Waste Sorting"
"fmartin3","wmrand","1","True","Combating Dark-side of Computing - Exploring Perceptions of AI-augment"
"fmartin3","ycheng20","1","True","Combating Dark-side of Computing - Exploring Perceptions of AI-augment"
"wmrand","ycheng20","1","True","Combating Dark-side of Computing - Exploring Perceptions of AI-augment"
"jaellis5","jdsmit29","1","False","Better Tax Enforcement Moderates Airbnb’s Pressure on Housing Costs"
"asharm66","ysaini","1","False","Airway epithelial cell-specific deletion of EGFR modulates mucoinflamm"
"rcollaz","spavlid","2","False","Experimental Characterization of Impact Ionization and Projection of C|Mg-annealed anode contacts to reduce the on-resistance of GaN pn diode"
"sitar","spavlid","2","False","Experimental Characterization of Impact Ionization and Projection of C|Mg-annealed anode contacts to reduce the on-resistance of GaN pn diode"
"ajplanch","choyo","1","False","Short-chain per- and polyfluoroalkyl substances associate with elevate"
"jabalko","oapetrit","1","False","Intranasal alfaxalone in cockatiels (Nymphicus hollandicus) does not p"
"jabalko","sljone13","1","True","Intranasal alfaxalone in cockatiels (Nymphicus hollandicus) does not p"
"oapetrit","sljone13","1","True","Intranasal alfaxalone in cockatiels (Nymphicus hollandicus) does not p"
"gbuckner","jhu35","1","False","Image-guided embolization using Ta@Ca-Alg microspheres with optimized "
"ljunruh","lxiang3","1","False","Improved two-stage deep learning algorithm and lightweight YOLOv5n for"
"cmwilli5","mwkudeno","3","False","Deployment and analysis of instance segmentation algorithm for in‐fiel|High‐throughput classification and quantification of skinning phenotyp|Knowledge and Opportunities for Managing Plant-Parasitic Nematodes Usi"
"cmwilli5","yencho","1","True","Deployment and analysis of instance segmentation algorithm for in‐fiel"
"mwkudeno","yencho","1","True","Deployment and analysis of instance segmentation algorithm for in‐fiel"
"chwang2","msuh2","1","False","Identifying female body shapes and key measurements using supervised m"
"jcdunne","mwkudeno","6","True","Enhancing peanut pre‐sizing with PodTracker: A multiple pod tracking a|Automated pipeline for leaf spot severity scoring in peanuts using seg|Drone‐based polarization imaging system for leaf spot severity determi"
"aecarso2","mahaider","1","True","Colloidal-Fibrillar Composite Gels Demonstrate Structural Reinforcemen"
"aecarso2","sozawa","1","True","Colloidal-Fibrillar Composite Gels Demonstrate Structural Reinforcemen"
"mahaider","sozawa","1","True","Colloidal-Fibrillar Composite Gels Demonstrate Structural Reinforcemen"
"fakish","muth","1","False","Optical and structural characteristics of AlInN/GaN superlattices with"
"arweave3","clpickwo","3","False","99 Interaction between feed efficiency and infrared thermography in be|192 Awardee Talk: Assessing performance metrics and nutritional intake|Influence of heat stress and fescue toxicosis on the pulmonary arteria"
"arweave3","dhpoole","3","False","99 Interaction between feed efficiency and infrared thermography in be|192 Awardee Talk: Assessing performance metrics and nutritional intake|Influence of heat stress and fescue toxicosis on the pulmonary arteria"
"arweave3","smleona4","1","False","99 Interaction between feed efficiency and infrared thermography in be"
"clpickwo","dhpoole","3","False","99 Interaction between feed efficiency and infrared thermography in be|192 Awardee Talk: Assessing performance metrics and nutritional intake|Influence of heat stress and fescue toxicosis on the pulmonary arteria"
"clpickwo","smleona4","1","False","99 Interaction between feed efficiency and infrared thermography in be"
"dhpoole","smleona4","1","False","99 Interaction between feed efficiency and infrared thermography in be"
"cboi","rgcarbon","1","False","High-capacity nonwoven increases productivity of mAb purification in a"
"cboi","smenega","1","False","High-capacity nonwoven increases productivity of mAb purification in a"
"rgcarbon","smenega","2","False","High-capacity nonwoven increases productivity of mAb purification in a|P. pastoris (K. phaffi) perfusion processes: evaluation of cell retent"
"mddickey","qwei3","1","False","Shape and size-dependent surface plasmonic resonances of liquid metal "
"kwwegman","laowen2","1","False","The characteristics and timing of multiphase major landslides along th"
"cmaltec","jodle","1","False","Maternal Supplementation of Dietary Choline and DHA During Gestational"
"cmaltec","xilin","1","False","Maternal Supplementation of Dietary Choline and DHA During Gestational"
"cmaltec","xwang97","1","False","Maternal Supplementation of Dietary Choline and DHA During Gestational"
"jodle","xwang97","1","False","Maternal Supplementation of Dietary Choline and DHA During Gestational"
"xilin","xwang97","1","False","Maternal Supplementation of Dietary Choline and DHA During Gestational"
"cmtherio","mkleine","2","True","Dietary protein source alters gut microbiota composition and function|Large Quantities of Bacterial DNA and Protein in Common Dietary Protei"
"alwoodle","dhsuchof","1","False","Polyhalite as an alternative potassium fertilizer for sweetpotatoes"
"alwoodle","lcolpog","1","False","Polyhalite as an alternative potassium fertilizer for sweetpotatoes"
"dhsuchof","lcolpog","1","False","Polyhalite as an alternative potassium fertilizer for sweetpotatoes"
"ahajbab","rasdorf","3","False","Traffic Operations Analysis of Seven New Alternative Intersections wit|Introducing Two New Versions of Continuous Flow and Median U-Turn Comb|Performance Effects of the New Displaced Left Turn and Median U-Turn C"
"jjpawlak","richardv","4","False","Coating Formulations Based on Carbon Black: An Alternative to Develop |Biodegradation Behavior of Neat <scp>PLA</scp> Fibers Under Controlled|Cellulose Carbamate Synthesis and Dissolution from Wheat Straw: Influe"
"klan2","richardv","2","False","Environmental life cycle assessment of renewable starch alternative pl|Sustainable production of xylo-oligosaccharides: A comparative environ"
"richardv","spark","3","False","Environmental life cycle assessment of renewable starch alternative pl|Sustainable production of xylo-oligosaccharides: A comparative environ|Fractionation by classification as a prerequisite to the purification "
"evheugte","msharar","1","False","34 Use of recycled ash from swine waste as a potential alternative die"
"evheugte","rdmalhei","1","False","34 Use of recycled ash from swine waste as a potential alternative die"
"msharar","rdmalhei","1","False","34 Use of recycled ash from swine waste as a potential alternative die"
"drpanthe","fjlouws","1","False","Genome assembly and comparative analysis of Alternaria linariae reveal"
"dljorda2","kmjennin","1","False","Crop rotation and herbicide program effects on Palmer amaranth and com"
"dljorda2","rleon","1","False","Crop rotation and herbicide program effects on Palmer amaranth and com"
"kmjennin","rleon","1","False","Crop rotation and herbicide program effects on Palmer amaranth and com"
"alietz","flaggne","4","False","AMAROK: A Novel Single-Turn Multi-Coil Antenna Demonstration Setup for|Design and Engineering of LUPIN: A Test-Bed Radio-Frequency Ion Source|Production- and Transport-Limited Fluxes in Inductively Coupled Ion So"
"mhreiski","rwkays","1","True","Environmental correlates and fine-scale distribution of Amblyomma amer"
"jwalgenb","smvillan","1","False","Exotic ambrosia beetles and phytopathogenic fungi associated with rapi"
"jabalko","rebaynes","1","False","Pharmacokinetics of a single dose of flunixin transdermal formulation "
"bgilger","jmgluck","1","True","Tri-Layer Decellularized, Dehydrated Amniotic Membrane Supports Prolif"
"clanzas","sthakur","1","False","Risk factors for fluoroquinolone- and macrolide-resistance among swine"
"amlocke2","twgannon","1","False","Atrazine sensitivity varies among soybean cultivars"
"aakedrow","kemccool","1","False","A cross‐sectional study of conflict‐handling modes among first‐year ve"
"apullin","askiess","3","False","The influence of genetic strain on production and egg quality amongst |The influence of genetic strain on fear and anxiety responses of layin|Research note: Stress responses in different genetic strains of laying"
"apullin","kanderso","3","False","The influence of genetic strain on production and egg quality amongst |The influence of genetic strain on fear and anxiety responses of layin|Research note: Stress responses in different genetic strains of laying"
"askiess","kanderso","3","False","The influence of genetic strain on production and egg quality amongst |The influence of genetic strain on fear and anxiety responses of layin|Research note: Stress responses in different genetic strains of laying"
"desaloni","lalucia","1","False","Pulp &amp; Paper Manufacturing: The best kept secret on the global sus"
"jcheng3","pkolar","1","False","Impacts of Municipal and Industrial Organic Waste Components on the Ki"
"jcheng3","wjsagues","2","False","Impacts of Municipal and Industrial Organic Waste Components on the Ki|Kinetic Modeling of Thermophilic Anaerobic Digestion of Lemnaceae for "
"pkolar","wjsagues","1","False","Impacts of Municipal and Industrial Organic Waste Components on the Ki"
"jcheng3","rsartor","1","False","Kinetic Modeling of Thermophilic Anaerobic Digestion of Lemnaceae for "
"rsartor","wjsagues","1","False","Kinetic Modeling of Thermophilic Anaerobic Digestion of Lemnaceae for "
"hroessn","kmvarner","1","False","Cardiopulmonary resuscitation in anaesthetised foals"
"xpeng5","xwang97","1","True","Uterine histotroph and conceptus development. V. Comparative analyses "
"kdange","strived","1","False","Domestic Quarter Horse (Equus caballus) Milk Macronutrient Composition"
"gefernan","pmperkin","3","False","Multi-Omics analyses reveal dynamic interactions between DNA methylati|Anthocyanin Content and Profiles of Strawberry Fruit from North Caroli|Strawberry Germplasm Influences Fruit Physicochemical Composition More"
"thsieh3","xli24","1","False","Multi-Omics analyses reveal dynamic interactions between DNA methylati"
"jhou8","knivanov","1","False","Development and application of two-step uncertainty propagation and se"
"knivanov","xwu27","2","False","Sensitivity and uncertainty analysis in pebble-bed reactors: A study u|Uncertainty Quantification for Data-Driven Machine Learning Models in "
"mnavramo","xwu27","1","False","Sensitivity and uncertainty analysis in pebble-bed reactors: A study u"
"awmeade","sbcraig","1","False","Motivation to engage in counterproductive work behaviour: an expectanc"
"fldelosr","jducoste","1","False","Enhancing microalgae cell inactivation through hydrodynamic cavitation"
"cdelgad","cflynch","3","True","Analysis of two pedagogical approaches to foster discipline integratio|A scaffolding model for designing and implementing work-integrated lea|Analyzing the functioning of a graduate engineering class with multipl"
"cdelgad","khan6","3","True","Analysis of two pedagogical approaches to foster discipline integratio|A scaffolding model for designing and implementing work-integrated lea|Analyzing the functioning of a graduate engineering class with multipl"
"cflynch","khan6","3","False","Analysis of two pedagogical approaches to foster discipline integratio|A scaffolding model for designing and implementing work-integrated lea|Analyzing the functioning of a graduate engineering class with multipl"
"agorny","ejlobato","1","True","Machine Learning Techniques for Nematode Microscopic Image Analysis: A"
"agulyuk","chhaigle","1","True","Computer Vision Pipeline for Image Analysis for Freeze‐Fracture Electr"
"agulyuk","ygyingli","2","False","Computer Vision Pipeline for Image Analysis for Freeze‐Fracture Electr|Data integration and data fusion approaches in self-driving labs: A pe"
"mgilman","stsynkov","2","False","Comparative Analysis of Performance for Optimization‐Based Transionosp|Statistical Analysis of Performance of Optimisation‐Based SAR Autofocu"
"bwhipker","hchen57","2","False","Generating Gerbera Foliar Nutrient Interpretation Ranges with a Meta-a|A Data-driven Approach to Generating Foliar Nutrient Interpretation Ra"
"atbliksl","gpcruse","1","False","Comparison of histochemical methods for the analysis of eosinophils an"
"mrahe","psitthi","1","False","T cell-mediated clearance of porcine reproductive and respiratory synd"
"mchen33","tfang2","2","False","Experimental and Numerical Analysis of a Toroidal Propeller|Experimental and Numerical Study of a UAV Propeller Printed in Clear R"
"agopalar","cyeh4","1","False","Discrete vortex-based broadcast mode analysis for mitigation of dynami"
"bjreich","emschlie","1","False","Spatiotemporal Analysis of Land Surface Plant Phenology"
"bjreich","jmgray2","1","True","Spatiotemporal Analysis of Land Surface Plant Phenology"
"emschlie","jmgray2","1","True","Spatiotemporal Analysis of Land Surface Plant Phenology"
"amgrunde","nccrook","1","True","Techno-economic analysis of industrial-scale fermentation for formate "
"amgrunde","wjsagues","1","False","Techno-economic analysis of industrial-scale fermentation for formate "
"nccrook","sisalmon","1","True","Techno-economic analysis of industrial-scale fermentation for formate "
"nccrook","wjsagues","1","True","Techno-economic analysis of industrial-scale fermentation for formate "
"sisalmon","wjsagues","1","True","Techno-economic analysis of industrial-scale fermentation for formate "
"jwore","ktstolee","1","False","Analyzing the dependability of Large Language Models for code clone ge"
"aoh","bgilger","1","False","Retrospective Assessment of Carbonic Anhydrase Inhibitors in Topical o"
"gmachad","mpairis","1","False","Sampling size methodologies used in pig welfare audits underestimate a"
"jhu3","wplace","1","False","A simple yet powerful dimensionality reduction method for annual dayli"
"ekyoungs","sorenson","2","False","Too cold to handle: Climatic constraints on arboreal ants in temperate|Urbanization strengthens vertical stratification of ant nutrient prefe"
"cmtherio","rbarran","1","True","Differential modulation of post-antibiotic colonization resistance to "
"dxlascel","njolby","1","False","Global pharmacovigilance reporting of the first monoclonal antibody fo"
"barachun","bmmcconn","1","False","Anticipating Household Rescue Demand in Hurricanes Using Socio-Demogra"
"barachun","fjliving","1","False","Anticipating Household Rescue Demand in Hurricanes Using Socio-Demogra"
"bmmcconn","fjliving","1","False","Anticipating Household Rescue Demand in Hurricanes Using Socio-Demogra"
"bgilger","kstapel","2","True","Cold atmospheric plasma improves antifungal responsiveness of Aspergil|Geometric Impact of Volume Dielectric Barrier Discharge Electrodes on "
"bgilger","macubeta","1","True","Cold atmospheric plasma improves antifungal responsiveness of Aspergil"
"kstapel","macubeta","1","True","Cold atmospheric plasma improves antifungal responsiveness of Aspergil"
"anveleva","fscholl","1","True","Photosensitizer-conjugated lignin nanoparticles for photodynamic antim"
"anveleva","odvelev","1","False","Photosensitizer-conjugated lignin nanoparticles for photodynamic antim"
"anveleva","raghilad","1","True","Photosensitizer-conjugated lignin nanoparticles for photodynamic antim"
"fscholl","odvelev","1","True","Photosensitizer-conjugated lignin nanoparticles for photodynamic antim"
"fscholl","raghilad","2","False","Photosensitizer-conjugated lignin nanoparticles for photodynamic antim|InP-Based Quantum Dots as Photosensitizers in Photodynamic Antimicrobi"
"odvelev","raghilad","1","True","Photosensitizer-conjugated lignin nanoparticles for photodynamic antim"
"cbgorman","fscholl","1","False","InP-Based Quantum Dots as Photosensitizers in Photodynamic Antimicrobi"
"cbgorman","johata","1","False","InP-Based Quantum Dots as Photosensitizers in Photodynamic Antimicrobi"
"cbgorman","raghilad","1","False","InP-Based Quantum Dots as Photosensitizers in Photodynamic Antimicrobi"
"fscholl","johata","1","False","InP-Based Quantum Dots as Photosensitizers in Photodynamic Antimicrobi"
"johata","raghilad","1","False","InP-Based Quantum Dots as Photosensitizers in Photodynamic Antimicrobi"
"skim22","xilin","2","False","Functional Requirement of Niacinamide for Blood Profiles, Antioxidant |Functional Requirements of Niacinamide for Intestinal Health and Growt"
"dazaharo","dmmerite","1","True","An injectable hydrogel enhances intratumoral retention and antitumor e"
"desaloni","jjpawlak","1","False","Comparing the impacts of wood and APMP non-wood fibers on the properti"
"desaloni","rwgonzal","1","False","Comparing the impacts of wood and APMP non-wood fibers on the properti"
"jjpawlak","rwgonzal","2","False","Comparing the impacts of wood and APMP non-wood fibers on the properti|Cellulose Carbamate Synthesis and Dissolution from Wheat Straw: Influe"
"cfcastro","nnelson4","1","False","Simulating fluvial sediment pulses using remote sensing and machine le"
"cmwilli5","dsjones5","3","True","In-season yield forecasting using multitemporal remote sensing environ|High‐throughput classification and quantification of skinning phenotyp|Knowledge and Opportunities for Managing Plant-Parasitic Nematodes Usi"
"cmwilli5","nnelson4","1","True","In-season yield forecasting using multitemporal remote sensing environ"
"dsjones5","nnelson4","1","False","In-season yield forecasting using multitemporal remote sensing environ"
"gvalacc","mlila","1","False","Berry Fruit Extracts as Topical Cosmeceuticals for Skin Health Applica"
"jlburne5","jmpolla3","1","True","Loneliness Mindsets: A New Measurement Approach and Implications for P"
"cbcoope3","jegoodwi","1","True","Fun Surveys? Developing an Innovative Approach to Assessing Learning T"
"cbcoope3","lrlarson","1","False","Fun Surveys? Developing an Innovative Approach to Assessing Learning T"
"jegoodwi","lrlarson","1","True","Fun Surveys? Developing an Innovative Approach to Assessing Learning T"
"amlocke2","ejlobato","1","True","A Multiple Instance Learning Approach to Study Leaf Wilt in Soybean Pl"
"amlocke2","screberg","1","False","A Multiple Instance Learning Approach to Study Leaf Wilt in Soybean Pl"
"ejlobato","screberg","1","True","A Multiple Instance Learning Approach to Study Leaf Wilt in Soybean Pl"
"rbhandfi","tcaner","1","False","Supply Management Criteria to Reassess if Suppliers Are Strategic: An "
"agupta1","ntdinh","1","False","False sensor-data detection strategy for post-hazard condition monitor"
"forestry","mnpeters","1","False","Future Water Yield Projections Under Climate Change Using Optimized an"
"ccgoller","eamckenn","1","True","Approaches to Open Pedagogy: A Guide for Practitioners"
"sesmith5","tbdimitr","2","False","Relationships Between Computing Students' Characteristics, Help-Seekin|Student Perceptions of the Help Resource Landscape"
"gbyrd","paulf","1","False","Q2SV: A High‐Level Synthesis Approach for State Vector Quantum Simulat"
"atstepan","jmalonso","5","False","Arabidopsis lines with modified ascorbate concentrations reveal a link|Development of Modular Geminivirus‐Based Vectors for High Cargo Expres|DASH: A versatile and high-capacity gene stacking system for plant syn"
"kgarcia2","raatwell","2","False","The external potassium availability determines the effect of the arbus|Nodulation Is Maintained and Salinity Tolerance Enhanced in Two Soybea"
"kdgriege","nnelson4","1","False","Surface waters in socially vulnerable areas are disproportionately und"
"elseekam","mbedward","1","False","Assessing Pandemic Impacts to Collaborative Management in Parks and Pr"
"jastern","njolby","1","False","Familial Narcolepsy in Dogo Argentino Dogs Is Caused by a Tandem Dupli"
"jlhaller","rebaynes","2","False","Pharmacokinetics of Intravenous and Transdermal Flunixin Meglumine in |Investigating the Pharmacokinetics and Efficacy of Intramammary Ceftio"
"bmmcconn","hsheese","1","True","Evaluating the implementation of operational readiness and maintenance"
"arweave3","mhpoore","2","False","114 Botanical composition varies in solar array grazed with sheep|70 Solar grazing schools create opportunity for sheep production in so"
"blhughes","jjadams2","1","False","Limits in Spectral Efficiency From Array Geometry"
"jkmattin","rsmith","1","True","Localization of Stationary and Moving Radiation Sources Using a Feedfo"
"jkmattin","mpgreen2","1","True","Evidence of Coherent Elastic Neutrino-Nucleus Scattering with COHERENT"
"lsgoodel","vgcarraw","3","False","A Food-Based Science, Technology, Engineering, Arts, and Mathematics L|Building professional learning communities in head start: a mixed meth|More PEAS Please! Process Evaluation of a STEAM Program Designed to Pr"
"arweave3","dmfoster","1","True","Influence of heat stress and fescue toxicosis on the pulmonary arteria"
"clpickwo","dmfoster","1","True","Influence of heat stress and fescue toxicosis on the pulmonary arteria"
"dhpoole","dmfoster","1","True","Influence of heat stress and fescue toxicosis on the pulmonary arteria"
"aecarso2","lvschnab","1","True","Noninvasive Fibrin Targeting Colloid‐Mediated Intra‐Articular Repair"
"aecarso2","mbfisher","1","False","Noninvasive Fibrin Targeting Colloid‐Mediated Intra‐Articular Repair"
"lvschnab","mbfisher","1","True","Noninvasive Fibrin Targeting Colloid‐Mediated Intra‐Articular Repair"
"dxu27","yliu322","1","False","Generative Artificial Intelligence Models for Emerging Communication S"
"terteme","ycheng20","1","False","A Review of Artificial Intelligence Research in Peer-Reviewed Communic"
"jhharri4","vdublje","1","False","Navigating the Ethics of Artificial Intelligence"
"hubbe","pflaleic","2","False","Chemical and mechanistic aspects of wood finishing: A review encompass|Outdoor wood finishing: A review on making wood resistant to moisture,"
"bsunderw","mnguddat","1","False","Surface wave based characterisation of inverted and conventional aspha"
"bsunderw","kim","2","False","Prediction of rut depth in asphalt pavement sections using permanent d|Development of Precision Statements for the Asphalt Mixture Performanc"
"bsunderw","cahintz","1","False","Development of Precision Statements for the Asphalt Mixture Performanc"
"cahintz","kim","1","False","Development of Precision Statements for the Asphalt Mixture Performanc"
"aavilac","kgarcia2","2","False","Establishment of a rapid split-root assay in hydroponic conditions for|Nodulation Is Maintained and Salinity Tolerance Enhanced in Two Soybea"
"cdelgad","kbchen2","1","True","Measuring Size and Scale: The Development and Validation of the Assess"
"cdelgad","mopeters","1","True","Measuring Size and Scale: The Development and Validation of the Assess"
"kbchen2","mopeters","1","True","Measuring Size and Scale: The Development and Validation of the Assess"
"bakram","tbdimitr","1","False","Can two emails improve students’ persistence in computing? Evaluating "
"bakram","tmbarnes","1","False","Can two emails improve students’ persistence in computing? Evaluating "
"bakram","twprice","1","False","Can two emails improve students’ persistence in computing? Evaluating "
"tbdimitr","tmbarnes","1","False","Can two emails improve students’ persistence in computing? Evaluating "
"tbdimitr","twprice","1","False","Can two emails improve students’ persistence in computing? Evaluating "
"tmbarnes","twprice","1","False","Can two emails improve students’ persistence in computing? Evaluating "
"richardv","rwgonzal","3","False","Comparative life cycle assessment of bamboo-containing and wood-based |Moving toward fiber-based products free of PFAS: Industry response to |Cellulose Carbamate Synthesis and Dissolution from Wheat Straw: Influe"
"cflynch","sesmith5","2","False","Comparing Students' and Teachers' Assessments of Office Hours|EclipseMonitor: A Real-Time Student Programming Environment Data Colle"
"avchoulj","bjreadin","2","False","Utilization of Fish Meal and Fish Oil from Smoked Salmon By-Products i|Effect of Pilot-Scale Decanter Centrifuge Processing Parameters on the"
"avchoulj","mvjoseph","2","False","Utilization of Fish Meal and Fish Oil from Smoked Salmon By-Products i|Effect of Pilot-Scale Decanter Centrifuge Processing Parameters on the"
"avchoulj","shall5","2","False","Utilization of Fish Meal and Fish Oil from Smoked Salmon By-Products i|Effect of Pilot-Scale Decanter Centrifuge Processing Parameters on the"
"bjreadin","mvjoseph","2","False","Utilization of Fish Meal and Fish Oil from Smoked Salmon By-Products i|Effect of Pilot-Scale Decanter Centrifuge Processing Parameters on the"
"bjreadin","shall5","2","False","Utilization of Fish Meal and Fish Oil from Smoked Salmon By-Products i|Effect of Pilot-Scale Decanter Centrifuge Processing Parameters on the"
"mvjoseph","shall5","2","False","Utilization of Fish Meal and Fish Oil from Smoked Salmon By-Products i|Effect of Pilot-Scale Decanter Centrifuge Processing Parameters on the"
"ddreisig","zsbrown2","1","False","Assessing market failures driving pesticide resistance"
"amlynch3","dxlascel","1","False","Tailoring treatment: dog breed status influences pain assessment and t"
"mtulbure","sarumug","1","True","Assessing the cumulative impact of on-farm reservoirs on modeled surfa"
"btoconno","jyin8","1","False","Examining the Mechanics of Polyester Coatings to Assess the Opportunit"
"btoconno","yzhu7","2","False","Examining the Mechanics of Polyester Coatings to Assess the Opportunit|Ecofriendly Printing of Silver Nanowires with Cellulose Binder for Hig"
"jyin8","yzhu7","1","False","Examining the Mechanics of Polyester Coatings to Assess the Opportunit"
"jkuzma","kdgriege","2","True","Environmental assessment and regulatory oversight of genetically engin|Beyond the Hype: Stakeholder Perceptions of Nanotechnology and Genetic"
"jkuzma","rbarran","1","True","Environmental assessment and regulatory oversight of genetically engin"
"kdgriege","rbarran","1","False","Environmental assessment and regulatory oversight of genetically engin"
"msmorril","tsmorril","1","False","The attraction of magnet schools: Evidence from embedded lotteries in "
"msmorril","udur","1","False","The attraction of magnet schools: Evidence from embedded lotteries in "
"tsmorril","udur","1","False","The attraction of magnet schools: Evidence from embedded lotteries in "
"ahajbab","lhajiba","2","False","Integrated column generation for volunteer-based delivery assignment a|Real‐time network‐level traffic signal and trajectory optimization wit"
"mhlittle","tadrake","2","False","Is Second Grade a Zone of Instructional Development for Teachers? Reth|Case for Closing Superintendent Gender Gap: Pre-K Commitment"
"nsharm23","xjiang5","2","False","Wearable Ultrasound Sensing for Muscle Intent Interpretation in Exoske|Ultrasound-Enhanced Data-Driven Modeling for Characterizing Natural Wr"
"dcmuddim","raghilad","1","False","Native mass spectrometry enabled by infrared matrix-assisted laser des"
"aaiyyer","sarumug","1","True","Understanding the organizing scales of winter flood hydroclimatology a"
"lmgonza4","rlbayles","1","False","Endothelial glycocalyx damage is associated with small intestinal dise"
"ebardak","jahipp","1","True","Associations between private and public green space and housing prices"
"ebardak","jvukoma","1","True","Associations between private and public green space and housing prices"
"ebardak","lrlarson","1","True","Associations between private and public green space and housing prices"
"jahipp","jvukoma","1","False","Associations between private and public green space and housing prices"
"jahipp","lrlarson","1","False","Associations between private and public green space and housing prices"
"jvukoma","lrlarson","1","False","Associations between private and public green space and housing prices"
"cmroland","sagui","1","False","Comparative Study of the Bending Free Energies of C- and G-Based DNA: "
"ddreisig","gkennedy","3","False","Differential stink bug pyrethroid sensitivity associated with landscap|Stink bug species composition and risk of economic damage in the south|Validation of phenology models for <i>Halyomorpha halys</i> (Hemiptera"
"amlocke2","rsozzan","1","False","Large-scale comparative wheat phosphoproteome profiling reveals temper"
"jpmather","mckulkar","1","False","A continuous associahedron of type A"
"jwb","zguo32","1","False","Soteria: A Formal Digital-Twin-Enabled Framework for Safety-Assurance "
"ryu5","zguo32","1","False","Soteria: A Formal Digital-Twin-Enabled Framework for Safety-Assurance "
"kbadler","mkpeed","1","False","MARCKS protein is a potential target in a naturally occurring equine m"
"ejgruber","klhepwor","1","False","A Portable Fluorometer Detects Significantly Elevated Cell-Free DNA in"
"ejgruber","mkpeed","1","False","A Portable Fluorometer Detects Significantly Elevated Cell-Free DNA in"
"ejgruber","rlbayles","1","False","A Portable Fluorometer Detects Significantly Elevated Cell-Free DNA in"
"klhepwor","mkpeed","1","False","A Portable Fluorometer Detects Significantly Elevated Cell-Free DNA in"
"klhepwor","rlbayles","1","False","A Portable Fluorometer Detects Significantly Elevated Cell-Free DNA in"
"mkpeed","rlbayles","1","False","A Portable Fluorometer Detects Significantly Elevated Cell-Free DNA in"
"jwilli27","sghosh2","1","False","Conformal prediction for astronomy data with measurement error"
"bwbeeler","kstapel","1","False","Imaging solvated oxygen atoms with a femtosecond laser"
"dcmuddim","ejakubi","1","False","Mechanistic Insights into Visible-Light-Induced ATRA Reactions Powered"
"dcmuddim","fncastel","1","False","Mechanistic Insights into Visible-Light-Induced ATRA Reactions Powered"
"lawilli3","tjmenzie","1","False","Mining temporal attack patterns from cyberthreat intelligence reports"
"hchen57","mjknuth","1","False","Backyard Biophilia: A Survey Instrument to Measure an Attraction to Bi"
"hhuang11","jfeng2","1","True","Evaluating Cognitive Workload With the Auditory Stroop Task While Usin"
"hhuang11","mliu10","3","False","Evaluating Cognitive Workload With the Auditory Stroop Task While Usin|Evaluation on Human Perception of Various Vibrotactile Encoding Method|Enhancing Robot Transparency in Human–Robot Prosthesis Interaction to "
"jfeng2","mliu10","1","True","Evaluating Cognitive Workload With the Auditory Stroop Task While Usin"
"eekrupa","randers6","1","False","Designing to transform: High school students’ reasoning with geometric"
"aaysu","mthuo","1","False","Timed Physical Password or Authentication Keys"
"aybozkur","menomot","1","True","Toward Automated Pain Evaluation in Osteoarthritic Dogs Through Inerti"
"lacraig","rclark","1","False","Automatic Enrollment in Public Supplemental Retirement Plans"
"gflist","vdublje","1","True","Media representation of ethical and social issues inherent in autonomo"
"dxu27","pgao5","1","False","Non-Overlap-Aware Egocentric Pose Estimation for Collaborative Percept"
"dzbaron","hzhou","1","False","Q-Cluster: Quantum Error Mitigation Through Noise-Aware Unsupervised L"
"jkpacifi","jwdoser","1","False","Discussion on “Continuous-space occupancy models” by Wilson J. Wright "
"rlbayles","ysaini","1","False","Optimizing Neutrophil Recruitment to Tackle Bacterial Infections"
"bjsheaha","slvaden","1","False","Canine urothelial cell model to study intracellular bacterial communit"
"mkleine","nccrook","1","True","Differential proteomics of bacteria grown <i>in vitro</i> and <i>in pl"
"glmille3","wshi3","1","False","Foot traffic on turf primarily shaped the endophytic bacteriome of the"
"mrhyman","pdswartz","1","False","Characterization of an isobutylene epoxide hydrolase (IbcK) from the i"
"mrhyman","rbrose2","1","False","Characterization of an isobutylene epoxide hydrolase (IbcK) from the i"
"pdswartz","rbrose2","1","False","Characterization of an isobutylene epoxide hydrolase (IbcK) from the i"
"jcdietri","lgtateos","1","True","Ranges of Peak Storm Tides Between Open‐Coast and Bay Locations"
"coby","ddreisig","1","False","Visual cues enhance effectiveness of pheromone-baited traps for the co"
"hmitaso","mlardons","1","True","Carbon estimation of old-growth bald cypress knees using mobile LiDAR"
"fncastel","mabolha","2","True","Photo‐Induced Bandgap Engineering of Metal Halide Perovskite Quantum D|Programmable Light-Driven Color Tuning of Perovskite Quantum Dots"
"dsun4","jliu38","3","True","Chiral Phonon-Induced Spin Transport via Microscopic Barnett Effect|Quantification of chirality using continuous chirality measure (CCM): |Determination of orbital relaxation in Ti/Ni heterostructure via orbit"
"jbearp","rbhandfi","1","False","Reducing cybersecurity vulnerabilities in the supply base: Insights fr"
"mchi","memayorg","1","False","Predicting patient enrollment in a telephone-based principal care mana"
"closburn","mlardons","1","True","See Salt: Recommendations for engaging oyster growers in community-bas"
"closburn","nnelson4","1","True","See Salt: Recommendations for engaging oyster growers in community-bas"
"closburn","tbenhor","1","True","See Salt: Recommendations for engaging oyster growers in community-bas"
"closburn","wgknolle","1","True","See Salt: Recommendations for engaging oyster growers in community-bas"
"mlardons","nnelson4","1","True","See Salt: Recommendations for engaging oyster growers in community-bas"
"mlardons","tbenhor","1","True","See Salt: Recommendations for engaging oyster growers in community-bas"
"mlardons","wgknolle","1","False","See Salt: Recommendations for engaging oyster growers in community-bas"
"nnelson4","tbenhor","1","True","See Salt: Recommendations for engaging oyster growers in community-bas"
"nnelson4","wgknolle","1","True","See Salt: Recommendations for engaging oyster growers in community-bas"
"tbenhor","wgknolle","1","True","See Salt: Recommendations for engaging oyster growers in community-bas"
"atstepan","jtascenc","1","False","Development of Modular Geminivirus‐Based Vectors for High Cargo Expres"
"atstepan","lkhanley","1","False","Development of Modular Geminivirus‐Based Vectors for High Cargo Expres"
"jmalonso","jtascenc","1","False","Development of Modular Geminivirus‐Based Vectors for High Cargo Expres"
"jmalonso","lkhanley","1","False","Development of Modular Geminivirus‐Based Vectors for High Cargo Expres"
"qwei3","thsieh3","1","True","Non‐destructive seed genotyping via microneedle‐based <scp>DNA</scp> e"
"fisik","jjacosta","1","False","Genome-wide SNP-based relationships improve genetic parameter estimate"
"odvelev","yzhu7","1","False","Biodegradable Chitosan-Based Stretchable Electronics with Recyclable S"
"jjiang26","mtknauer","1","False","Genetic parameters for image-based estimations of swine feet and leg c"
"jjiang26","smleona4","1","False","Genetic parameters for image-based estimations of swine feet and leg c"
"mtknauer","smleona4","1","False","Genetic parameters for image-based estimations of swine feet and leg c"
"aamassi","hwade","2","True","Low‐Cost, High‐Efficiency Organic Solar Cells Based on Ecofriendly Pro|Two‐Stage Bipolaron Formation in Molecularly Doped Conjugated Polymers"
"ryu5","yliu322","1","False","Rank-Based Modeling for Universal Packets Compression in Multi-Modal C"
"eatorre3","llopezq","1","False","UAS-Based Spectral and Phenological Modeling for Sustainable Mechaniza"
"apullin","ncnelso2","1","True","Tool-based euthanasia methods for broiler chicks: Evaluating welfare o"
"apullin","rcrespo","1","True","Tool-based euthanasia methods for broiler chicks: Evaluating welfare o"
"ncnelso2","rcrespo","1","False","Tool-based euthanasia methods for broiler chicks: Evaluating welfare o"
"hlee33","yxu11","1","False","Value-Based Segmentation of Young Luxury Consumers in Fashion Non-Fung"
"bjreadin","gcope","1","False","Evaluation of Pondside Tank Rearing Systems for Juvenile Striped Bass "
"bjreadin","nrmamooz","1","False","Evaluation of Pondside Tank Rearing Systems for Juvenile Striped Bass "
"bjreadin","rjb","1","True","Evaluation of Pondside Tank Rearing Systems for Juvenile Striped Bass "
"gcope","nrmamooz","1","False","Evaluation of Pondside Tank Rearing Systems for Juvenile Striped Bass "
"gcope","rjb","1","True","Evaluation of Pondside Tank Rearing Systems for Juvenile Striped Bass "
"nrmamooz","rjb","1","True","Evaluation of Pondside Tank Rearing Systems for Juvenile Striped Bass "
"fedkiw","odvelev","2","False","A Contiguous Interlayer/Separator System to Enable Low-Capacity Fade L|High-Mass-Loading Sulfur Cathodes via Soft Dendritic Colloid Networks "
"bjreich","mahaider","1","False","Bayesian inference informed by parameter subset selection for a minima"
"bjreich","rsmith","1","False","Bayesian inference informed by parameter subset selection for a minima"
"mahaider","rsmith","1","False","Bayesian inference informed by parameter subset selection for a minima"
"alietz","scshanno","2","False","Design and Engineering of LUPIN: A Test-Bed Radio-Frequency Ion Source|Design and Study of Inductively Coupled Plasma Chamber Components Usin"
"flaggne","scshanno","2","False","Design and Engineering of LUPIN: A Test-Bed Radio-Frequency Ion Source|Design and Study of Inductively Coupled Plasma Chamber Components Usin"
"dmmerite","mhenrik","1","False","An Ocular Manifestation of a Systemic Disease With <i>Encephalitozoon "
"dmmerite","sozawa","1","False","An Ocular Manifestation of a Systemic Disease With <i>Encephalitozoon "
"mhenrik","sozawa","1","False","An Ocular Manifestation of a Systemic Disease With <i>Encephalitozoon "
"cdrock","dkaoumi","1","False","Chemistry effects on ODS steel consolidated via laser powder bed fusio"
"cdrock","tjhorn","1","False","Chemistry effects on ODS steel consolidated via laser powder bed fusio"
"dkaoumi","tjhorn","2","False","Chemistry effects on ODS steel consolidated via laser powder bed fusio|Variations in GARS powder microstructure as a function of powder chemi"
"bjreich","jkpacifi","1","True","Host Environment, Genetics, and Behaviors That Contribute to Nontuberc"
"lxiang3","smleona4","1","False","201 Evaluating the impact of thermal conditions on behavior in feeder "
"kcmarsde","swkullma","1","False","Early disruptions in vitamin D receptor signaling induces persistent d"
"bmritte2","dpellet","1","False","Retirement Benefit Distributions for California Educators"
"bmritte2","rclark","1","False","Retirement Benefit Distributions for California Educators"
"dpellet","rclark","1","False","Retirement Benefit Distributions for California Educators"
"godwin","mbreiski","1","False","Gonadal Transcriptome Differences Between the Sexes in Wild Caught Sou"
"godwin","rfguerre","1","False","Gonadal Transcriptome Differences Between the Sexes in Wild Caught Sou"
"godwin","rjb","1","False","Gonadal Transcriptome Differences Between the Sexes in Wild Caught Sou"
"mbreiski","rfguerre","1","False","Gonadal Transcriptome Differences Between the Sexes in Wild Caught Sou"
"mbreiski","rjb","1","False","Gonadal Transcriptome Differences Between the Sexes in Wild Caught Sou"
"rfguerre","rjb","1","False","Gonadal Transcriptome Differences Between the Sexes in Wild Caught Sou"
"arescobe","cpatton4","1","True","Whose Wisdom? Human Biases for Decision Support System Source and Scal"
"btoconno","jdong","1","False","Ecofriendly Printing of Silver Nanowires with Cellulose Binder for Hig"
"jdong","yzhu7","1","False","Ecofriendly Printing of Silver Nanowires with Cellulose Binder for Hig"
"spark","wjsagues","3","True","Low-Temperature Processing of Pyrolysis Bio-Oil for Sustainable Biogra|Biogenic carbon capture at pulp mills via sodium spiking and oxy-fuel |Sustainable Graphite and Jet Fuel from Biorefinery Residue"
"galewbar","oapetrit","1","False","PRELIMINARY HEMATOLOGY AND BIOCHEMISTRY REFERENCE INTERVALS IN JUVENIL"
"ccgoller","sklambet","2","False","Charting a new vision: lessons on
            <i>Vision & Change
     |Examining the influence of
            <i>Vision and Change
          "
"cjdohert","iperera","1","False","Expanding frontiers: harnessing plant biology for space exploration an"
"celeprev","gcope","1","False","Finding the pulse of healthy native freshwater mussels (order Unionida"
"fli5","hubbe","1","True","The emerging role of biomass in complementing a renewable energy portf"
"hubbe","spark","2","False","The emerging role of biomass in complementing a renewable energy portf|Fractionation by classification as a prerequisite to the purification "
"enford","jjpawlak","1","True","Cellulose Carbamate Synthesis and Dissolution from Wheat Straw: Influe"
"enford","richardv","1","True","Cellulose Carbamate Synthesis and Dissolution from Wheat Straw: Influe"
"enford","rwgonzal","1","True","Cellulose Carbamate Synthesis and Dissolution from Wheat Straw: Influe"
"aecarso2","jmgluck","1","True","From saccharides to synthetics: exploring biomaterial scaffolds as cel"
"jccarr","jmpolla3","1","False","The Biophilia Effect: Expanding Green Horizons in a Global Workplace"
"aybozkur","mddickey","1","False","Toward Wearable Biosensing and Rapid Diagnostics via Extraction of Der"
"aybozkur","odvelev","1","False","Toward Wearable Biosensing and Rapid Diagnostics via Extraction of Der"
"mddickey","odvelev","2","False","Toward Wearable Biosensing and Rapid Diagnostics via Extraction of Der|Design and characterization of a self-powered microneedle microfluidic"
"bmmorten","dfcall","1","False","Biostimulation of Indigenous Ureolytic Microbes in Mature Fine Tailing"
"ccgoller","mcsrougi","1","True","Abstract 2371 Enhancing Molecular Biotechnology Laboratory Education f"
"ahjhala","mcsrougi","1","True","Abstract 2353 Using Immersive Technologies to Teach Technical Skills i"
"dazaharo","msano2","1","True","Optimization of Bipolar Microsecond Electric Pulses for DNA Vaccine De"
"aamassi","nchatur2","1","False","Two‐Stage Bipolaron Formation in Molecularly Doped Conjugated Polymers"
"hwade","nchatur2","1","True","Two‐Stage Bipolaron Formation in Molecularly Doped Conjugated Polymers"
"asanmig","bmrao","1","False","Derivation of human trophoblast stem cells from placentas at birth"
"jcolehu","ksaul","1","False","Changes in Glenohumeral Musculoskeletal Development Following Brachial"
"lhoggar","vvvolpe","1","False","How healthy is she? Perceptions of the physical healthiness of Black w"
"gefernan","jlhavlin","1","False","Survey of Seasonal Variation of Leaf Tissue Nutrient Concentration of "
"aercume","aharris5","1","True","Health Trade-Offs of Boiling Drinking Water with Solid Fuels: A Modeli"
"aercume","apgriesh","1","True","Health Trade-Offs of Boiling Drinking Water with Solid Fuels: A Modeli"
"aharris5","apgriesh","1","False","Health Trade-Offs of Boiling Drinking Water with Solid Fuels: A Modeli"
"awhitfi","drotenb","1","False","Protein landscape of the brush border membrane of first instar larvae "
"dsun4","nwising","1","True","Strain-induced lead-free morphotropic phase boundary"
"dsun4","rxu22","1","True","Strain-induced lead-free morphotropic phase boundary"
"nwising","rxu22","1","False","Strain-induced lead-free morphotropic phase boundary"
"aavilac","mdmullen","1","False","Nodulation Is Maintained and Salinity Tolerance Enhanced in Two Soybea"
"aavilac","raatwell","1","False","Nodulation Is Maintained and Salinity Tolerance Enhanced in Two Soybea"
"kgarcia2","mdmullen","1","False","Nodulation Is Maintained and Salinity Tolerance Enhanced in Two Soybea"
"mdmullen","raatwell","1","False","Nodulation Is Maintained and Salinity Tolerance Enhanced in Two Soybea"
"kanderso","pferket","2","False","Broiler Breeders Fed Diets Supplemented with Conventional or Lipid Mat|Broiler Breeders Fed Diets Supplemented with Conventional or Lipid Mat"
"pferket","rdmalhei","2","False","Broiler Breeders Fed Diets Supplemented with Conventional or Lipid Mat|Broiler Breeders Fed Diets Supplemented with Conventional or Lipid Mat"
"ericro","hzhou","2","False","CryptoBTB: A Secure Hierarchical BTB for Diverse Instruction Footprint|SpecMPK: Efficient In-Process Isolation with Speculative and Secure Pe"
"bgwalan","jbtracy","1","False","In-situ thermo-mechano-chemical transformation and consolidation of Sm"
"bgwalan","mthuo","1","False","In-situ thermo-mechano-chemical transformation and consolidation of Sm"
"jbtracy","mthuo","1","False","In-situ thermo-mechano-chemical transformation and consolidation of Sm"
"pgkoupi","qgu3","1","False","Plasmonic Double-Hole Bull’s Eye Nanoantenna for Far-Field Polarizatio"
"pgkoupi","rriehn","1","True","Plasmonic Double-Hole Bull’s Eye Nanoantenna for Far-Field Polarizatio"
"qgu3","rriehn","1","True","Plasmonic Double-Hole Bull’s Eye Nanoantenna for Far-Field Polarizatio"
"dcmuddim","lopperm","1","False","Demonstrating voxel-by-voxel (V × V) single-point calibration in liver"
"dofreyte","mwnolan","1","True","Radiation-Induced Fibrosis in Head and Neck Cancer: Challenges and Fut"
"hwu15","jhu35","1","False","A Precision Ultrasound-Localized Sonoporation-Equipment (PULSE) Enabli"
"jhu35","xjiang5","1","False","A Precision Ultrasound-Localized Sonoporation-Equipment (PULSE) Enabli"
"jaluff","mbreen3","1","False","Genomic Evaluation of Canine Prostatic Carcinomas as a Model for the H"
"jaluff","sesuter","1","False","Genomic Evaluation of Canine Prostatic Carcinomas as a Model for the H"
"mbreen3","sesuter","1","False","Genomic Evaluation of Canine Prostatic Carcinomas as a Model for the H"
"dhsuchof","hchen57","1","False","Characterization and Interploid Cross-compatibility of Hexaploid Canna"
"dhsuchof","jmdavis2","1","False","Characterization and Interploid Cross-compatibility of Hexaploid Canna"
"dhsuchof","tranney","1","False","Characterization and Interploid Cross-compatibility of Hexaploid Canna"
"dhsuchof","wliu25","1","False","Characterization and Interploid Cross-compatibility of Hexaploid Canna"
"hchen57","jmdavis2","1","False","Characterization and Interploid Cross-compatibility of Hexaploid Canna"
"hchen57","tranney","1","False","Characterization and Interploid Cross-compatibility of Hexaploid Canna"
"hchen57","wliu25","1","False","Characterization and Interploid Cross-compatibility of Hexaploid Canna"
"jmdavis2","tranney","1","False","Characterization and Interploid Cross-compatibility of Hexaploid Canna"
"jmdavis2","wliu25","1","False","Characterization and Interploid Cross-compatibility of Hexaploid Canna"
"tranney","wliu25","1","False","Characterization and Interploid Cross-compatibility of Hexaploid Canna"
"bejacks2","bwhipker","2","False","Impact of substrate pH and micronutrient fertility rates on <i>Cannabi|Defining Leaf Tissue Nutrient Standards and Nutrient Disorder Symptomo"
"jedmond2","ragupta","2","False","Project Health as a Capstone Rubric Element|Three Parts to a Comprehensive Way to Describe a System"
"galewbar","sozawa","1","False","EVALUATION OF CARAPACIAL REPAIR TECHNIQUES FOR INJURED TURTLES PRESENT"
"cxu24","tfang2","1","False","Synthesis of hafnium carbide (HfC) via one‐step selective laser reacti"
"closburn","drbohnen","1","False","Winter-Spring dynamics of dissolved organic carbon fluxes driven by pr"
"closburn","rhe","1","False","Winter-Spring dynamics of dissolved organic carbon fluxes driven by pr"
"drbohnen","rhe","1","False","Winter-Spring dynamics of dissolved organic carbon fluxes driven by pr"
"dfcall","knappe","1","False","Enhancing short-term electron exchange in pyrogenic carbonaceous mater"
"bbcutts","htchmiel","1","True","Water security in North Carolina’s most economically insecure county: "
"dhsuchof","kgarcia2","1","False","Endomycorrhizal inoculant evaluation on soybean in North Carolina unde"
"amjohns2","dosmond","1","False","Why Does Overapplication of Phosphorus Fertilizers Occur: Insights fro"
"amjohns2","lcolpog","1","False","Why Does Overapplication of Phosphorus Fertilizers Occur: Insights fro"
"amjohns2","owduckwo","1","False","Why Does Overapplication of Phosphorus Fertilizers Occur: Insights fro"
"dosmond","owduckwo","1","False","Why Does Overapplication of Phosphorus Fertilizers Occur: Insights fro"
"lcolpog","owduckwo","1","False","Why Does Overapplication of Phosphorus Fertilizers Occur: Insights fro"
"arricha3","rleon","1","False","Critical period for Italian ryegrass (<i>Lolium perenne</i> L. spp. <i"
"ddreisig","gdcollin","1","False","Mid‐season pest management implications for protecting soybean seed qu"
"ddreisig","lrlux","1","False","Mid‐season pest management implications for protecting soybean seed qu"
"macubeta","mjbradsh","1","False","Hidden treasures of herbaria - even small collections contain a wealth"
"cwcahoon","kmjennin","2","False","Confirmation and distribution of paraquat-resistant Italian ryegrass (|Cover crops and fall residual herbicides for managing Italian ryegrass"
"cwcahoon","twgannon","2","False","Confirmation and distribution of paraquat-resistant Italian ryegrass (|Cover crops and fall residual herbicides for managing Italian ryegrass"
"kmjennin","twgannon","2","False","Confirmation and distribution of paraquat-resistant Italian ryegrass (|Cover crops and fall residual herbicides for managing Italian ryegrass"
"aamassi","muth","1","False","High-Performance Perovskite Photodetector through Plasmonic Enhancemen"
"aamassi","qgu3","1","False","High-Performance Perovskite Photodetector through Plasmonic Enhancemen"
"muth","qgu3","1","False","High-Performance Perovskite Photodetector through Plasmonic Enhancemen"
"rbarran","shward","1","False","Metagenome-Derived CRISPR-Cas12a Mining and Characterization"
"agupta1","gproest","1","False","Simulating experimentally observed nonlinear response of large-scale c"
"amelsha","rshamey","1","False","Diffusion of reactive dyes through cationized cellophane films"
"bjreich","syang24","1","False","Matching estimators of causal effects in clustered observational studi"
"bjreich","sarumug","1","True","A Complete Density Correction using Normalizing Flows (CDC-NF) for CMI"
"fedens","lwalker3","1","False","Oral inoculation of turkeys with in vitro cultured Histomonas meleagri"
"dmfoster","rebaynes","1","False","Investigating the Pharmacokinetics and Efficacy of Intramammary Ceftio"
"rsozzan","talong","1","False","Iron deficiency changes regulatory mechanisms governing sieve element "
"dcmuddim","mgamcsi","1","True","Progress in monitoring molecular, cellular and metabolic dynamics usin"
"lalucia","nmlavoin","1","False","Tuning the phase separation of cellulose nanocrystals with hydrolysis "
"akaprav","dwermke","1","False","Research Directions in Software Supply Chain Security"
"akaprav","lawilli3","1","False","Research Directions in Software Supply Chain Security"
"akaprav","whenck","1","False","Research Directions in Software Supply Chain Security"
"dwermke","lawilli3","1","False","Research Directions in Software Supply Chain Security"
"dwermke","whenck","1","False","Research Directions in Software Supply Chain Security"
"lawilli3","whenck","1","False","Research Directions in Software Supply Chain Security"
"bgreaves","lawilli3","1","False","It Should Be Easy but... New Users' Experiences and Challenges with Se"
"rjanaki","rrishik","1","False","The Effects of Off-Price Store Opening on the Incumbent Channels of a "
"amgrunde","dxie","1","False","In vitro demonstration and in planta characterization of a condensed, "
"amgrunde","hwsedero","1","False","In vitro demonstration and in planta characterization of a condensed, "
"amgrunde","mkleine","1","False","In vitro demonstration and in planta characterization of a condensed, "
"dxie","hwsedero","1","False","In vitro demonstration and in planta characterization of a condensed, "
"dxie","mkleine","1","False","In vitro demonstration and in planta characterization of a condensed, "
"hwsedero","mkleine","1","False","In vitro demonstration and in planta characterization of a condensed, "
"sleblan","ygyingli","1","True","Design and Characterization of DNA-Driven Condensates: Regulating Topo"
"aybozkur","megruen","1","True","An Integrated Wearable Sensor System for Simultaneous Pull and Pace Ch"
"krmunana","mgpapich","1","False","Dissolution Characteristics of Split and Crushed Levetiracetam Extende"
"howare","hwu15","1","False","Miniaturized Vortex Ultrasound Transducers with Different Topological "
"howare","xjiang5","1","False","Miniaturized Vortex Ultrasound Transducers with Different Topological "
"aaysu","ajawad","1","False","THEMIS: Time, Heterogeneity, and Energy Minded Scheduling for Fair Mul"
"mbreen3","rbrober2","1","True","Fecal microbiota is more stable during degradation and more diverse fo"
"efimenko","tjhorn","1","False","Controlled delivery of phosphate to plants with optimized chemical and"
"jgenzer","tjhorn","1","False","Controlled delivery of phosphate to plants with optimized chemical and"
"jshen3","xfang3","1","False","Chemoenzymatic Synthesis of Epoxidized Cottonseed Oil as a Sustainable"
"sisalmon","xfang3","1","False","Chemoenzymatic Synthesis of Epoxidized Cottonseed Oil as a Sustainable"
"hall","odvelev","1","False","Chirality-Dependent Magnetization of Colloidal Squares with Offset Mag"
"jwhiteh2","klfelder","1","False","Evaluating the post-harvest survival and emergence of elongate hemlock"
"jwhiteh2","rmjetton","1","False","Evaluating the post-harvest survival and emergence of elongate hemlock"
"jwhiteh2","sorenson","1","True","Evaluating the post-harvest survival and emergence of elongate hemlock"
"klfelder","rmjetton","1","False","Evaluating the post-harvest survival and emergence of elongate hemlock"
"klfelder","sorenson","1","True","Evaluating the post-harvest survival and emergence of elongate hemlock"
"rmjetton","sorenson","1","True","Evaluating the post-harvest survival and emergence of elongate hemlock"
"egnichol","jwhiteh2","1","False","Potential for Elite Veneer Poplar on Marginal <i>Phytophthora</i> spp."
"rbrober2","rfguerre","1","False","Gut length evolved under sexual conflict in Lake Malawi cichlids"
"rbrober2","szeng","1","True","Gut length evolved under sexual conflict in Lake Malawi cichlids"
"rfguerre","szeng","1","True","Gut length evolved under sexual conflict in Lake Malawi cichlids"
"akhowar5","nmlavoin","1","True","Introducing the Entrepreneurial Mindset into Classes at NC State Unive"
"hubbe","richardv","1","False","Fractionation by classification as a prerequisite to the purification "
"dsjones5","mwkudeno","2","True","High‐throughput classification and quantification of skinning phenotyp|Knowledge and Opportunities for Managing Plant-Parasitic Nematodes Usi"
"ddreisig","jwalgenb","1","False","Validation of phenology models for <i>Halyomorpha halys</i> (Hemiptera"
"gkennedy","jwalgenb","1","False","Validation of phenology models for <i>Halyomorpha halys</i> (Hemiptera"
"eadenhar","msuh2","1","False","Effect of Hybrid Knitted Structure on Clothing Pressure"
"cwcahoon","dljorda2","1","False","Optimizing pyroxasulfone-coated fertilizer in cotton"
"dljorda2","gdcollin","1","False","Optimizing pyroxasulfone-coated fertilizer in cotton"
"jsking5","mmaguilo","1","False","Temperature and Water Levels Collectively Regulate Methane Emissions F"
"ktate","lrlarson","1","False","Environmental identities of college students reveal potential conflict"
"ktate","mnpeters","2","False","Environmental identities of college students reveal potential conflict|Evaluating household dynamics of wildlife preferences using toys"
"closburn","rpaerl","1","False","Optical transformation of riverine colored dissolved organic matter du"
"oapetrit","sozawa","1","False","Comparison of Intrarenal and Intravenous Injections of Sodium Pentobar"
"hzhou","yliu335","1","False","Genesis: A Compiler for Hamiltonian Simulation on Hybrid CV-DV Quantum"
"asaibab","ipsen","1","False","Stable Rank and Intrinsic Dimension of Real and Complex Matrices"
"arabiei","gwlucier","1","False","Performance of composite metal foams under cyclic loading at elevated "
"gefernan","hchen57","1","False","Strawberry Germplasm Influences Fruit Physicochemical Composition More"
"hchen57","pmperkin","1","False","Strawberry Germplasm Influences Fruit Physicochemical Composition More"
"miorizz","yencho","1","False","Comprehensive review of sweetpotato flavor compounds: Opportunities fo"
"jing","misra","1","False","Superior monogamy and polygamy relations and estimates of concurrence"
"bjreich","jahoppin","1","False","Two-stage estimators for spatial confounding with point-referenced dat"
"dtregea","mjknuth","1","False","The Influence of Water Conservation Practices on US Nurseries’ Decisio"
"awbatall","kstapel","1","False","Pulsed contact glow discharge electrification for online material quan"
"hvtafres","jliu38","1","False","Microscale simulation of water desalination in Direct Contact Membrane"
"gmachad","kameikle","2","False","Evaluation of porcine epidemic diarrhea virus RNA contamination on swi|Evaluation of porcine epidemic diarrhea virus RNA contamination on swi"
"gmachad","mrahe","1","False","Evaluation of porcine epidemic diarrhea virus RNA contamination on swi"
"kameikle","mrahe","1","False","Evaluation of porcine epidemic diarrhea virus RNA contamination on swi"
"aharris5","bjreich","1","True","Spatiotemporal Dynamics and Drivers of Microbial Contaminants in Hurri"
"aharris5","nnelson4","1","True","Spatiotemporal Dynamics and Drivers of Microbial Contaminants in Hurri"
"bjreich","nnelson4","1","True","Spatiotemporal Dynamics and Drivers of Microbial Contaminants in Hurri"
"capoole2","mayousse","1","False","A synthesis of soybean yield response to controlled drainage under var"
"classen","mgjones3","1","True","Wicked Problems: Graduate Students’ Experiences in A Convergent Resear"
"classen","sjmcdona","1","True","Wicked Problems: Graduate Students’ Experiences in A Convergent Resear"
"mgjones3","sjmcdona","1","True","Wicked Problems: Graduate Students’ Experiences in A Convergent Resear"
"ihusain2","zpantic","1","False","Power Curve Modeling and Maximum Power Point Tracking of a Paddle-Type"
"sppalmta","xwu27","1","False","Data-driven prediction and uncertainty quantification of PWR crud-indu"
"jsbaker4","klmarti3","1","False","The potential impact of forest loss on drinking water treatment costs "
"chhaigle","ejlobato","1","True","The proportion of narrow fibers during early development predicts the "
"aybozkur","ejlobato","1","False","Robust Multimodal Cough Detection with Optimized Out-of-Distribution D"
"mmwillia","sleblan","1","False","Mechanical Coupling With the Nuclear Envelope Shapes the <i>Schizosacc"
"cwcahoon","rleon","1","False","Predicting maize yield loss with crop–weed leaf cover ratios determine"
"bkgoodwi","rmrejesu","1","False","Do Cover Crops Reduce Downside Production Risk?"
"apullin","jgrimes","1","False","Handling and loading market-ready turkeys – Focus groups exploring the"
"apullin","mcoady","1","True","Handling and loading market-ready turkeys – Focus groups exploring the"
"apullin","mpairis","1","True","Handling and loading market-ready turkeys – Focus groups exploring the"
"jgrimes","mcoady","1","True","Handling and loading market-ready turkeys – Focus groups exploring the"
"jgrimes","mpairis","1","True","Handling and loading market-ready turkeys – Focus groups exploring the"
"mcoady","mpairis","1","True","Handling and loading market-ready turkeys – Focus groups exploring the"
"tmschaef","vskokov","1","False","Critical fluid dynamics in two and three dimensions"
"gbmckenn","hsgill2","1","False","Di-Tyrosine Cross-Linking of Elastin-Like Polypeptides through Rutheni"
"bmmorten","gabr","1","False","Mineral Evaluation and Undrained Cyclic Shear Response of MICP-Treated"
"ejlobato","jcdietri","1","False","Neural network predictions of peak storm tides due to tropical cyclone"
"xfang8","xxu","1","False","Enhancing Data Privacy in Human Factors Studies with Federated Learnin"
"agorny","cmwilli5","1","True","Knowledge and Opportunities for Managing Plant-Parasitic Nematodes Usi"
"agorny","dlrober4","1","True","Knowledge and Opportunities for Managing Plant-Parasitic Nematodes Usi"
"agorny","dsjones5","1","False","Knowledge and Opportunities for Managing Plant-Parasitic Nematodes Usi"
"agorny","mwkudeno","1","True","Knowledge and Opportunities for Managing Plant-Parasitic Nematodes Usi"
"cmwilli5","dlrober4","1","False","Knowledge and Opportunities for Managing Plant-Parasitic Nematodes Usi"
"dlrober4","dsjones5","1","True","Knowledge and Opportunities for Managing Plant-Parasitic Nematodes Usi"
"dlrober4","mwkudeno","1","False","Knowledge and Opportunities for Managing Plant-Parasitic Nematodes Usi"
"bejacks2","jmdavis2","1","False","Defining Leaf Tissue Nutrient Standards and Nutrient Disorder Symptomo"
"bwhipker","jmdavis2","1","False","Defining Leaf Tissue Nutrient Standards and Nutrient Disorder Symptomo"
"cbgorman","efimenko","1","True","Functional Hydrogels for Selective Phosphate Removal from Water and Re"
"cbgorman","ygyingli","1","True","Functional Hydrogels for Selective Phosphate Removal from Water and Re"
"efimenko","ygyingli","1","False","Functional Hydrogels for Selective Phosphate Removal from Water and Re"
"jgenzer","ygyingli","1","False","Functional Hydrogels for Selective Phosphate Removal from Water and Re"
"dofreyte","xpeng5","1","True","Injection of vocal fold lamina propria-derived hydrogels modulates fib"
"fli5","jwstalli","1","True","Powerful Foldover Designs"
"kameikle","mbreen3","1","False","Evaluating non-destructive sampling methods of parchment for genomic s"
"kameikle","tlstinso","1","True","Evaluating non-destructive sampling methods of parchment for genomic s"
"mbreen3","tlstinso","1","True","Evaluating non-destructive sampling methods of parchment for genomic s"
"baquroll","cmrobvei","1","False","Detection of <i>Dirofilaria repens</i> and <i>Mansonella llewellyni</i"
"baquroll","ebbreits","1","False","Detection of <i>Dirofilaria repens</i> and <i>Mansonella llewellyni</i"
"gsseiler","jgookin","1","False","Diagnosis and management of gallbladder mucocele formation in dogs"
"gsseiler","kmathews","1","False","Diagnosis and management of gallbladder mucocele formation in dogs"
"jgookin","kmathews","1","False","Diagnosis and management of gallbladder mucocele formation in dogs"
"cdrock","kdaniel","1","True","Electrical transport in tunably disordered metamaterials"
"dbbuchwa","swkullma","1","False","Embryonic Exposure to TPhP Elicits Osteotoxicity via Metabolic Disrupt"
"gmkumar","ranji","1","False","Pressure Sensor Placement in Water Distribution Systems Using Leak Res"
"bwkeene","sptou","1","False","Effect of trazodone on heart rate, heart rate variability, and QT-inte"
"bwkeene","tdefranc","1","False","Effect of trazodone on heart rate, heart rate variability, and QT-inte"
"sptou","tdefranc","1","False","Effect of trazodone on heart rate, heart rate variability, and QT-inte"
"dknazov","menomot","1","False","Quantitative sensory testing in dogs with spontaneous osteoarthritis"
"jflevine","vfscharf","1","True","Indocyanine green near-infrared fluorescence imaging shows promise for"
"jkpacifi","rwkays","1","False","Mammals on the Margins: Identifying the Drivers and Limitations of Ran"
"drbohnen","kwwegman","1","False","A Late Holocene sedimentary record of earthquakes and hydroclimate fro"
"ajawad","ericro","1","False","SpecMPK: Efficient In-Process Isolation with Speculative and Secure Pe"
"ajawad","hzhou","1","False","SpecMPK: Efficient In-Process Isolation with Speculative and Secure Pe"
"xliu96","xshen5","1","False","Efficient End-to-end Language Model Fine-tuning on Graphs"
"eglazer","fncastel","1","False","Photo-ejected ligands hyperpolarized by parahydrogen in reversible exc"
"eglazer","ttheis","1","False","Photo-ejected ligands hyperpolarized by parahydrogen in reversible exc"
"fncastel","ttheis","1","False","Photo-ejected ligands hyperpolarized by parahydrogen in reversible exc"
"jrbochin","liclarke","1","False","Moving From Micro‐ to Nanofibers Within Melt Electrospinning"
"mddickey","spontak","1","False","Multicomponent shape-memory microfibers electrospun with precisely tun"
"jhu35","jliu38","1","False","A multi-modal embolic gel system for long-term fluorescence imaging an"
"aakedrow","lkromo","1","True","An examination of veterinarians’ negotiation of emotional labor"
"jli256","wwen2","1","False","gHyPart: GPU-friendly End-to-End Hypergraph Partitioner"
"hubbe","lalucia","1","False","The ethics of sustainability"
"kdembek","lmgonza4","1","False","Risk factors for strangulating lipoma obstruction and lipomata in hors"
"ajplanch","dcmuddim","1","False","Feasibility of IR‐MALDESI Mass Spectrometry Imaging of PFAS"
"lyons","vnaraya3","1","False","Particle-free velocity and temperature field imaging using krypton las"
"dbeggles","nnelson4","1","True","Synthesis of Observed Field Salinity Ranges for Oyster and Seagrass Sp"
"aismirno","mddickey","1","True","Liquid Metals as Initiators of Free‐Radical Polymerization of Hydrogel"
"aismirno","mvoynov","1","False","Liquid Metals as Initiators of Free‐Radical Polymerization of Hydrogel"
"mddickey","mvoynov","1","True","Liquid Metals as Initiators of Free‐Radical Polymerization of Hydrogel"
"szlimhin","tdwalke2","1","False","Near-infrared spectroscopy as a high-throughput phenotyping method for"
"akemper","bnbakalo","1","False","Geometric quantum machine learning with horizontal quantum gates"
"ecrisci","xpeng5","1","False","Human long noncoding RNA <i>VILMIR</i> is induced by major respiratory"
"akota2","zikry","1","False","Hyperelastic superomniphobic surfaces <i>via</i> microprotrusion-induc"
"agorny","arricha3","1","False","Screening sesame (<i>Sesamum indicum</i>) for resistance to multiple r"
"agorny","dhsuchof","1","False","Screening sesame (<i>Sesamum indicum</i>) for resistance to multiple r"
"arricha3","dhsuchof","1","False","Screening sesame (<i>Sesamum indicum</i>) for resistance to multiple r"
"amishr25","mpsingh","1","True","Understanding Narratives of Trauma on Social Media"
"hsarmstr","mopeters","1","False","The Pictorial Trapezoid"
"cfrohli","jpknelle","1","False","Turbulence in Supernovae"
