"id","name","college","dept","title","is_asst","pub_year","pub_total","color","is_cfep","cfep_cluster"
"fyyamane","Yalcin Yamaner","College of Engineering","Electrical and Computer Engineering","","False","7","76","#0072B2","False",""
"ycheng20","Alice Cheng","College of Humanities and Social Sciences","Communication","","False","8","74","#CC79A7","False",""
"asanmig","Adriana San Miguel","College of Engineering","Chemical and Biomolecular Engineering","","False","5","55","#0072B2","False",""
"mkleine","Manuel Kleiner","College of Agriculture and Life Sciences","Plant and Microbial Biology","","False","20","122","#E69F00","False",""
"drpanthe","Dilip Panthee","College of Agriculture and Life Sciences","Horticultural Science","","False","1","79","#E69F00","False",""
"eaiyash","Eiman Aiyash","Poole College of Management","Economics","","False","1","2","#F0E442","False",""
"nrvinuez","Nelson Vinueza Benitez","Wilson College of Textiles","Textile Engineering, Chemistry and Science","","False","5","54","#1ABC9C","False",""
"rbrober2","Reade Roberts","College of Sciences","Biological Sciences","","False","3","33","#009E73","False",""
"eglazer","Phoebe Glazer","College of Sciences","Chemistry","","False","1","37","#009E73","False",""
"jhvanzan","John van Zanten","College of Engineering","Golden Leaf Biomanufacturing Training and Education Center","","False","1","8","#0072B2","False",""
"zcang","Zixuan Cang","College of Sciences","Mathematics","","False","3","32","#009E73","False",""
"rwgonzal","Ronalds Gonzalez","College of Natural Resources","Forest Biomaterials","","False","12","95","#9B59B6","False",""
"fsantos2","Frederico Freitas","College of Humanities and Social Sciences","History","","False","1","17","#CC79A7","False",""
"hli73","Hui Li","College of Agriculture and Life Sciences","Crop and Soil Sciences","","False","7","23","#E69F00","False",""
"wshi3","Wei Shi","College of Agriculture and Life Sciences","Crop and Soil Sciences","","False","2","66","#E69F00","False",""
"achakra2","Aranya Chakrabortty","College of Engineering","Electrical and Computer Engineering","","False","2","196","#0072B2","False",""
"dpellet","Denis Pelletier","Poole College of Management","Economics","","False","1","19","#F0E442","False",""
"rbarker","Roger Barker","Wilson College of Textiles","Textile Engineering, Chemistry and Science","","False","1","40","#1ABC9C","False",""
"acmclaug","Anne McLaughlin","College of Humanities and Social Sciences","Psychology","","False","2","107","#CC79A7","False",""
"armoorh2","Andy Moorhead","College of Veterinary Medicine","Clinical Sciences","","False","3","52","#56B4E9","False",""
"mchi","Min Chi","College of Engineering","Computer Science","","False","1","53","#0072B2","False",""
"imgimeno","Isabel Gimeno","College of Veterinary Medicine","Population Health and Pathobiology","","False","2","50","#56B4E9","False",""
"agopalar","Ashok Gopalarathnam","College of Engineering","Mechanical and Aerospace Engineering","","False","5","48","#0072B2","False",""
"jcao22","Jie Cao","College of Agriculture and Life Sciences","Applied Ecology","","False","6","51","#E69F00","False",""
"alkwansa","Albert Kwansa","College of Engineering","Materials Science and Engineering","","False","2","21","#0072B2","False",""
"cmaltec","Christian Maltecca","College of Agriculture and Life Sciences","Animal Science","","False","15","214","#E69F00","False",""
"frey","Chris Frey","College of Engineering","Engineering Research","","False","7","132","#0072B2","False",""
"japorter","Anne Porterfield","Wilson College of Textiles","Textile and Apparel, Technology and Management","","False","1","8","#1ABC9C","False",""
"seshelto","Sarah Shelton","College of Engineering","Biomedical Engineering","","False","1","43","#0072B2","False",""
"lester","James Lester","College of Engineering","Computer Science","","False","4","150","#0072B2","False",""
"xjiang5","Xiaoning Jiang","College of Engineering","Mechanical and Aerospace Engineering","","False","23","372","#0072B2","False",""
"kaltofen","Erich Kaltofen","College of Sciences","Mathematics","","False","1","61","#009E73","False",""
"pmperkin","Penelope Perkins-Veazie","College of Agriculture and Life Sciences","Horticultural Science","","False","6","110","#E69F00","False",""
"jbudhat","Januka Budhathoki Uprety","Wilson College of Textiles","Textile Engineering, Chemistry and Science","","False","3","38","#1ABC9C","False",""
"cflynch","Collin Lynch","College of Engineering","Computer Science","","False","5","43","#0072B2","False",""
"mjbradsh","Michael Bradshaw","College of Agriculture and Life Sciences","Entomology and Plant Pathology","","False","12","67","#E69F00","False",""
"rsartor","Ryan Sartor","College of Agriculture and Life Sciences","Crop and Soil Sciences","","False","2","6","#E69F00","False",""
"fjliving","Frederick Livingston","College of Engineering","Edward P. Fitts Department of Industrial & Systems Engineering","","False","2","5","#0072B2","False",""
"kdgriege","Khara Grieger","College of Agriculture and Life Sciences","Applied Ecology","","False","7","76","#E69F00","False",""
"cbcoope3","Caren Cooper","College of Natural Resources","Forestry and Environmental Resources","","False","11","87","#9B59B6","False",""
"klan2","Kai Lan","College of Natural Resources","Forest Biomaterials","","False","11","47","#9B59B6","False",""
"aseayho","Ariel Seay-Howard","College of Humanities and Social Sciences","Communication","","False","1","2","#CC79A7","False",""
"mcsrougi","Melissa Srougi","College of Veterinary Medicine","Molecular Biomedical Sciences","","False","2","26","#56B4E9","False",""
"jsatyav","Jayalakshmi Chandrika Satyavolu","College of Engineering","Computer Science","","False","1","2","#0072B2","False",""
"mlila","Mary Lila","College of Agriculture and Life Sciences","Kannapolis Research","","False","5","202","#E69F00","False",""
"rgcarbon","Ruben Carbonell","College of Engineering","Golden Leaf Biomanufacturing Training and Education Center","","False","2","83","#0072B2","False",""
"cwong9","Chau-Wai Wong","College of Engineering","Electrical and Computer Engineering","","False","3","46","#0072B2","False",""
"rbordol","Rongmon Bordoloi","College of Sciences","Physics","","False","6","45","#009E73","False",""
"skoenig","Sebastian Koenig","College of Sciences","Physics","","False","2","46","#009E73","False",""
"hallen","Hans Hallen","College of Sciences","Physics","","False","2","58","#009E73","False",""
"sastage","Scott Stage","College of Humanities and Social Sciences","Psychology","","False","1","10","#CC79A7","False",""
"adas8","Anupam Das","College of Engineering","Computer Science","","False","2","13","#0072B2","False",""
"jmgray2","Josh Gray","College of Natural Resources","Forestry and Environmental Resources","","False","1","47","#9B59B6","False",""
"bgilger","Brian Gilger","College of Veterinary Medicine","Clinical Sciences","","False","6","162","#56B4E9","False",""
"bbcutts","Bethany Cutts","College of Natural Resources","Parks, Recreation and Tourism Management","","False","8","55","#9B59B6","False",""
"arkendal","Allison Kendall","College of Veterinary Medicine","Clinical Sciences","","False","2","18","#56B4E9","False",""
"mdwalker","Mark Walker","Poole College of Management","Finance","","False","1","15","#F0E442","False",""
"lpal","Lokendra Pal","College of Natural Resources","Forest Biomaterials","","False","26","96","#9B59B6","False",""
"apgriesh","Andrew Grieshop","College of Engineering","Civil, Construction and Environmental Engineering","","False","2","67","#0072B2","False",""
"fedens","Frank Edens","College of Agriculture and Life Sciences","Prestage Department of Poultry Science","","False","2","16","#E69F00","False",""
"rfguerre","Rafael Guerrero","College of Sciences","Biological Sciences","","False","9","47","#009E73","False",""
"rjnaraya","Roger Narayan","College of Engineering","Biomedical Engineering","","False","10","288","#0072B2","False",""
"closburn","Chris Osburn","College of Sciences","Marine, Earth, and Atmospheric Sciences","","False","6","124","#009E73","False",""
"jkuzma","Jennifer Kuzma","College of Humanities and Social Sciences","Political Science & Public Administration [in the School of Public and International Affairs]","","False","3","85","#CC79A7","False",""
"cmtherio","Casey Theriot","College of Veterinary Medicine","Population Health and Pathobiology","","False","6","63","#56B4E9","False",""
"rlcook","Rachel Cook","College of Natural Resources","Forestry and Environmental Resources","","False","10","74","#9B59B6","False",""
"ryu5","Ruozhou Yu","College of Engineering","Computer Science","","False","6","63","#0072B2","False",""
"sozawa","Sarah Ozawa","College of Veterinary Medicine","Clinical Sciences","","False","6","33","#56B4E9","False",""
"kwsmith","Kurt Smith","College of Natural Resources","Forestry and Environmental Resources","","False","1","3","#9B59B6","False",""
"ssjeffri","Steph Jeffries","College of Natural Resources","Forestry and Environmental Resources","","False","1","3","#9B59B6","False",""
"jmgluck","Jessica Gluck","Wilson College of Textiles","Textile Engineering, Chemistry and Science","","False","6","32","#1ABC9C","False",""
"srporter","Stephen Porter","College of Education","Educational Leadership, Policy, and Human Development","","False","2","26","#D55E00","False",""
"vfscharf","Valery Scharf","College of Veterinary Medicine","Clinical Sciences","","False","5","51","#56B4E9","False",""
"oyozalti","Osman Ozaltin","College of Engineering","Edward P. Fitts Department of Industrial & Systems Engineering","","False","1","39","#0072B2","False",""
"ljunruh","Lori Unruh Snyder","College of Agriculture and Life Sciences","Crop and Soil Sciences","","False","1","10","#E69F00","False",""
"msashwel","Melissa Merrill","College of Agriculture and Life Sciences","Animal Science","","False","1","28","#E69F00","False",""
"cself","Rico Self","College of Humanities and Social Sciences","Communication","","False","3","5","#CC79A7","False",""
"msano2","Mike Sano","College of Veterinary Medicine","Molecular Biomedical Sciences","","False","3","43","#56B4E9","False",""
"acmyers3","Amanda Mills","Wilson College of Textiles","Textile Engineering, Chemistry and Science","","False","3","27","#1ABC9C","False",""
"eekrupa","Erin Krupa","College of Education","Science, Technology, Engineering, & Mathematics Education","","False","3","31","#D55E00","False",""
"clpickwo","Carrie Pickworth","College of Agriculture and Life Sciences","Animal Science","","False","4","42","#E69F00","False",""
"forestry","Joseph Roise","College of Natural Resources","Forestry and Environmental Resources","","False","2","16","#9B59B6","False",""
"mlsikes","Michael Sikes","College of Sciences","Biological Sciences","","False","1","11","#009E73","False",""
"mpgreen2","Matthew Green","College of Sciences","Physics","","False","3","94","#009E73","False",""
"ecdobbin","Katie Sanders","College of Agriculture and Life Sciences","Agricultural and Human Sciences","","False","1","45","#E69F00","False",""
"vpriel","Virginia Riel","College of Humanities and Social Sciences","Sociology and Anthropology","","False","3","10","#CC79A7","False",""
"cgdunn4","Corey Dunn","College of Agriculture and Life Sciences","Applied Ecology","","False","4","18","#E69F00","False",""
"tamaypl","Traci Lamar","Wilson College of Textiles","Textile and Apparel, Technology and Management","","False","1","7","#1ABC9C","False",""
"askiess","Aaron Kiess","College of Agriculture and Life Sciences","Prestage Department of Poultry Science","","False","5","23","#E69F00","False",""
"ckclinto","Carter Clinton","College of Sciences","Biological Sciences","","False","1","7","#009E73","False",""
"shu4","Shuijin Hu","College of Agriculture and Life Sciences","Entomology and Plant Pathology","","False","9","183","#E69F00","False",""
"shultz","David Shultz","College of Sciences","Chemistry","","False","3","59","#009E73","False",""
"fgarcia4","Fernando Garcia Menendez","College of Engineering","Civil, Construction and Environmental Engineering","","False","1","41","#0072B2","False",""
"jrfletc2","Josh Fletcher","College of Veterinary Medicine","Population Health and Pathobiology","","False","1","8","#56B4E9","False",""
"lhughes7","Lily Hughes","College of Sciences","Marine, Earth, and Atmospheric Sciences","","False","2","4","#009E73","False",""
"dlgrave2","Devon Graves","College of Education","Educational Leadership, Policy, and Human Development","","False","2","6","#D55E00","False",""
"wolfram","Walter Wolfram","College of Humanities and Social Sciences","English","","False","1","20","#CC79A7","False",""
"yencho","Craig Yencho","College of Agriculture and Life Sciences","Horticultural Science","","False","7","109","#E69F00","False",""
"ranji","Ranji Ranjithan","College of Engineering","Civil, Construction and Environmental Engineering","","False","1","66","#0072B2","False",""
"aecarso2","Ashley Brown","College of Engineering","Biomedical Engineering","","False","5","103","#0072B2","False",""
"ssengup2","Srijan Sengupta","College of Sciences","Statistics","","False","4","31","#009E73","False",""
"bakram","Bita Akram","College of Engineering","Computer Science","","False","2","10","#0072B2","False",""
"lschnei","Lesley Schneider","College of Humanities and Social Sciences","Sociology and Anthropology","","False","2","2","#CC79A7","False",""
"dbeggles","David Eggleston","College of Sciences","Marine, Earth, and Atmospheric Sciences","","False","4","70","#009E73","False",""
"odvelev","Orlin Velev","College of Engineering","Chemical and Biomolecular Engineering","","False","15","202","#0072B2","False",""
"ycampbe","Yan Campbell","College of Agriculture and Life Sciences","Prestage Department of Poultry Science","","False","1","5","#E69F00","False",""
"dpapp","David Papp","College of Sciences","Mathematics","","False","2","41","#009E73","False",""
"sewill32","Bess Williamson","College of Design","Media Arts, Design and Technology","","False","1","7","#E74C3C","False",""
"lmwidman","Laura Widman","College of Humanities and Social Sciences","Psychology","","False","7","102","#CC79A7","False",""
"mwking2","Martin King","Wilson College of Textiles","Textile Engineering, Chemistry and Science","","False","5","72","#1ABC9C","False",""
"sppalmta","Scott Palmtag","College of Engineering","Nuclear Engineering","","False","2","30","#0072B2","False",""
"bnbakalo","Bojko Bakalov","College of Sciences","Mathematics","","False","2","30","#009E73","False",""
"xpeng5","Xinxia Peng","College of Veterinary Medicine","Molecular Biomedical Sciences","","False","7","60","#56B4E9","False",""
"mzhu7","Mengmeng Zhu","Wilson College of Textiles","Textile Engineering, Chemistry and Science","","False","3","14","#1ABC9C","False",""
"lawilli3","Laurie Williams","College of Engineering","Computer Science","","False","7","101","#0072B2","False",""
"mhenrik","Michala de Linde Henriksen","College of Veterinary Medicine","Clinical Sciences","","False","3","57","#56B4E9","False",""
"jgrimes","Jesse Grimes","College of Agriculture and Life Sciences","Prestage Department of Poultry Science","","False","6","62","#E69F00","False",""
"lclove","Lydia Love","College of Veterinary Medicine","Molecular Biomedical Sciences","","False","3","18","#56B4E9","False",""
"dcastel2","Ela Castellanos-Reyes","College of Education","Teacher Education and Learning Sciences","","False","4","21","#D55E00","False",""
"mtang8","Minh Tang","College of Sciences","Statistics","","False","2","57","#009E73","False",""
"nbbandil","Nonoy Bandillo","College of Agriculture and Life Sciences","Crop and Soil Sciences","","False","7","47","#E69F00","False",""
"cxu24","Cheryl Xu","College of Engineering","Mechanical and Aerospace Engineering","","False","1","90","#0072B2","False",""
"jkern","Jordan Kern","College of Engineering","Edward P. Fitts Department of Industrial & Systems Engineering","","False","2","39","#0072B2","False",""
"jmalonso","Jose Alonso Bellver","College of Agriculture and Life Sciences","Plant and Microbial Biology","","False","5","72","#E69F00","False",""
"msharar","Mahmoud Sharara","College of Agriculture and Life Sciences","Biological and Agricultural Engineering","","False","2","30","#E69F00","False",""
"dambaras","David Ambaras","College of Humanities and Social Sciences","History","","False","1","17","#CC79A7","False",""
"xwu27","Xu Wu","College of Engineering","Nuclear Engineering","","False","8","37","#0072B2","False",""
"mnavramo","Maria Avramova","College of Engineering","Nuclear Engineering","","False","5","85","#0072B2","False",""
"kjpeters","Kara Peters","College of Engineering","Engineering Research","","False","4","157","#0072B2","False",""
"chwang2","Chanmi Hwang","Wilson College of Textiles","Textile and Apparel, Technology and Management","","False","3","22","#1ABC9C","False",""
"btoconno","Brendan O'Connor","College of Engineering","Mechanical and Aerospace Engineering","","False","3","87","#0072B2","False",""
"eatorre3","Emmanuel Torres Quezada","College of Agriculture and Life Sciences","Horticultural Science","","False","4","20","#E69F00","False",""
"tdwalke2","Trevor Walker","College of Natural Resources","Forestry and Environmental Resources","","False","2","19","#9B59B6","False",""
"aismirno","Alexej Smirnov","College of Sciences","Chemistry","","False","4","127","#009E73","False",""
"bwatson","Benjamin Watson","College of Engineering","Computer Science","","False","2","22","#0072B2","False",""
"tagates","Terry Gates","College of Sciences","Biological Sciences","","False","1","19","#009E73","False",""
"jtsuji","Jun Ninomiya-Tsuji","College of Sciences","Biological Sciences","","False","1","52","#009E73","False",""
"jhstewar","Jared Stewart-Ginsburg","College of Education","Teacher Education and Learning Sciences","","False","2","16","#D55E00","False",""
"amelsha","Ahmed El-Shafei","Wilson College of Textiles","Textile Engineering, Chemistry and Science","","False","1","134","#1ABC9C","False",""
"amjohns2","Amy Johnson","College of Agriculture and Life Sciences","Crop and Soil Sciences","","False","1","10","#E69F00","False",""
"mrahe","Michael Rahe","College of Veterinary Medicine","Population Health and Pathobiology","","False","4","31","#56B4E9","False",""
"kameikle","Kelly Meiklejohn","College of Veterinary Medicine","Population Health and Pathobiology","","False","9","46","#56B4E9","False",""
"nwising","Nina Balke","College of Engineering","Materials Science and Engineering","","False","4","143","#0072B2","False",""
"sbigham","Sajjad Bigham","College of Engineering","Mechanical and Aerospace Engineering","","False","7","13","#0072B2","False",""
"drotenb","Dorith Rotenberg","College of Agriculture and Life Sciences","Entomology and Plant Pathology","","False","2","60","#E69F00","False",""
"mckulkar","Maitreyee Kulkarni","College of Sciences","Mathematics","","False","1","1","#009E73","False",""
"shgreene","Steven Greene","College of Humanities and Social Sciences","Political Science & Public Administration [in the School of Public and International Affairs]","","False","2","21","#CC79A7","False",""
"nsharm23","Nitin Sharma","College of Engineering","Biomedical Engineering","","False","8","125","#0072B2","False",""
"falexal","Alex Albert","College of Engineering","Civil, Construction and Environmental Engineering","","False","1","57","#0072B2","False",""
"smrobin5","Stefanie Robinson","Poole College of Management","Marketing","","False","1","9","#F0E442","False",""
"anharr25","Autumn Harris","College of Veterinary Medicine","Clinical Sciences","","False","6","43","#56B4E9","False",""
"tnguye13","Tien Khai Nguyen","College of Sciences","Mathematics","","False","2","45","#009E73","False",""
"fterzio","Fatma Terzioglu","College of Sciences","Mathematics","","False","1","3","#009E73","False",""
"jdsmit29","Jared Smith","Poole College of Management","Finance","","False","1","10","#F0E442","False",""
"lalucia","Lucian Lucia","College of Natural Resources","Forest Biomaterials","","False","23","313","#9B59B6","False",""
"shall5","Steven Hall","College of Agriculture and Life Sciences","Biological and Agricultural Engineering","","False","2","42","#E69F00","False",""
"sthakur","Siddhartha Thakur","College of Veterinary Medicine","Population Health and Pathobiology","","False","3","100","#56B4E9","False",""
"dvashae","Daryoosh Vashaee","College of Engineering","Electrical and Computer Engineering","","False","6","210","#0072B2","False",""
"agupta1","Abhinav Gupta","College of Engineering","Civil, Construction and Environmental Engineering","","False","6","67","#0072B2","False",""
"aalexan3","Alen Alexanderian","College of Sciences","Mathematics","","False","1","48","#009E73","False",""
"hubbe","Martin Hubbe","College of Natural Resources","Forest Biomaterials","","False","10","137","#9B59B6","False",""
"jsking5","John King","College of Natural Resources","Forestry and Environmental Resources","","False","2","102","#9B59B6","False",""
"rbarran","Rodolphe Barrangou","College of Agriculture and Life Sciences","Food, Bioprocessing, and Nutrition Sciences","","False","15","237","#E69F00","False",""
"wchang6","Wei-Chen Chang","College of Sciences","Chemistry","","False","10","76","#009E73","False",""
"chuang35","Joey Huang","College of Education","Teacher Education and Learning Sciences","","False","1","15","#D55E00","False",""
"njhostet","Nathan Hostetter","College of Agriculture and Life Sciences","Applied Ecology","","False","1","30","#E69F00","False",""
"asaibab","Arvind Krishna Saibaba","College of Sciences","Mathematics","","False","6","52","#009E73","False",""
"wplace","Wayne Place","College of Design","Architecture","","False","1","2","#E74C3C","False",""
"lmclaug2","Levi McLaughlin","College of Humanities and Social Sciences","Philosophy and Religious Studies","","False","2","34","#CC79A7","False",""
"bejacks2","Brian Jackson","College of Agriculture and Life Sciences","Horticultural Science","","False","2","48","#E69F00","False",""
"rsazdan","Radmila Sazdanovic","College of Sciences","Mathematics","","False","1","53","#009E73","False",""
"lwalker3","Lin Walker","College of Agriculture and Life Sciences","Prestage Department of Poultry Science","","False","4","15","#E69F00","False",""
"wgknolle","Whitney Knollenberg","College of Natural Resources","Parks, Recreation and Tourism Management","","False","1","51","#9B59B6","False",""
"cwcahoon","Charles Cahoon","College of Agriculture and Life Sciences","Crop and Soil Sciences","","False","5","35","#E69F00","False",""
"cswalke4","Christopher Walker","College of Veterinary Medicine","Molecular Biomedical Sciences","","False","1","26","#56B4E9","False",""
"aoh","Annie Oh","College of Veterinary Medicine","Clinical Sciences","","False","2","21","#56B4E9","False",""
"mpmarti7","Meredith Martin","College of Natural Resources","Forestry and Environmental Resources","","False","2","18","#9B59B6","False",""
"kmathews","Kyle Mathews","College of Veterinary Medicine","Clinical Sciences","","False","3","66","#56B4E9","False",""
"dhpoole","Daniel Poole","College of Agriculture and Life Sciences","Animal Science","","False","6","51","#E69F00","False",""
"myang26","Minliang Yang","College of Agriculture and Life Sciences","Food, Bioprocessing, and Nutrition Sciences","","False","3","27","#E69F00","False",""
"kbflores","Kevin Flores","College of Sciences","Mathematics","","False","1","42","#009E73","False",""
"xlin35","Xingcheng Lin","College of Sciences","Physics","","False","12","56","#009E73","False",""
"hsarmstr","Helen Armstrong","College of Design","Graphic Design & Industrial Design","","False","1","5","#E74C3C","False",""
"astaicu","Ana-Maria Staicu","College of Sciences","Statistics","","False","2","68","#009E73","False",""
"jbelmon2","Julio Monti Belmonte","College of Sciences","Physics","","False","2","29","#009E73","False",""
"slvaden","Shelly Vaden","College of Veterinary Medicine","Clinical Sciences","","False","5","84","#56B4E9","False",""
"hcui9","Hantao Cui","College of Engineering","Electrical and Computer Engineering","","False","6","70","#0072B2","False",""
"lapaquin","Laura Paquin","College of Engineering","Mechanical and Aerospace Engineering","","False","1","1","#0072B2","False",""
"cproulx","Caroline Proulx","College of Sciences","Chemistry","","False","3","42","#009E73","False",""
"tbmarant","Traci Brynne Voyles","College of Humanities and Social Sciences","History","","False","2","5","#CC79A7","False",""
"bkgoodwi","Barry Goodwin","College of Agriculture and Life Sciences","Agricultural and Resource Economics","","False","4","76","#E69F00","False",""
"ksaul","Katherine Saul","College of Engineering","Mechanical and Aerospace Engineering","","False","6","76","#0072B2","False",""
"lsguerta","Lucie Guertault","College of Agriculture and Life Sciences","Biological and Agricultural Engineering","","False","1","25","#E69F00","False",""
"mjlewis","Melissa Lewis","College of Veterinary Medicine","Clinical Sciences","","False","3","55","#56B4E9","False",""
"rbhayes","Robert Hayes","College of Engineering","Nuclear Engineering","","False","6","61","#0072B2","False",""
"skmishra","Santosh Mishra","College of Veterinary Medicine","Molecular Biomedical Sciences","","False","1","35","#56B4E9","False",""
"tnwilli7","Tova Williams Cherry","Wilson College of Textiles","Textile Engineering, Chemistry and Science","","False","1","10","#1ABC9C","False",""
"tprange","Timo Prange","College of Veterinary Medicine","Clinical Sciences","","False","1","34","#56B4E9","False",""
"spontak","Richard Spontak","College of Engineering","Chemical and Biomolecular Engineering","","False","3","144","#0072B2","False",""
"gbyrd","Greg Byrd","College of Engineering","Electrical and Computer Engineering","","False","1","53","#0072B2","False",""
"bmrao","Balaji Rao","College of Engineering","Chemical and Biomolecular Engineering","","False","2","67","#0072B2","False",""
"gwambros","Graham Ambrose","College of Humanities and Social Sciences","Political Science & Public Administration [in the School of Public and International Affairs]","","False","2","11","#CC79A7","False",""
"ksmulvey","Kelly Lynn Mulvey","College of Humanities and Social Sciences","Psychology","","False","15","138","#CC79A7","False",""
"mbedward","Michael Edwards","College of Natural Resources","Parks, Recreation and Tourism Management","","False","1","57","#9B59B6","False",""
"rcrespo","Rocio Crespo","College of Veterinary Medicine","Population Health and Pathobiology","","False","2","64","#56B4E9","False",""
"erbrook4","Eric Brooks","College of Veterinary Medicine","Molecular Biomedical Sciences","","False","3","15","#56B4E9","False",""
"hdwester","Hans Westermeyer","College of Veterinary Medicine","Clinical Sciences","","False","2","43","#56B4E9","False",""
"vgcarraw","Virginia Stage","College of Agriculture and Life Sciences","Agricultural and Human Sciences","","False","7","60","#E69F00","False",""
"kbchen2","Karen Chen","College of Engineering","Edward P. Fitts Department of Industrial & Systems Engineering","","False","8","46","#0072B2","False",""
"akemper","Lex Kemper","College of Sciences","College of Sciences Administration","","False","6","125","#009E73","False",""
"scshanno","Steven Shannon","College of Engineering","Nuclear Engineering","","False","4","56","#0072B2","False",""
"arellis","Alan Ellis","College of Humanities and Social Sciences","Social Work","","False","1","72","#CC79A7","False",""
"oaharrys","Ola Lars Harrysson","College of Engineering","Edward P. Fitts Department of Industrial & Systems Engineering","","False","2","61","#0072B2","False",""
"amikael","Aram Mikaelyan","College of Agriculture and Life Sciences","Entomology and Plant Pathology","","False","1","37","#E69F00","False",""
"cmjones6","Corey Jones","College of Sciences","Mathematics","","False","3","40","#009E73","False",""
"jcmichno","Jim Michnowicz","College of Humanities and Social Sciences","World Languages and Cultures","","False","1","22","#CC79A7","False",""
"fldelosr","Francis de los Reyes","College of Engineering","Civil, Construction and Environmental Engineering","","False","2","93","#0072B2","False",""
"randers6","Robin Anderson","College of Education","Science, Technology, Engineering, & Mathematics Education","","False","1","8","#D55E00","False",""
"dvzenkov","Dmitry Zenkov","College of Sciences","Mathematics","","False","1","15","#009E73","False",""
"agduffy","Alli Duffy","College of Sciences","Biological Sciences","","False","3","12","#009E73","False",""
"lmpaciul","Lisa Paciulli","College of Sciences","Biological Sciences","","False","1","1","#009E73","False",""
"cjmattin","Carolyn Mattingly","College of Sciences","Biological Sciences","","False","2","59","#009E73","False",""
"macubeta","Marc Cubeta","College of Agriculture and Life Sciences","Entomology and Plant Pathology","","False","3","64","#E69F00","False",""
"mtulbure","Mirela Tulbure","College of Natural Resources","Forestry and Environmental Resources","","False","1","55","#9B59B6","False",""
"gefernan","Gina Fernandez","College of Agriculture and Life Sciences","Horticultural Science","","False","4","48","#E69F00","False",""
"candice","Ioannis Viniotis","College of Engineering","Electrical and Computer Engineering","","False","1","23","#0072B2","False",""
"pndarma","Panji Darma","College of Engineering","Civil, Construction and Environmental Engineering","","False","1","1","#0072B2","False",""
"sbhatta4","Subhashish Bhattacharya","College of Engineering","Electrical and Computer Engineering","","False","23","632","#0072B2","False",""
"cdrock","Christopher Rock","College of Engineering","Edward P. Fitts Department of Industrial & Systems Engineering","","False","2","21","#0072B2","False",""
"lkhanley","Linda Hanley-Bowdoin","College of Agriculture and Life Sciences","Plant and Microbial Biology","","False","6","54","#E69F00","False",""
"ejakubi","Elena Jakubikova","College of Sciences","Chemistry","","False","11","85","#009E73","False",""
"jlswann","Julie Swann","College of Engineering","Edward P. Fitts Department of Industrial & Systems Engineering","","False","3","100","#0072B2","False",""
"jmbradl5","Justin Bradley","College of Engineering","Computer Science","","False","1","50","#0072B2","False",""
"mjovano","Milena Jovanovic","College of Sciences","Chemistry","","False","4","24","#009E73","False",""
"sesuter","Steven Suter","College of Veterinary Medicine","Clinical Sciences","","False","2","52","#56B4E9","False",""
"iperera","Imara Perera","College of Agriculture and Life Sciences","Plant and Microbial Biology","","False","1","33","#E69F00","False",""
"jjrice","Jacelyn Rice-Boayue","College of Engineering","Civil, Construction and Environmental Engineering","","False","2","15","#0072B2","False",""
"jaellis5","Jesse Ellis","Poole College of Management","Finance","","False","1","14","#F0E442","False",""
"szgurbuz","Sevgi Gurbuz","College of Engineering","Electrical and Computer Engineering","","False","5","125","#0072B2","False",""
"aakono","Ange Therese Akono","College of Engineering","Civil, Construction and Environmental Engineering","","False","2","3","#0072B2","False",""
"svalliy","Sharma Thankachan","College of Engineering","Computer Science","","False","2","8","#0072B2","False",""
"ericro","Eric Rotenberg","College of Engineering","Electrical and Computer Engineering","","False","3","39","#0072B2","False",""
"jhu35","Jingjie Hu","College of Engineering","Mechanical and Aerospace Engineering","","False","3","31","#0072B2","False",""
"rdewey","Ralph Dewey","College of Agriculture and Life Sciences","Crop and Soil Sciences","","False","1","37","#E69F00","False",""
"xie","Lian Xie","College of Sciences","Marine, Earth, and Atmospheric Sciences","","False","2","78","#009E73","False",""
"aneilso","Andrew Neilson","College of Agriculture and Life Sciences","Kannapolis Research","","False","7","122","#E69F00","False",""
"yliu322","Yuchen Liu","College of Engineering","Computer Science","","False","23","56","#0072B2","False",""
"gsseiler","Gabriela Seiler","College of Veterinary Medicine","Molecular Biomedical Sciences","","False","1","36","#56B4E9","False",""
"sptou","Sandra Tou","College of Veterinary Medicine","Clinical Sciences","","False","1","30","#56B4E9","False",""
"doharris","Dan Harris","College of Sciences","Statistics","","False","1","3","#009E73","False",""
"aeroglu","Abdulkerim Eroglu","College of Agriculture and Life Sciences","Kannapolis Research","","False","1","24","#E69F00","False",""
"drasmus","David Rasmussen","College of Agriculture and Life Sciences","Entomology and Plant Pathology","","False","4","57","#E69F00","False",""
"hall","Carol Hall","College of Engineering","Chemical and Biomolecular Engineering","","False","9","152","#0072B2","False",""
"iherrma","Ina Herrmann","College of Veterinary Medicine","Clinical Sciences","","False","2","20","#56B4E9","False",""
"jayscue","Jenn Ayscue","College of Education","Educational Leadership, Policy, and Human Development","","False","1","30","#D55E00","False",""
"jbearp","Julie Earp","Poole College of Management","Information Technology, Analytics, & Operations","","False","1","14","#F0E442","False",""
"aybozkur","Alper Bozkurt","College of Engineering","Electrical and Computer Engineering","","False","8","122","#0072B2","False",""
"techekk","Tarek Echekki","College of Engineering","Mechanical and Aerospace Engineering","","False","4","72","#0072B2","False",""
"wasandov","William Sandoval","College of Education","Science, Technology, Engineering, & Mathematics Education","","False","1","33","#D55E00","False",""
"arbinder","Andy Binder","College of Humanities and Social Sciences","Communication","","False","1","25","#CC79A7","False",""
"sghosh2","Sujit Ghosh","College of Sciences","Statistics","","False","7","118","#009E73","False",""
"wftb","William Thompson","College of Agriculture and Life Sciences","Plant and Microbial Biology","","False","4","26","#E69F00","False",""
"tfang2","Tiegang Fang","College of Engineering","Mechanical and Aerospace Engineering","","False","6","163","#0072B2","False",""
"wyuan2","Wenqiao Yuan","College of Agriculture and Life Sciences","Biological and Agricultural Engineering","","False","1","73","#E69F00","False",""
"jpfaffe","Jessica Pfaffendorf","College of Humanities and Social Sciences","Sociology and Anthropology","","False","3","6","#CC79A7","False",""
"teshrive","Thomas Shriver","College of Humanities and Social Sciences","Sociology and Anthropology","","False","1","60","#CC79A7","False",""
"rrishik","Rishika Rishika","Poole College of Management","Marketing","","False","1","7","#F0E442","False",""
"kaboys","Kathryn Boys","College of Agriculture and Life Sciences","Agricultural and Resource Economics","","False","1","33","#E69F00","False",""
"raatwell","Rachel Vann","College of Agriculture and Life Sciences","Crop and Soil Sciences","","False","17","45","#E69F00","False",""
"eepowel2","Erin Powell","Poole College of Management","Management, Innovation and Entrepreneurship","","False","1","5","#F0E442","False",""
"kbeckte","Kalyca Becktel","College of Humanities and Social Sciences","Communication","","False","1","1","#CC79A7","False",""
"mbreiski","Martha Burford Reiskind","College of Sciences","Biological Sciences","","False","5","31","#009E73","False",""
"jbbarcen","Jose Bruno-Barcena","College of Agriculture and Life Sciences","Plant and Microbial Biology","","False","1","42","#E69F00","False",""
"rleon","Ramon Leon Gonzalez","College of Agriculture and Life Sciences","Crop and Soil Sciences","","False","6","170","#E69F00","False",""
"seyuter","Sandra Yuter","College of Sciences","Marine, Earth, and Atmospheric Sciences","","False","7","71","#009E73","False",""
"dxie","Deyu Xie","College of Agriculture and Life Sciences","Plant and Microbial Biology","","False","7","98","#E69F00","False",""
"lrlux","LeAnn Lux","College of Agriculture and Life Sciences","Entomology and Plant Pathology","","False","6","14","#E69F00","False",""
"rrunocic","Raymond Unocic","College of Engineering","Materials Science and Engineering","","False","2","209","#0072B2","False",""
"ecrose2","Elizabeth Rose","College of Veterinary Medicine","Population Health and Pathobiology","","False","2","5","#56B4E9","False",""
"godwin","John Godwin","College of Sciences","Biological Sciences","","False","2","52","#009E73","False",""
"lbielke","Lisa Bielke","College of Agriculture and Life Sciences","Prestage Department of Poultry Science","","False","1","4","#E69F00","False",""
"mlmastro","Michael Mastromauro","College of Veterinary Medicine","Clinical Sciences","","False","1","7","#56B4E9","False",""
"jabalko","Julie Balko","College of Veterinary Medicine","Molecular Biomedical Sciences","","False","3","31","#56B4E9","False",""
"kvpierce","Kursten Pierce","College of Veterinary Medicine","Clinical Sciences","","False","3","24","#56B4E9","False",""
"dcmuddim","David Muddiman","College of Sciences","Chemistry","","False","19","307","#009E73","False",""
"leung","Yu-Fai Leung","College of Natural Resources","Parks, Recreation and Tourism Management","","False","4","67","#9B59B6","False",""
"mtanigu","Masahiko Taniguchi","College of Sciences","Chemistry","","False","6","111","#009E73","False",""
"rbrose2","Bob Rose","College of Agriculture and Life Sciences","Molecular and Structural Biochemistry","","False","2","17","#E69F00","False",""
"tzagenc","Tom Zagenczyk","Poole College of Management","Management, Innovation and Entrepreneurship","","False","2","65","#F0E442","False",""
"vvvolpe","Vanessa Volpe","College of Humanities and Social Sciences","Psychology","","False","6","64","#CC79A7","False",""
"kledmist","Keith Edmisten","College of Agriculture and Life Sciences","Crop and Soil Sciences","","False","1","17","#E69F00","False",""
"dwermke","Dominik Wermke","College of Engineering","Computer Science","","False","2","7","#0072B2","False",""
"strived","Shweta Trivedi","College of Agriculture and Life Sciences","Animal Science","","False","2","13","#E69F00","False",""
"hding","Huiling Ding","College of Humanities and Social Sciences","English","","False","1","16","#CC79A7","False",""
"scheung3","Stanley Cheung","College of Engineering","Electrical and Computer Engineering","","False","3","3","#0072B2","False",""
"akhowar5","Anna Howard","College of Engineering","Mechanical and Aerospace Engineering","","False","6","16","#0072B2","False",""
"mbryant","Matthew Bryant","College of Engineering","Mechanical and Aerospace Engineering","","False","5","130","#0072B2","False",""
"jarickab","Jay Rickabaugh","College of Humanities and Social Sciences","Political Science & Public Administration [in the School of Public and International Affairs]","","False","2","6","#CC79A7","False",""
"wbuhler","Wayne Buhler","College of Agriculture and Life Sciences","Horticultural Science","","False","1","10","#E69F00","False",""
"jemeitze","John Meitzen","College of Sciences","Biological Sciences","","False","1","55","#009E73","False",""
"jjpawlak","Joel Pawlak","College of Natural Resources","Forest Biomaterials","","False","5","77","#9B59B6","False",""
"wlu2","Wenchang Lu","College of Sciences","Physics","","False","3","51","#009E73","False",""
"wguezas","Wesley Klewerton Guez Assuncao","College of Engineering","Computer Science","","False","7","113","#0072B2","False",""
"beshower","Bethany Van Scooter","College of Humanities and Social Sciences","English","","False","1","1","#CC79A7","False",""
"talong","Terri Long","College of Agriculture and Life Sciences","Plant and Microbial Biology","","False","3","38","#E69F00","False",""
"tadrake","Timothy Drake","College of Education","Educational Leadership, Policy, and Human Development","","False","3","28","#D55E00","False",""
"iabolotn","Igor Bolotnov","College of Engineering","Nuclear Engineering","","False","7","64","#0072B2","False",""
"jllubisc","Jane Lubischer","College of Sciences","Biological Sciences","","False","1","8","#009E73","False",""
"yxiao34","Yi Xiao","College of Sciences","Chemistry","","False","1","83","#009E73","False",""
"igmikhal","Irina Mikhalevich","College of Humanities and Social Sciences","Philosophy and Religious Studies","","False","2","16","#CC79A7","False",""
"jcbonner","James Bonner","College of Sciences","Biological Sciences","","False","2","48","#009E73","False",""
"jjohns24","Jeremiah Johnson","College of Engineering","Civil, Construction and Environmental Engineering","","False","5","69","#0072B2","False",""
"impeszle","Ilona Peszlen","College of Natural Resources","Forest Biomaterials","","False","1","31","#9B59B6","False",""
"cjcrosbi","Christopher Crosbie","College of Humanities and Social Sciences","English","","False","1","14","#CC79A7","False",""
"jlburne5","Jennifer Burnette","College of Humanities and Social Sciences","Psychology","","False","5","88","#CC79A7","False",""
"wjsagues","Joe Sagues","College of Agriculture and Life Sciences","Biological and Agricultural Engineering","","False","12","35","#E69F00","False",""
"rjb","Russell Borski","College of Sciences","Biological Sciences","","False","3","51","#009E73","False",""
"smfergu2","Scott Ferguson","College of Engineering","Mechanical and Aerospace Engineering","","False","3","49","#0072B2","False",""
"xxu","Xu Xu","College of Engineering","Edward P. Fitts Department of Industrial & Systems Engineering","","False","2","71","#0072B2","False",""
"jkmattin","John Mattingly","College of Engineering","Nuclear Engineering","","False","3","50","#0072B2","False",""
"aseyam","Abdel-Fattah Seyam","Wilson College of Textiles","Textile and Apparel, Technology and Management","","False","4","63","#1ABC9C","False",""
"acgurbuz","Ali Gurbuz","College of Engineering","Electrical and Computer Engineering","","False","12","136","#0072B2","False",""
"jredward","Jack Edwards","College of Engineering","Mechanical and Aerospace Engineering","","False","1","57","#0072B2","False",""
"lmitas","Lubos Mitas","College of Sciences","Physics","","False","3","80","#009E73","False",""
"lfgraha2","Lynelle Graham","College of Veterinary Medicine","Molecular Biomedical Sciences","","False","1","3","#56B4E9","False",""
"fscholl","Frank Scholle","College of Sciences","Biological Sciences","","False","2","39","#009E73","False",""
"mvoynov","Maxim Voynov","College of Sciences","Chemistry","","False","1","45","#009E73","False",""
"rshamey","Renzo Shamey","Wilson College of Textiles","Textile Engineering, Chemistry and Science","","False","4","60","#1ABC9C","False",""
"wwang","Wenye Wang","College of Engineering","Electrical and Computer Engineering","","False","2","87","#0072B2","False",""
"coby","Coby Schal","College of Agriculture and Life Sciences","Entomology and Plant Pathology","","False","9","229","#E69F00","False",""
"ycidrui","Yairon Cid Ruiz","College of Sciences","Mathematics","","False","3","30","#009E73","False",""
"kjjansen","Karen Jansen","Poole College of Management","Management, Innovation and Entrepreneurship","","False","3","9","#F0E442","False",""
"rmdodswo","Robin Dodsworth","College of Humanities and Social Sciences","English","","False","1","26","#CC79A7","False",""
"gkharris","Gabriel Harris","College of Agriculture and Life Sciences","Food, Bioprocessing, and Nutrition Sciences","","False","3","16","#E69F00","False",""
"mdrake","MaryAnne Drake","College of Agriculture and Life Sciences","Food, Bioprocessing, and Nutrition Sciences","","False","11","264","#E69F00","False",""
"aschnet","Astrid Schnetzer","College of Sciences","Marine, Earth, and Atmospheric Sciences","","False","3","45","#009E73","False",""
"bsunderw","Benjamin Underwood","College of Engineering","Civil, Construction and Environmental Engineering","","False","9","175","#0072B2","False",""
"awbatall","Alexander Bataller","College of Engineering","Nuclear Engineering","","False","3","16","#0072B2","False",""
"mlupek","Megan Lupek","College of Natural Resources","Forestry and Environmental Resources","","False","1","3","#9B59B6","False",""
"gcmclaug","Gail McLaughlin","College of Sciences","Physics","","False","4","95","#009E73","False",""
"jmdole","John Dole","College of Agriculture and Life Sciences","Horticultural Science","","False","2","81","#E69F00","False",""
"eghohmei","Emily Griffith","College of Sciences","Statistics","","False","3","90","#009E73","False",""
"rrvatsav","Ranga Vatsavai","College of Engineering","Computer Science","","False","2","50","#0072B2","False",""
"rghosh8","Raja Ghosh","College of Sciences","Chemistry","","False","6","34","#009E73","False",""
"hwsedero","Heike Inge Sederoff","College of Agriculture and Life Sciences","Plant and Microbial Biology","","False","4","48","#E69F00","False",""
"kpandit","Karun Pandit","College of Natural Resources","Forestry and Environmental Resources","","False","1","10","#9B59B6","False",""
"yueda","Yu Ueda","College of Veterinary Medicine","Clinical Sciences","","False","6","30","#56B4E9","False",""
"efg","Ed Gehringer","College of Engineering","Computer Science","","False","4","101","#0072B2","False",""
"llfoster","Lori Foster","College of Humanities and Social Sciences","Psychology","","False","3","41","#CC79A7","False",""
"jhharri4","Jack Harris","College of Humanities and Social Sciences","Philosophy and Religious Studies","","False","2","2","#CC79A7","False",""
"saascien","Sarah Ascienzo","College of Humanities and Social Sciences","Social Work","","False","1","11","#CC79A7","False",""
"dricket","David Ricketts","College of Engineering","Electrical and Computer Engineering","","False","3","101","#0072B2","False",""
"ebates","Erik Bates","College of Sciences","Mathematics","","False","4","20","#009E73","False",""
"ejgruber","Erika Gruber","College of Veterinary Medicine","Population Health and Pathobiology","","False","3","20","#56B4E9","False",""
"fmartin3","Florence Martin","College of Education","Teacher Education and Learning Sciences","","False","11","135","#D55E00","False",""
"tbenhor","Tal Ben-Horin","College of Veterinary Medicine","Clinical Sciences","","False","5","19","#56B4E9","False",""
"rsmith","Ralph Smith","College of Sciences","Mathematics","","False","3","107","#009E73","False",""
"vdublje","Veljko Dubljevic","College of Humanities and Social Sciences","Philosophy and Religious Studies","","False","8","103","#CC79A7","False",""
"rmjetton","Robert Jetton","College of Natural Resources","Forestry and Environmental Resources","","False","3","27","#9B59B6","False",""
"lrlarson","Lincoln Larson","College of Natural Resources","Parks, Recreation and Tourism Management","","False","12","144","#9B59B6","False",""
"nnikoi","Nii Kotei Nikoi","College of Humanities and Social Sciences","Communication","","False","2","6","#CC79A7","False",""
"shossei9","S  Mohammad Hosseinian","College of Engineering","Edward P. Fitts Department of Industrial & Systems Engineering","","False","3","19","#0072B2","False",""
"hstohl","Hollylynne Lee","College of Education","Science, Technology, Engineering, & Mathematics Education","","False","2","43","#D55E00","False",""
"szeng","Zhaobang Zeng","College of Agriculture and Life Sciences","Horticultural Science","","False","4","42","#E69F00","False",""
"jlmell","Julie Mell","College of Humanities and Social Sciences","History","","False","2","7","#CC79A7","False",""
"amcorred","Adriana Corredor-Waldron","Poole College of Management","Economics","","False","1","2","#F0E442","False",""
"ajawad","Amro Awad","College of Engineering","Electrical and Computer Engineering","","False","2","43","#0072B2","False",""
"tabirkla","Thomas Birkland","College of Humanities and Social Sciences","Political Science & Public Administration [in the School of Public and International Affairs]","","False","5","43","#CC79A7","False",""
"slreichi","Sydney Reichin","College of Humanities and Social Sciences","Psychology","","False","1","11","#CC79A7","False",""
"hong","Hoon Hong","College of Sciences","Mathematics","","False","4","53","#009E73","False",""
"snmwangi","samuel Mwangi","College of Agriculture and Life Sciences","Prestage Department of Poultry Science","","False","1","14","#E69F00","False",""
"dmfoster","Derek Foster","College of Veterinary Medicine","Population Health and Pathobiology","","False","4","70","#56B4E9","False",""
"kcmarsde","Kurt Marsden","College of Sciences","Biological Sciences","","False","2","29","#009E73","False",""
"rxu22","Ruijuan Xu","College of Engineering","Materials Science and Engineering","","False","7","47","#0072B2","False",""
"kabowler","Kimberly Vincent","College of Humanities and Social Sciences","History","","False","1","4","#CC79A7","False",""
"jflevine","Jay Levine","College of Sciences","Marine, Earth, and Atmospheric Sciences","","False","1","50","#009E73","False",""
"prwestmo","Phil Westmoreland","College of Engineering","Chemical and Biomolecular Engineering","","False","3","69","#0072B2","False",""
"rchiech","Ryan Chiechi","College of Sciences","Chemistry","","False","5","132","#009E73","False",""
"jpliu","Paul Liu","College of Sciences","Marine, Earth, and Atmospheric Sciences","","False","3","65","#009E73","False",""
"bparker3","Brean'a Parker","College of Education","Educational Leadership, Policy, and Human Development","","False","2","3","#D55E00","False",""
"jegoodwi","Jean Goodwin","College of Humanities and Social Sciences","Communication","","False","1","23","#CC79A7","False",""
"jnbocarr","Jason Bocarro","College of Natural Resources","Parks, Recreation and Tourism Management","","False","2","62","#9B59B6","False",""
"skim22","Sung Woo Kim","College of Agriculture and Life Sciences","Animal Science","","False","39","405","#E69F00","False",""
"drbohnen","DelWayne Bohnenstiehl","College of Sciences","Marine, Earth, and Atmospheric Sciences","","False","4","79","#009E73","False",""
"gcope","William Cope","College of Agriculture and Life Sciences","Applied Ecology","","False","3","99","#E69F00","False",""
"gpcruse","Glenn Cruse","College of Veterinary Medicine","Molecular Biomedical Sciences","","False","4","51","#56B4E9","False",""
"jhu3","Jianxin Hu","College of Design","Architecture","","False","1","6","#E74C3C","False",""
"evheugte","Eric VanHeugten","College of Agriculture and Life Sciences","Animal Science","","False","1","43","#E69F00","False",""
"jcbegeny","John Begeny","College of Humanities and Social Sciences","Psychology","","False","5","56","#CC79A7","False",""
"jdong","Jingyan Dong","College of Engineering","Edward P. Fitts Department of Industrial & Systems Engineering","","False","7","110","#0072B2","False",""
"kdaniel","Karen Daniels","College of Sciences","Physics","","False","7","105","#009E73","False",""
"dmmerite","Danielle Meritet","College of Veterinary Medicine","Population Health and Pathobiology","","False","4","16","#56B4E9","False",""
"jjbaryck","Joe Barycki","College of Agriculture and Life Sciences","Molecular and Structural Biochemistry","","False","1","23","#E69F00","False",""
"jvukoma","Jelena Vukomanovic","College of Natural Resources","Parks, Recreation and Tourism Management","","False","3","38","#9B59B6","False",""
"amishr25","Aura Mishra","College of Humanities and Social Sciences","Psychology","","False","2","20","#CC79A7","False",""
"arabiei","Afsaneh Rabiei","College of Engineering","Mechanical and Aerospace Engineering","","False","10","94","#0072B2","False",""
"cchen52","Chuyi Chen","College of Engineering","Mechanical and Aerospace Engineering","","False","3","9","#0072B2","False",""
"dljorda2","David Jordan","College of Agriculture and Life Sciences","Crop and Soil Sciences","","False","7","177","#E69F00","False",""
"ecrisci","Elisa Crisci","College of Veterinary Medicine","Population Health and Pathobiology","","False","12","63","#56B4E9","False",""
"hdai","Huaiyu Dai","College of Engineering","Electrical and Computer Engineering","","False","4","202","#0072B2","False",""
"crji","Chueng Ji","College of Sciences","Physics","","False","2","116","#009E73","False",""
"jljone21","Jacob Jones","College of Engineering","Materials Science and Engineering","","False","6","315","#0072B2","False",""
"ajwest2","Andre West","Wilson College of Textiles","Textiles Extension Education For Economic Development","","False","1","18","#1ABC9C","False",""
"elseekam","Erin Seekamp","College of Natural Resources","Parks, Recreation and Tourism Management","","False","5","88","#9B59B6","False",""
"pgkoupi","Paschalis Gkoupidenis","College of Engineering","Electrical and Computer Engineering","","False","4","55","#0072B2","False",""
"rlmclean","Roshaunda Breeden","College of Education","Educational Leadership, Policy, and Human Development","","False","7","23","#D55E00","False",""
"jmdavis2","Jeanine Davis","College of Agriculture and Life Sciences","Horticultural Science","","False","3","21","#E69F00","False",""
"rmrejesu","Roderick Rejesus","College of Agriculture and Life Sciences","Agricultural and Resource Economics","","False","3","68","#E69F00","False",""
"warobin3","Walter Robinson","College of Sciences","Marine, Earth, and Atmospheric Sciences","","False","2","46","#009E73","False",""
"jdbriley","Jessica Briley","College of Veterinary Medicine","Molecular Biomedical Sciences","","False","2","7","#56B4E9","False",""
"ting","Siu-Man Ting","College of Education","Educational Leadership, Policy, and Human Development","","False","1","13","#D55E00","False",""
"khan6","Kevin Han","College of Engineering","Civil, Construction and Environmental Engineering","","False","11","70","#0072B2","False",""
"eshim","Eunkyoung Shim","Wilson College of Textiles","Textile Engineering, Chemistry and Science","","False","1","48","#1ABC9C","False",""
"dbbuchwa","David Buchwalter","College of Sciences","Biological Sciences","","False","3","71","#009E73","False",""
"ehyland","Ethan Hyland","College of Sciences","Marine, Earth, and Atmospheric Sciences","","False","2","77","#009E73","False",""
"ooralka","Omer Oralkan","College of Engineering","Electrical and Computer Engineering","","False","7","161","#0072B2","False",""
"sbcraig","Bart Craig","College of Humanities and Social Sciences","Psychology","","False","1","14","#CC79A7","False",""
"amjacob","Anna Egalite","College of Education","Educational Leadership, Policy, and Human Development","","False","3","34","#D55E00","False",""
"cboi","Cristiana Boi","College of Engineering","Chemical and Biomolecular Engineering","","False","8","66","#0072B2","False",""
"aspnes","David Aspnes","College of Sciences","Physics","","False","1","69","#009E73","False",""
"avkuznet","Andrey Kuznetsov","College of Engineering","Mechanical and Aerospace Engineering","","False","8","283","#0072B2","False",""
"aadillah","Ajamu Dillahunt-Holloway","College of Humanities and Social Sciences","History","","False","1","1","#CC79A7","False",""
"dazaharo","David Zaharoff","College of Engineering","Biomedical Engineering","","False","5","48","#0072B2","False",""
"mdschulm","Michael Schulman","College of Agriculture and Life Sciences","Agricultural and Human Sciences","","False","1","23","#E69F00","False",""
"bcallah","Benjamin Callahan","College of Veterinary Medicine","Population Health and Pathobiology","","False","2","50","#56B4E9","False",""
"ytian29","Yuanqing (Ching) Tian","College of Design","Graphic Design & Industrial Design","","False","1","6","#E74C3C","False",""
"ysaini","Yogesh Saini","College of Veterinary Medicine","Population Health and Pathobiology","","False","4","54","#56B4E9","False",""
"dfcall","Douglas Call","College of Engineering","Civil, Construction and Environmental Engineering","","False","4","63","#0072B2","False",""
"ecengiz","Ezgi Cengiz","College of Agriculture and Life Sciences","Agricultural and Resource Economics","","False","2","4","#E69F00","False",""
"krwening","Keith Weninger","College of Sciences","Physics","","False","2","81","#009E73","False",""
"mmwillia","Mary Elting","College of Sciences","Physics","","False","1","30","#009E73","False",""
"tranney","Thomas Ranney","College of Agriculture and Life Sciences","Horticultural Science","","False","1","48","#E69F00","False",""
"cjdohert","Colleen Doherty","College of Agriculture and Life Sciences","Molecular and Structural Biochemistry","","False","4","50","#E69F00","False",""
"iakogan","Irina Kogan","College of Sciences","Mathematics","","False","1","22","#009E73","False",""
"dofreyte","Donald Freytes","College of Engineering","Biomedical Engineering","","False","5","49","#0072B2","False",""
"king","Russell King","College of Engineering","Edward P. Fitts Department of Industrial & Systems Engineering","","False","1","35","#0072B2","False",""
"sghosal","Subhashis Ghoshal","College of Sciences","Statistics","","False","1","51","#009E73","False",""
"dkaoumi","Djamel Kaoumi","College of Engineering","Nuclear Engineering","","False","9","84","#0072B2","False",""
"rjricha2","Robert Richardson","College of Agriculture and Life Sciences","Crop and Soil Sciences","","False","4","42","#E69F00","False",""
"jctacket","Justin Tackett","College of Humanities and Social Sciences","English","","False","1","3","#CC79A7","False",""
"mdlamber","Misty Lambert","College of Agriculture and Life Sciences","Agricultural and Human Sciences","","False","5","21","#E69F00","False",""
"cdelgad","Cesar Delgado","College of Education","Science, Technology, Engineering, & Mathematics Education","","False","6","38","#D55E00","False",""
"psitthi","Panchan Sitthicharoenchai","College of Veterinary Medicine","Population Health and Pathobiology","","False","2","18","#56B4E9","False",""
"reirwin","Rebecca Irwin","College of Agriculture and Life Sciences","Applied Ecology","","False","3","135","#E69F00","False",""
"njolby","Natasha Olby","College of Veterinary Medicine","Clinical Sciences","","False","14","179","#56B4E9","False",""
"ahajbab","Ali Hajbabaie","College of Engineering","Civil, Construction and Environmental Engineering","","False","5","71","#0072B2","False",""
"jrroger7","Jordan Rogers","College of Humanities and Social Sciences","History","","False","1","5","#CC79A7","False",""
"mopeters","Matthew Peterson","College of Design","Graphic Design & Industrial Design","","False","2","22","#E74C3C","False",""
"cdguillu","Christophe Guilluy","College of Veterinary Medicine","Molecular Biomedical Sciences","","False","1","27","#56B4E9","False",""
"cdhoggan","Chad Hoggan","College of Education","Educational Leadership, Policy, and Human Development","","False","15","55","#D55E00","False",""
"madiacon","Mihai Diaconeasa","College of Engineering","Nuclear Engineering","","False","36","117","#0072B2","False",""
"knivanov","Kostadin Ivanov","College of Engineering","Nuclear Engineering","","False","6","107","#0072B2","False",""
"mmbooker","Matthew Booker","College of Humanities and Social Sciences","History","","False","1","17","#CC79A7","False",""
"raghilad","Reza Ghiladi","College of Sciences","Chemistry","","False","5","97","#009E73","False",""
"anbryan2","Alyssa Rockenbach","College of Education","Educational Leadership, Policy, and Human Development","","False","1","59","#D55E00","False",""
"ddavis6","Dennis Davis","College of Education","Teacher Education and Learning Sciences","","False","7","38","#D55E00","False",""
"fisik","Fikret Isik","College of Natural Resources","Forestry and Environmental Resources","","False","2","90","#9B59B6","False",""
"amlynch3","Alex Lynch","College of Veterinary Medicine","Clinical Sciences","","False","4","58","#56B4E9","False",""
"ccjacob5","Carrie Jacobs","College of Veterinary Medicine","Clinical Sciences","","False","1","16","#56B4E9","False",""
"laramir2","Alonso Ramirez","College of Agriculture and Life Sciences","Applied Ecology","","False","2","93","#E69F00","False",""
"yuan","Fuh-Gwo Yuan","College of Engineering","Mechanical and Aerospace Engineering","","False","3","153","#0072B2","False",""
"jtascenc","Trino Ascencio-Ibanez","College of Agriculture and Life Sciences","Molecular and Structural Biochemistry","","False","4","23","#E69F00","False",""
"gilmarti","David Gilmartin","College of Humanities and Social Sciences","History","","False","1","28","#CC79A7","False",""
"atbliksl","Anthony Blikslager","College of Veterinary Medicine","College of Veterinary Medicine Administration","","False","3","210","#56B4E9","False",""
"eozlu","Ekrem Ozlu","College of Agriculture and Life Sciences","Crop and Soil Sciences","","False","3","35","#E69F00","False",""
"ipsen","Ilse Ipsen","College of Sciences","Mathematics","","False","2","64","#009E73","False",""
"mpourgh","Moe Pourghaz","College of Engineering","Civil, Construction and Environmental Engineering","","False","3","70","#0072B2","False",""
"dlirving","Douglas Irving","College of Engineering","Materials Science and Engineering","","False","2","81","#0072B2","False",""
"jlintile","Joanne Intile","College of Veterinary Medicine","Clinical Sciences","","False","2","15","#56B4E9","False",""
"nreadin","Nathan Reading","College of Sciences","Mathematics","","False","2","45","#009E73","False",""
"iuroeder","Ian Roederer","College of Sciences","Physics","","False","6","129","#009E73","False",""
"pbiziko","Petra Bizikova","College of Veterinary Medicine","Clinical Sciences","","False","2","37","#56B4E9","False",""
"cfcastro","Celso Castro Bolinaga","College of Agriculture and Life Sciences","Biological and Agricultural Engineering","","False","2","20","#E69F00","False",""
"enford","Ericka Ford","Wilson College of Textiles","Textile Engineering, Chemistry and Science","","False","2","32","#1ABC9C","False",""
"hashraf2","Hudson Ashrafi","College of Agriculture and Life Sciences","Horticultural Science","","False","4","63","#E69F00","False",""
"vaugust","Veronica Augustyn","College of Engineering","Materials Science and Engineering","","False","11","76","#0072B2","False",""
"davidian","Marie Davidian","College of Sciences","Statistics","","False","1","85","#009E73","False",""
"myoon2","Man-Ki Yoon","College of Engineering","Computer Science","","False","3","5","#0072B2","False",""
"fedkiw","Peter Fedkiw","College of Engineering","Chemical and Biomolecular Engineering","","False","3","43","#0072B2","False",""
"rgmarti3","Ryan Martin","College of Sciences","Statistics","","False","3","78","#009E73","False",""
"tawalkow","Temple Walkowiak","College of Education","Teacher Education and Learning Sciences","","False","1","18","#D55E00","False",""
"klfelder","Kelly Oten","College of Natural Resources","Forestry and Environmental Resources","","False","5","20","#9B59B6","False",""
"fbreid","Frederick Breidt","College of Agriculture and Life Sciences","Food, Bioprocessing, and Nutrition Sciences","","False","1","47","#E69F00","False",""
"jahipp","Aaron Hipp","College of Natural Resources","Parks, Recreation and Tourism Management","","False","4","148","#9B59B6","False",""
"wchen43","Weijian Chen","College of Sciences","Physics","","False","2","22","#009E73","False",""
"zpantic","Zeljko Pantic","College of Engineering","Electrical and Computer Engineering","","False","4","35","#0072B2","False",""
"bewylie","Breanne Wylie","College of Humanities and Social Sciences","Psychology","","False","4","26","#CC79A7","False",""
"jhou8","Jason Hou","College of Engineering","Nuclear Engineering","","False","1","35","#0072B2","False",""
"ekulchi","Elena Kulchina","Poole College of Management","Management, Innovation and Entrepreneurship","","False","1","3","#F0E442","False",""
"swking","Stacy Wood","Poole College of Management","Marketing","","False","1","24","#F0E442","False",""
"ajstewa5","Amanda Stewart","College of Humanities and Social Sciences","Political Science & Public Administration [in the School of Public and International Affairs]","","False","1","30","#CC79A7","False",""
"asharm66","Amit Sharma","College of Veterinary Medicine","Population Health and Pathobiology","","False","1","2","#56B4E9","False",""
"lezanno","Lindsay Zanno","College of Sciences","Biological Sciences","","False","10","77","#009E73","False",""
"lacraig","Lee Craig","Poole College of Management","Economics","","False","1","23","#F0E442","False",""
"mbecchi","Michela Becchi","College of Engineering","Electrical and Computer Engineering","","False","2","41","#0072B2","False",""
"fawrigh2","Fred Wright","College of Sciences","Statistics","","False","8","120","#009E73","False",""
"sepratt2","Shannon Phillips","College of Agriculture and Life Sciences","Animal Science","","False","1","53","#E69F00","False",""
"lcolpog","Luke Gatiboni","College of Agriculture and Life Sciences","Crop and Soil Sciences","","False","11","121","#E69F00","False",""
"ngcosco","Nilda Cosco","College of Design","College of Design Administration","","False","2","20","#E74C3C","False",""
"trjones8","Tamecia Jones","College of Education","Science, Technology, Engineering, & Mathematics Education","","False","3","22","#D55E00","False",""
"htchmiel","Hana Long","College of Engineering","Civil, Construction and Environmental Engineering","","False","1","5","#0072B2","False",""
"jcollazo","Jaime Collazo","College of Agriculture and Life Sciences","Applied Ecology","","False","1","75","#E69F00","False",""
"munsal","Mithat Unsal","College of Sciences","Physics","","False","3","60","#009E73","False",""
"rjschwar","Roy Schwartzman","College of Humanities and Social Sciences","Communication","","False","1","17","#CC79A7","False",""
"bejin","Byoungho Jin","Wilson College of Textiles","Textile and Apparel, Technology and Management","","False","3","111","#1ABC9C","False",""
"rcmayer","Roger Mayer","Poole College of Management","Management, Innovation and Entrepreneurship","","False","4","21","#F0E442","False",""
"aakedrow","April Kedrowicz","College of Veterinary Medicine","Clinical Sciences","","False","4","36","#56B4E9","False",""
"cbgorman","Christopher Gorman","College of Sciences","Chemistry","","False","4","45","#009E73","False",""
"mcurry2","Maggie Curry","College of Sciences","Marine, Earth, and Atmospheric Sciences","","False","3","16","#009E73","False",""
"asoldat","Arianna Soldati","College of Sciences","Marine, Earth, and Atmospheric Sciences","","False","2","23","#009E73","False",""
"zsaki","Zahra Saki","Wilson College of Textiles","Textile and Apparel, Technology and Management","","False","1","4","#1ABC9C","False",""
"ajplanch","Antonio Planchart","College of Sciences","Biological Sciences","","False","3","29","#009E73","False",""
"lhoggar","Lori Hoggard","College of Humanities and Social Sciences","Psychology","","False","2","28","#CC79A7","False",""
"ataylor","Andrew Taylor","College of Humanities and Social Sciences","Political Science & Public Administration [in the School of Public and International Affairs]","","False","1","22","#CC79A7","False",""
"asagema","Andrew Sageman-Furnas","College of Sciences","Mathematics","","False","4","14","#009E73","False",""
"rheinig","Ronnie Heiniger","College of Agriculture and Life Sciences","Crop and Soil Sciences","","False","1","29","#E69F00","False",""
"smbennet","Sharon Joines","College of Design","College of Design Administration","","False","1","23","#E74C3C","False",""
"jjiang26","Jicai Jiang","College of Agriculture and Life Sciences","Animal Science","","False","10","68","#E69F00","False",""
"jbrown","David Brown","College of Sciences","Physics","","False","1","21","#009E73","False",""
"lhe8","Lingfeng He","College of Engineering","Nuclear Engineering","","False","6","170","#0072B2","False",""
"kay","Michael Kay","College of Engineering","Edward P. Fitts Department of Industrial & Systems Engineering","","False","4","31","#0072B2","False",""
"cchen49","Chao Chen","College of Sciences","Mathematics","","False","3","16","#009E73","False",""
"lxiao5","Luo Xiao","College of Sciences","Statistics","","False","1","42","#009E73","False",""
"gmkumar","Kumar Mahinthakumar","College of Engineering","Civil, Construction and Environmental Engineering","","False","1","71","#0072B2","False",""
"canson","Chris Anson","College of Humanities and Social Sciences","English","","False","4","53","#CC79A7","False",""
"pemozdzi","Paul Mozdziak","College of Agriculture and Life Sciences","Prestage Department of Poultry Science","","False","7","140","#E69F00","False",""
"jytzeng","Jung-Ying Tzeng","College of Sciences","Statistics","","False","4","65","#009E73","False",""
"mgjones3","Gail Jones","College of Education","Science, Technology, Engineering, & Mathematics Education","","False","1","85","#D55E00","False",""
"bjsheaha","Breanna Sheahan","College of Veterinary Medicine","Clinical Sciences","","False","3","12","#56B4E9","False",""
"lhajiba","Leila Hajibabai","College of Engineering","Edward P. Fitts Department of Industrial & Systems Engineering","","False","3","30","#0072B2","False",""
"hwu15","Huaiyu Wu","College of Engineering","Mechanical and Aerospace Engineering","","False","5","52","#0072B2","False",""
"kgundog","Kenan Gundogdu","College of Sciences","Physics","","False","2","87","#009E73","False",""
"jhunt5","Jessica Hunt","College of Education","Teacher Education and Learning Sciences","","False","2","52","#D55E00","False",""
"cjohns26","Carla Johnson","College of Education","Science, Technology, Engineering, & Mathematics Education","","False","4","138","#D55E00","False",""
"jrbryan3","Jennifer Richmond-Bryant","College of Natural Resources","Forestry and Environmental Resources","","False","6","57","#9B59B6","False",""
"gbmckenn","Gregory McKenna","College of Engineering","Chemical and Biomolecular Engineering","","False","1","18","#0072B2","False",""
"jjwierer","Jonathan Wierer","College of Engineering","Electrical and Computer Engineering","","False","6","73","#0072B2","False",""
"rsozzan","Rosangela Sozzani","College of Agriculture and Life Sciences","Plant and Microbial Biology","","False","8","87","#E69F00","False",""
"mchen33","Mingtai Chen","College of Engineering","Mechanical and Aerospace Engineering","","False","5","26","#0072B2","False",""
"pcombet","Patrick Combettes","College of Sciences","Mathematics","","False","2","80","#009E73","False",""
"avchoulj","Alexander Chouljenko","College of Agriculture and Life Sciences","Food, Bioprocessing, and Nutrition Sciences","","False","3","9","#E69F00","False",""
"jgookin","Jody Gookin","College of Veterinary Medicine","Clinical Sciences","","False","4","72","#56B4E9","False",""
"ssheth3","Seema Sheth","College of Agriculture and Life Sciences","Plant and Microbial Biology","","False","6","43","#E69F00","False",""
"atstepan","Anna Stepanova","College of Agriculture and Life Sciences","Plant and Microbial Biology","","False","7","68","#E69F00","False",""
"fmuelle","Frank Mueller","College of Engineering","Computer Science","","False","4","107","#0072B2","False",""
"hli83","Huining Li","College of Engineering","Computer Science","","False","3","9","#0072B2","False",""
"rodrigu","Jesus Rodriguez","College of Sciences","Mathematics","","False","1","19","#009E73","False",""
"ygyingli","Yaroslava Yingling","College of Engineering","Materials Science and Engineering","","False","10","140","#0072B2","False",""
"sspaul2","Stepan Paul","College of Sciences","Mathematics","","False","2","8","#009E73","False",""
"bmritte2","Beth Ritter","Poole College of Management","Management, Innovation and Entrepreneurship","","False","1","4","#F0E442","False",""
"ebardak","Eleni Bardaka","College of Engineering","Civil, Construction and Environmental Engineering","","False","2","32","#0072B2","False",""
"eztaylor","Eileen Taylor","Poole College of Management","Accounting","","False","1","27","#F0E442","False",""
"screberg","Chris Reberg-Horton","College of Agriculture and Life Sciences","Crop and Soil Sciences","","False","5","102","#E69F00","False",""
"kdange","Kimberly Ange-Van Heugten","College of Agriculture and Life Sciences","Animal Science","","False","3","48","#E69F00","False",""
"slsimon","Sindee Simon","College of Engineering","Chemical and Biomolecular Engineering","","False","2","98","#0072B2","False",""
"rdmalhei","Ramon Malheiros","College of Agriculture and Life Sciences","Prestage Department of Poultry Science","","False","9","40","#E69F00","False",""
"mldarhow","Mark Darhower","College of Humanities and Social Sciences","World Languages and Cultures","","False","1","8","#CC79A7","False",""
"jslindse","Jonathan Lindsey","College of Sciences","Chemistry","","False","12","263","#009E73","False",""
"gnp","Gregory Parsons","College of Engineering","Chemical and Biomolecular Engineering","","False","15","241","#0072B2","False",""
"jlheitma","Josh Heitman","College of Agriculture and Life Sciences","Crop and Soil Sciences","","False","10","168","#E69F00","False",""
"jjadams2","Jacob Adams","College of Engineering","Electrical and Computer Engineering","","False","4","60","#0072B2","False",""
"sarumug","Sankarasubramanian Arumugam","College of Engineering","Civil, Construction and Environmental Engineering","","False","5","115","#0072B2","False",""
"cfrohli","Carla Frohlich","College of Sciences","Physics","","False","1","64","#009E73","False",""
"nnelson4","Natalie Nelson","College of Agriculture and Life Sciences","Biological and Agricultural Engineering","","False","10","65","#E69F00","False",""
"cmwilli5","Cranos Williams","College of Engineering","Electrical and Computer Engineering","","False","7","54","#0072B2","False",""
"rwkays","Roland Kays","College of Natural Resources","Forestry and Environmental Resources","","False","11","225","#9B59B6","False",""
"vkurapa","Vasu Kuraparthy","College of Agriculture and Life Sciences","Crop and Soil Sciences","","False","2","38","#E69F00","False",""
"qgu3","Qing Gu","College of Engineering","Electrical and Computer Engineering","","False","4","20","#0072B2","False",""
"rgmaggi","Ricardo Maggi","College of Veterinary Medicine","Clinical Sciences","","False","10","149","#56B4E9","False",""
"mwkudeno","Michael Kudenov","College of Engineering","Electrical and Computer Engineering","","False","9","120","#0072B2","False",""
"cchen32","Crystal Lee","College of Education","Teacher Education and Learning Sciences","","False","1","20","#D55E00","False",""
"mgilman","Mikhail Gilman","College of Sciences","Mathematics","","False","2","28","#009E73","False",""
"bjreich","Brian Reich","College of Sciences","Statistics","","False","10","198","#009E73","False",""
"tmrider","Traci Rider","College of Design","Architecture","","False","2","21","#E74C3C","False",""
"xzhan238","Xiangdong Zhang","College of Sciences","Marine, Earth, and Atmospheric Sciences","","False","2","9","#009E73","False",""
"njoseph2","Nathaniel Josephs","College of Sciences","Statistics","","False","1","13","#009E73","False",""
"swkullma","Seth Kullman","College of Sciences","Biological Sciences","","False","3","70","#009E73","False",""
"yyazmy","Yousry Azmy","College of Engineering","Nuclear Engineering","","False","4","32","#0072B2","False",""
"jaforre3","Jodi Forrester","College of Natural Resources","Forestry and Environmental Resources","","False","3","41","#9B59B6","False",""
"richardv","Richard Venditti","College of Natural Resources","Forest Biomaterials","","False","16","200","#9B59B6","False",""
"twu19","Tianfu Wu","College of Engineering","Electrical and Computer Engineering","","False","2","53","#0072B2","False",""
"rbhandfi","Robert Handfield","Poole College of Management","Information Technology, Analytics, & Operations","","False","3","102","#F0E442","False",""
"jlhavlin","John Havlin","College of Agriculture and Life Sciences","Crop and Soil Sciences","","False","1","18","#E69F00","False",""
"jcheng3","Jay Cheng","College of Agriculture and Life Sciences","Biological and Agricultural Engineering","","False","2","91","#E69F00","False",""
"akota2","Arun Kumar Kota","College of Engineering","Mechanical and Aerospace Engineering","","False","3","64","#0072B2","False",""
"hwade","Harald Ade","College of Sciences","Physics","","False","11","385","#009E73","False",""
"bxu22","Bowen Xu","College of Engineering","Computer Science","","False","5","16","#0072B2","False",""
"rghosh9","Ritwick Ghosh","College of Natural Resources","Forestry and Environmental Resources","","False","3","18","#9B59B6","False",""
"slzahler","Sara Zahler","College of Humanities and Social Sciences","World Languages and Cultures","","False","1","16","#CC79A7","False",""
"smsulli2","Seth Sullivant","College of Sciences","Mathematics","","False","2","65","#009E73","False",""
"nlu2","Ning Lu","College of Engineering","Electrical and Computer Engineering","","False","8","155","#0072B2","False",""
"dslalush","David Lalush","College of Engineering","Biomedical Engineering","","False","4","80","#0072B2","False",""
"barachun","Benjamin Rachunok","College of Engineering","Edward P. Fitts Department of Industrial & Systems Engineering","","False","2","18","#0072B2","False",""
"dtregea","Daniel Tregeagle","College of Agriculture and Life Sciences","Agricultural and Resource Economics","","False","2","7","#E69F00","False",""
"kdembek","Katarzyna Dembek","College of Veterinary Medicine","Clinical Sciences","","False","2","19","#56B4E9","False",""
"ebbreits","Edward Breitschwerdt","College of Veterinary Medicine","Clinical Sciences","","False","12","318","#56B4E9","False",""
"skomarn","Slavko Komarnytsky","College of Agriculture and Life Sciences","Kannapolis Research","","False","5","70","#E69F00","False",""
"rkmeente","Ross Meentemeyer","College of Natural Resources","Center for Geospatial Analytics","","False","1","127","#9B59B6","False",""
"alwoodle","Alex Woodley","College of Agriculture and Life Sciences","Crop and Soil Sciences","","False","3","40","#E69F00","False",""
"drobenou","Daniel Obenour","College of Engineering","Civil, Construction and Environmental Engineering","","False","3","50","#0072B2","False",""
"ljbobay","Louis-Marie Bobay","College of Sciences","Biological Sciences","","False","2","44","#009E73","False",""
"mlsichit","Mihail Sichitiu","College of Engineering","Electrical and Computer Engineering","","False","2","64","#0072B2","False",""
"mnpeters","Nils Peterson","College of Natural Resources","Forestry and Environmental Resources","","False","5","130","#9B59B6","False",""
"jpmather","Jacob Matherne","College of Sciences","Mathematics","","False","2","15","#009E73","False",""
"hschmit2","Hans Peter Schmitz","College of Humanities and Social Sciences","Political Science & Public Administration [in the School of Public and International Affairs]","","False","1","38","#CC79A7","False",""
"jwilli27","Jonathan Williams","College of Sciences","Statistics","","False","5","20","#009E73","False",""
"rhli2","Ronald Li","College of Veterinary Medicine","Clinical Sciences","","False","5","47","#56B4E9","False",""
"rhe","Ruoying He","College of Sciences","Marine, Earth, and Atmospheric Sciences","","False","7","126","#009E73","False",""
"tdefranc","Teresa DeFrancesco","College of Veterinary Medicine","Clinical Sciences","","False","1","70","#56B4E9","False",""
"cubbage","Frederick Cubbage","College of Natural Resources","Forestry and Environmental Resources","","False","2","115","#9B59B6","False",""
"drtarpy","David Tarpy","College of Agriculture and Life Sciences","Applied Ecology","","False","5","117","#E69F00","False",""
"jabuckel","Jeffrey Buckel","College of Agriculture and Life Sciences","Applied Ecology","","False","2","87","#E69F00","False",""
"aasmith7","Adrian Smith","College of Sciences","Biological Sciences","","False","1","16","#009E73","False",""
"jaluff","Jennifer Luff","College of Veterinary Medicine","Population Health and Pathobiology","","False","2","19","#56B4E9","False",""
"ruzsoy","Reha Uzsoy","College of Engineering","Edward P. Fitts Department of Industrial & Systems Engineering","","False","2","112","#0072B2","False",""
"arricha3","Angela Post","College of Agriculture and Life Sciences","Crop and Soil Sciences","","False","2","12","#E69F00","False",""
"vukina","Tomislav Vukina","College of Agriculture and Life Sciences","Agricultural and Resource Economics","","False","1","25","#E69F00","False",""
"kaunocic","Kinga Unocic","College of Engineering","Materials Science and Engineering","","False","4","160","#0072B2","False",""
"ktstolee","Kathryn Thomasset Stolee","College of Engineering","Computer Science","","False","1","19","#0072B2","False",""
"fncastel","Felix Castellano","College of Sciences","Chemistry","","False","13","241","#009E73","False",""
"lrbass","Lisa Bass","College of Education","Educational Leadership, Policy, and Human Development","","False","1","9","#D55E00","False",""
"lsgoodel","Suzie Goodell","College of Agriculture and Life Sciences","Food, Bioprocessing, and Nutrition Sciences","","False","3","65","#E69F00","False",""
"nccrook","Nathan Crook","College of Engineering","Chemical and Biomolecular Engineering","","False","8","54","#0072B2","False",""
"ncnelso2","Nathan Nelson","College of Veterinary Medicine","Molecular Biomedical Sciences","","False","3","32","#56B4E9","False",""
"wyu2","Wensong Yu","College of Engineering","Future Renewable Electric Energy Delivery and Management Systems Center (The)","","False","4","75","#0072B2","False",""
"aercume","Ayse Ercumen","College of Natural Resources","Forestry and Environmental Resources","","False","9","84","#9B59B6","False",""
"aavilac","Amanda Avila Cardoso","College of Agriculture and Life Sciences","Crop and Soil Sciences","","False","7","60","#E69F00","False",""
"jbeells","Jeffrey Eells","College of Veterinary Medicine","Molecular Biomedical Sciences","","False","1","15","#56B4E9","False",""
"jhdorfma","Jeffrey Dorfman","College of Agriculture and Life Sciences","Agricultural and Resource Economics","","False","3","4","#E69F00","False",""
"kmmcgui3","Keon McGuire","College of Education","Educational Leadership, Policy, and Human Development","","False","1","1","#D55E00","False",""
"rslewis","Ramsey Lewis","College of Agriculture and Life Sciences","Crop and Soil Sciences","","False","2","76","#E69F00","False",""
"narayan","Jagdish Narayan","College of Engineering","Materials Science and Engineering","","False","4","257","#0072B2","False",""
"ryin","Rong Yin","Wilson College of Textiles","Textile Engineering, Chemistry and Science","","False","6","49","#1ABC9C","False",""
"elane3","Elizabeth Lane","College of Humanities and Social Sciences","Political Science & Public Administration [in the School of Public and International Affairs]","","False","2","12","#CC79A7","False",""
"sscaag","Aziz Amoozegar","College of Agriculture and Life Sciences","Crop and Soil Sciences","","False","1","34","#E69F00","False",""
"twgannon","Travis Gannon","College of Agriculture and Life Sciences","Crop and Soil Sciences","","False","8","68","#E69F00","False",""
"vkshah2","Vijay Shah","College of Engineering","Electrical and Computer Engineering","","False","5","5","#0072B2","False",""
"zlyu3","Zhe Lyu","College of Agriculture and Life Sciences","Plant and Microbial Biology","","False","2","29","#E69F00","False",""
"aaysu","Aydin Aysu","College of Engineering","Electrical and Computer Engineering","","False","5","74","#0072B2","False",""
"rseraci","Rudi Seracino","College of Engineering","Civil, Construction and Environmental Engineering","","False","1","65","#0072B2","False",""
"avazque2","Abraham Vazquez-Guardado","College of Engineering","Electrical and Computer Engineering","","False","3","68","#0072B2","False",""
"dfrpp","David Ritchie","College of Agriculture and Life Sciences","Entomology and Plant Pathology","","False","2","15","#E69F00","False",""
"skuttal","Sandeep Kuttal","College of Engineering","Computer Science","","False","4","43","#0072B2","False",""
"gyang9","Ge Yang","College of Engineering","Nuclear Engineering","","False","2","93","#0072B2","False",""
"gngaile","Gracious Ngaile","College of Engineering","Mechanical and Aerospace Engineering","","False","1","58","#0072B2","False",""
"sisalmon","Sonja Salmon","Wilson College of Textiles","Textile Engineering, Chemistry and Science","","False","7","36","#1ABC9C","False",""
"janolans","Jennifer Nolan","College of Humanities and Social Sciences","English","","False","2","8","#CC79A7","False",""
"xliu68","Xiaojing Liu","College of Agriculture and Life Sciences","Molecular and Structural Biochemistry","","False","2","23","#E69F00","False",""
"ccgoller","Carlos Goller","College of Sciences","Biological Sciences","","False","6","66","#009E73","False",""
"nmlavoin","Nathalie Lavoine","College of Natural Resources","Forest Biomaterials","","False","5","38","#9B59B6","False",""
"fbsantos","Fernanda Santos","College of Agriculture and Life Sciences","Food, Bioprocessing, and Nutrition Sciences","","False","2","7","#E69F00","False",""
"jayoder","Jeff Yoder","College of Sciences","Biological Sciences","","False","1","83","#009E73","False",""
"sklambet","Stephanie Mathews","College of Sciences","Biological Sciences","","False","6","21","#009E73","False",""
"dzbaron","Dror Baron","College of Engineering","Electrical and Computer Engineering","","False","1","62","#0072B2","False",""
"spark","Sunkyu Park","College of Natural Resources","Forest Biomaterials","","False","15","139","#9B59B6","False",""
"wmrand","Bill Rand","Poole College of Management","Marketing","","False","3","49","#F0E442","False",""
"ejlobato","Edgar Lobaton","College of Engineering","Electrical and Computer Engineering","","False","7","109","#0072B2","False",""
"llopezq","Lorena Lopez","College of Agriculture and Life Sciences","Entomology and Plant Pathology","","False","2","19","#E69F00","False",""
"pcfyfe","Paul Fyfe","College of Humanities and Social Sciences","English","","False","1","24","#CC79A7","False",""
"kmgross2","Kathryn Grossman","College of Humanities and Social Sciences","Sociology and Anthropology","","False","2","6","#CC79A7","False",""
"lcolmen","Laura Colmenarejo","College of Sciences","Mathematics","","False","4","7","#009E73","False",""
"mlrodge2","Maria Rodgers","College of Sciences","Biological Sciences","","False","1","20","#009E73","False",""
"cmroland","Christopher Roland","College of Sciences","Physics","","False","1","49","#009E73","False",""
"dsjones5","Daniela Jones","College of Agriculture and Life Sciences","Biological and Agricultural Engineering","","False","7","25","#E69F00","False",""
"jcdietri","Casey Dietrich","College of Engineering","Civil, Construction and Environmental Engineering","","False","3","47","#0072B2","False",""
"japiedra","Jorge Piedrahita","College of Veterinary Medicine","Molecular Biomedical Sciences","","False","1","75","#56B4E9","False",""
"acdon","Donald Pagach","Poole College of Management","Accounting","","False","1","12","#F0E442","False",""
"nsui","Ning Sui","College of Agriculture and Life Sciences","Molecular and Structural Biochemistry","","False","1","11","#E69F00","False",""
"kwk","Ki Kim","College of Engineering","Electrical and Computer Engineering","","False","2","107","#0072B2","False",""
"mmaguilo","Maricar Aguilos","College of Natural Resources","Forestry and Environmental Resources","","False","9","49","#9B59B6","False",""
"jkwesp","Julie Wesp","College of Humanities and Social Sciences","Sociology and Anthropology","","False","1","13","#CC79A7","False",""
"azkabukc","Ayse Kabukcuoglu Dur","Poole College of Management","Economics","","False","1","6","#F0E442","False",""
"hji5","Hangjie Ji","College of Sciences","Mathematics","","False","3","37","#009E73","False",""
"jtuck","James Tuck","College of Engineering","Electrical and Computer Engineering","","False","1","45","#0072B2","False",""
"smenega","Stefano Menegatti","College of Engineering","Chemical and Biomolecular Engineering","","False","10","115","#0072B2","False",""
"tran","Hien Tran","College of Sciences","Mathematics","","False","2","62","#009E73","False",""
"jlhaller","Jennifer Halleran","College of Veterinary Medicine","Population Health and Pathobiology","","False","3","15","#56B4E9","False",""
"kito","Kazufumi Ito","College of Sciences","Mathematics","","False","1","69","#009E73","False",""
"cmrobvei","Cynthia Robveille","College of Veterinary Medicine","Clinical Sciences","","False","6","17","#56B4E9","False",""
"mhlittle","Michael Little","College of Education","Educational Leadership, Policy, and Human Development","","False","5","26","#D55E00","False",""
"mthuo","Martin Thuo","College of Engineering","Materials Science and Engineering","","False","7","131","#0072B2","False",""
"jliu38","Jun Liu","College of Engineering","Mechanical and Aerospace Engineering","","False","14","73","#0072B2","False",""
"dmnielse","Dahlia Nielsen","College of Sciences","Biological Sciences","","False","1","24","#009E73","False",""
"icarbon","Ignazio Carbone","College of Agriculture and Life Sciences","Entomology and Plant Pathology","","False","3","89","#E69F00","False",""
"mtchu","Moody Chu","College of Sciences","Mathematics","","False","2","48","#009E73","False",""
"cgastro","Claudia Gastrow","College of Humanities and Social Sciences","Sociology and Anthropology","","False","4","19","#CC79A7","False",""
"mlfailla","Marcelitte Failla","College of Humanities and Social Sciences","Philosophy and Religious Studies","","False","1","1","#CC79A7","False",""
"rblanger","Brian Langerhans","College of Sciences","Biological Sciences","","False","1","49","#009E73","False",""
"srmilla","Susana Milla-Lewis","College of Agriculture and Life Sciences","Crop and Soil Sciences","","False","11","78","#E69F00","False",""
"tmschaef","Thomas Schaefer","College of Sciences","Physics","","False","2","91","#009E73","False",""
"szlimhin","Simone Lim-Hing","College of Natural Resources","Forestry and Environmental Resources","","False","1","5","#9B59B6","False",""
"wekrause","Wendy Krause","Wilson College of Textiles","Textile Engineering, Chemistry and Science","","False","1","29","#1ABC9C","False",""
"nmhaenn","Nora Haenn","College of Humanities and Social Sciences","Sociology and Anthropology","","False","1","10","#CC79A7","False",""
"jli256","Jiajia Li","College of Engineering","Computer Science","","False","4","12","#0072B2","False",""
"lgtateos","Laura Tateosian","College of Natural Resources","Center for Geospatial Analytics","","False","1","22","#9B59B6","False",""
"khan","Saad Khan","College of Engineering","Chemical and Biomolecular Engineering","","False","10","178","#0072B2","False",""
"rdutta","Rudra Dutta","College of Engineering","Computer Science","","False","2","74","#0072B2","False",""
"oozdemi","Ozgur Ozdemir","College of Engineering","Electrical and Computer Engineering","","False","3","35","#0072B2","False",""
"howare","Henry Ware","College of Engineering","Mechanical and Aerospace Engineering","","False","1","9","#0072B2","False",""
"yliu335","Yuan Liu","College of Engineering","Electrical and Computer Engineering","","False","7","43","#0072B2","False",""
"fli5","Fanxing Li","College of Engineering","Chemical and Biomolecular Engineering","","False","20","170","#0072B2","False",""
"cpatton4","Colleen Patton","College of Humanities and Social Sciences","Psychology","","False","4","14","#CC79A7","False",""
"jjcarro3","Jennifer Carroll","College of Humanities and Social Sciences","Sociology and Anthropology","","False","3","61","#CC79A7","False",""
"mdparker","Matthew Parker","College of Sciences","Marine, Earth, and Atmospheric Sciences","","False","3","64","#009E73","False",""
"jldonald","Joseph Donaldson","College of Agriculture and Life Sciences","Agricultural and Human Sciences","","False","3","27","#E69F00","False",""
"msmorril","Melinda Morrill","Poole College of Management","Economics","","False","1","37","#F0E442","False",""
"mecoope3","Matthew Cooper","College of Engineering","Chemical and Biomolecular Engineering","","False","2","25","#0072B2","False",""
"mchoudo","Mallory Choudoir","College of Agriculture and Life Sciences","Plant and Microbial Biology","","False","4","24","#E69F00","False",""
"shward","Stephanie Ward","College of Agriculture and Life Sciences","Animal Science","","False","1","3","#E69F00","False",""
"apdavis5","Andrew Davis","College of Humanities and Social Sciences","Sociology and Anthropology","","False","2","16","#CC79A7","False",""
"rrkulkar","Ravi Kulkarni","College of Veterinary Medicine","Population Health and Pathobiology","","False","5","62","#56B4E9","False",""
"ttheis","Thomas Theis","College of Sciences","Chemistry","","False","11","119","#009E73","False",""
"gbuckner","Gregory Buckner","College of Engineering","Mechanical and Aerospace Engineering","","False","2","67","#0072B2","False",""
"gvalacc","Giuseppe Valacchi","College of Agriculture and Life Sciences","Kannapolis Research","","False","20","248","#E69F00","False",""
"kowalsky","Mervyn Kowalsky","College of Engineering","Civil, Construction and Environmental Engineering","","False","2","71","#0072B2","False",""
"paulf","Paul Franzon","College of Engineering","Electrical and Computer Engineering","","False","3","194","#0072B2","False",""
"kmathur","Kavita Mathur","Wilson College of Textiles","Textile and Apparel, Technology and Management","","False","1","29","#1ABC9C","False",""
"eamckenn","Erin McKenney","College of Agriculture and Life Sciences","Applied Ecology","","False","5","39","#E69F00","False",""
"spavlid","Spyridon Pavlidis","College of Engineering","Electrical and Computer Engineering","","False","7","41","#0072B2","False",""
"tlstinso","Timothy Stinson","College of Humanities and Social Sciences","English","","False","1","12","#CC79A7","False",""
"jlnietfe","John Nietfeld","College of Education","Teacher Education and Learning Sciences","","False","3","39","#D55E00","False",""
"dgkamper","Derek Kamper","College of Engineering","Biomedical Engineering","","False","4","53","#0072B2","False",""
"mcaner","Mehmet Caner","Poole College of Management","Economics","","False","1","24","#F0E442","False",""
"bcclift","Bryan Clift","College of Natural Resources","Parks, Recreation and Tourism Management","","False","4","46","#9B59B6","False",""
"tmbarnes","Tiffany Barnes","College of Engineering","Computer Science","","False","2","173","#0072B2","False",""
"tmharri7","Tara Harrison","College of Veterinary Medicine","Clinical Sciences","","False","2","63","#56B4E9","False",""
"ajkeung","Albert Keung","College of Engineering","Chemical and Biomolecular Engineering","","False","4","54","#0072B2","False",""
"bmasmith","Charles Smith","College of Sciences","Statistics","","False","1","13","#009E73","False",""
"galewbar","Gregory Lewbart","College of Veterinary Medicine","Clinical Sciences","","False","8","160","#56B4E9","False",""
"jliu96","Jianqing Liu","College of Engineering","Computer Science","","False","5","26","#0072B2","False",""
"bgwalan","Bharat Gwalani","College of Engineering","Materials Science and Engineering","","False","11","147","#0072B2","False",""
"caiglesi","Carlos Iglesias","College of Agriculture and Life Sciences","Horticultural Science","","False","1","2","#E69F00","False",""
"apullin","Allison Pullin","College of Agriculture and Life Sciences","Prestage Department of Poultry Science","","False","6","12","#E69F00","False",""
"rwmurray","Ryan Murray","College of Sciences","Mathematics","","False","1","23","#009E73","False",""
"bafloyd","Brian Floyd","College of Engineering","Electrical and Computer Engineering","","False","5","102","#0072B2","False",""
"clanzas","Cristina Lanzas","College of Veterinary Medicine","Population Health and Pathobiology","","False","6","79","#56B4E9","False",""
"kemckee","Katherine McKee","College of Agriculture and Life Sciences","Agricultural and Human Sciences","","False","2","7","#E69F00","False",""
"dosmond","Deanna Osmond","College of Agriculture and Life Sciences","Crop and Soil Sciences","","False","6","89","#E69F00","False",""
"efpearso","Erin Frey","College of Veterinary Medicine","Clinical Sciences","","False","2","20","#56B4E9","False",""
"alwelch","Amanda Ziegler","College of Veterinary Medicine","Molecular Biomedical Sciences","","False","2","31","#56B4E9","False",""
"jjacosta","Juan Acosta Jaramillo","College of Natural Resources","Forestry and Environmental Resources","","False","3","34","#9B59B6","False",""
"nrmamooz","Nadya Mamoozadeh","College of Agriculture and Life Sciences","Applied Ecology","","False","3","13","#E69F00","False",""
"jodle","Jack Odle","College of Agriculture and Life Sciences","Animal Science","","False","7","158","#E69F00","False",""
"jmpolla3","Jeffrey Pollack","Poole College of Management","Management, Innovation and Entrepreneurship","","False","6","91","#F0E442","False",""
"dsun4","Dali Sun","College of Sciences","Physics","","False","12","88","#009E73","False",""
"jzhan257","Jian Zhang","College of Veterinary Medicine","Molecular Biomedical Sciences","","False","1","7","#56B4E9","False",""
"miorizz","Massimo Iorizzo","College of Agriculture and Life Sciences","Horticultural Science","","False","12","115","#E69F00","False",""
"cyeh4","Chi-An Yeh","College of Engineering","Mechanical and Aerospace Engineering","","False","6","31","#0072B2","False",""
"qwei3","Qingshan Wei","College of Engineering","Chemical and Biomolecular Engineering","","False","9","97","#0072B2","False",""
"sesmith5","Sarah Heckman","College of Engineering","Computer Science","","False","6","37","#0072B2","False",""
"ssarka23","Susmita Sarkar","College of Engineering","Mechanical and Aerospace Engineering","","False","1","14","#0072B2","False",""
"baschult","Bruce Schulte","College of Sciences","Biological Sciences","","False","2","3","#009E73","False",""
"madesouc","Michaela DeSoucey","College of Humanities and Social Sciences","Sociology and Anthropology","","False","1","29","#CC79A7","False",""
"mdmullen","Mike Mullen","College of Agriculture and Life Sciences","Crop and Soil Sciences","","False","1","3","#E69F00","False",""
"oapetrit","Olivia Petritz","College of Veterinary Medicine","Clinical Sciences","","False","4","44","#56B4E9","False",""
"owduckwo","Owen Duckworth","College of Agriculture and Life Sciences","Crop and Soil Sciences","","False","8","83","#E69F00","False",""
"adferna2","April Fernandes","College of Humanities and Social Sciences","Sociology and Anthropology","","False","2","15","#CC79A7","False",""
"ebeltra2","Eduardo Beltranena","College of Agriculture and Life Sciences","Animal Science","","False","1","122","#E69F00","False",""
"daherna5","Daisy Ahumada","College of Agriculture and Life Sciences","Entomology and Plant Pathology","","False","12","16","#E69F00","False",""
"jsmulhol","James Mulholland","College of Humanities and Social Sciences","College of Humanities and Social Sciences Administration","","False","1","12","#CC79A7","False",""
"wtang23","Wentao Tang","College of Engineering","Chemical and Biomolecular Engineering","","False","4","49","#0072B2","False",""
"falvesc","Felipe Carvalho da Silva","College of Agriculture and Life Sciences","Animal Science","","False","8","28","#E69F00","False",""
"blnowell","Branda Nowell","College of Humanities and Social Sciences","Political Science & Public Administration [in the School of Public and International Affairs]","","False","3","46","#CC79A7","False",""
"dlrober4","David Roberts","College of Engineering","Computer Science","","False","5","49","#0072B2","False",""
"dmkearns","Devin Kearns","College of Education","Teacher Education and Learning Sciences","","False","2","57","#D55E00","False",""
"emschlie","Erin Schliep","College of Sciences","Statistics","","False","6","49","#009E73","False",""
"cnwilli6","Nathan Williams","College of Natural Resources","Parks, Recreation and Tourism Management","","False","1","6","#9B59B6","False",""
"pgao5","Peng Gao","College of Engineering","Computer Science","","False","2","2","#0072B2","False",""
"mtknauer","Mark Knauer","College of Agriculture and Life Sciences","Animal Science","","False","4","40","#E69F00","False",""
"gproest","Giorgio Proestos","College of Engineering","Civil, Construction and Environmental Engineering","","False","1","21","#0072B2","False",""
"jcdunne","Jeffrey Dunne","College of Agriculture and Life Sciences","Crop and Soil Sciences","","False","11","34","#E69F00","False",""
"sagui","Celeste Sagui","College of Sciences","Physics","","False","1","58","#009E73","False",""
"sorenson","Clyde Sorenson","College of Agriculture and Life Sciences","Entomology and Plant Pathology","","False","3","39","#E69F00","False",""
"bjreadin","Benjamin Reading","College of Agriculture and Life Sciences","Applied Ecology","","False","5","58","#E69F00","False",""
"xfang8","Xiaolei Fang","College of Engineering","Edward P. Fitts Department of Industrial & Systems Engineering","","False","2","31","#0072B2","False",""
"pojiamb","Peter Ojiambo","College of Agriculture and Life Sciences","Entomology and Plant Pathology","","False","3","93","#E69F00","False",""
"rasdorf","William Rasdorf","College of Engineering","Civil, Construction and Environmental Engineering","","False","3","77","#0072B2","False",""
"segarrig","Shelley Garrigan","College of Humanities and Social Sciences","World Languages and Cultures","","False","2","11","#CC79A7","False",""
"wfhunt","William Hunt","College of Agriculture and Life Sciences","Biological and Agricultural Engineering","","False","4","234","#E69F00","False",""
"hvtafres","Hooman Tafreshi","College of Engineering","Mechanical and Aerospace Engineering","","False","5","150","#0072B2","False",""
"birgand","Francois Birgand","College of Agriculture and Life Sciences","Biological and Agricultural Engineering","","False","2","69","#E69F00","False",""
"bwiegman","Brian Wiegmann","College of Agriculture and Life Sciences","Entomology and Plant Pathology","","False","4","66","#E69F00","False",""
"rkgupta2","Rajeev Gupta","College of Engineering","Materials Science and Engineering","","False","11","127","#0072B2","False",""
"ahuerta","Alejandra Huerta","College of Agriculture and Life Sciences","Entomology and Plant Pathology","","False","4","23","#E69F00","False",""
"eooviedo","Edgar Oviedo-Rondon","College of Agriculture and Life Sciences","Prestage Department of Poultry Science","","False","2","91","#E69F00","False",""
"jgenzer","Jan Genzer","College of Engineering","Chemical and Biomolecular Engineering","","False","7","233","#0072B2","False",""
"kstapel","Katharina Stapelmann","College of Engineering","Nuclear Engineering","","False","15","88","#0072B2","False",""
"mpsingh","Munindar Singh","College of Engineering","Computer Science","","False","10","230","#0072B2","False",""
"kenartke","Kate Nartker","Wilson College of Textiles","Textile and Apparel, Technology and Management","","False","1","7","#1ABC9C","False",""
"lgamsja","Lisa Gamsjaeger","College of Veterinary Medicine","Population Health and Pathobiology","","False","2","26","#56B4E9","False",""
"bernholc","Jerzy Bernholc","College of Sciences","Physics","","False","2","79","#009E73","False",""
"jbraun2","James Braun","College of Engineering","Mechanical and Aerospace Engineering","","False","9","60","#0072B2","False",""
"pmcavoy","Paula McAvoy","College of Education","Teacher Education and Learning Sciences","","False","1","11","#D55E00","False",""
"sleblan","Sharonda LeBlanc","College of Sciences","Physics","","False","3","13","#009E73","False",""
"alee29","Andrew Lee","College of Engineering","Mechanical and Aerospace Engineering","","False","5","33","#0072B2","False",""
"jfeng2","Jing Feng","College of Humanities and Social Sciences","Psychology","","False","3","41","#CC79A7","False",""
"ylai7","Yen-Hao (Erik) Lai","College of Veterinary Medicine","Clinical Sciences","","False","1","6","#56B4E9","False",""
"hsgill2","Harvinder Gill","College of Engineering","Chemical and Biomolecular Engineering","","False","5","83","#0072B2","False",""
"chsiao2","Lilian Hsiao","College of Engineering","Chemical and Biomolecular Engineering","","False","5","43","#0072B2","False",""
"jfpatric","Jason Patrick","College of Engineering","Civil, Construction and Environmental Engineering","","False","1","27","#0072B2","False",""
"thsieh3","Tzung Fu Hsieh","College of Agriculture and Life Sciences","Plant and Microbial Biology","","False","3","47","#E69F00","False",""
"gconant","Gavin Conant","College of Sciences","Biological Sciences","","False","1","80","#009E73","False",""
"tpang","Tao Pang","College of Sciences","Mathematics","","False","2","37","#009E73","False",""
"kmvarner","Kelley Varner","College of Veterinary Medicine","Molecular Biomedical Sciences","","False","2","3","#56B4E9","False",""
"nebuchle","Nick Buchler","College of Veterinary Medicine","Molecular Biomedical Sciences","","False","1","34","#56B4E9","False",""
"jvveliad","Victor Veliadis","College of Engineering","Electrical and Computer Engineering","","False","2","93","#0072B2","False",""
"murty","Korukonda Murty","College of Engineering","Nuclear Engineering","","False","2","113","#0072B2","False",""
"amhardis","Annie Hardison-Moody","College of Agriculture and Life Sciences","Agricultural and Human Sciences","","False","2","43","#E69F00","False",""
"kasulli5","Kristen Sullivan","College of Veterinary Medicine","Population Health and Pathobiology","","False","3","3","#56B4E9","False",""
"yszhang","Y  Stacy Zhang","College of Sciences","Marine, Earth, and Atmospheric Sciences","","False","4","23","#009E73","False",""
"hchen57","Hsuan Chen","College of Agriculture and Life Sciences","Horticultural Science","","False","6","25","#E69F00","False",""
"yzhu7","Yong Zhu","College of Engineering","Mechanical and Aerospace Engineering","","False","5","214","#0072B2","False",""
"thassan","Tasnim Hassan","College of Engineering","Civil, Construction and Environmental Engineering","","False","2","71","#0072B2","False",""
"vmcatete","Veronica Catete","College of Engineering","Computer Science","","False","6","76","#0072B2","False",""
"xjjeng","Xinge Jeng","College of Sciences","Statistics","","False","1","24","#009E73","False",""
"jwhiteh2","Justin Whitehill","College of Natural Resources","Forestry and Environmental Resources","","False","4","28","#9B59B6","False",""
"skais","Sabre Kais","College of Engineering","Electrical and Computer Engineering","","False","15","142","#0072B2","False",""
"vnaraya3","Venkateswaran Narayanaswamy","College of Engineering","Mechanical and Aerospace Engineering","","False","13","93","#0072B2","False",""
"spark26","Soonhye Park","College of Education","Science, Technology, Engineering, & Mathematics Education","","False","2","54","#D55E00","False",""
"cmbyrd3","Christy Byrd","College of Education","Teacher Education and Learning Sciences","","False","1","40","#D55E00","False",""
"rebaynes","Ronald Baynes","College of Veterinary Medicine","Population Health and Pathobiology","","False","7","131","#56B4E9","False",""
"mscastil","Miguel Castillo","College of Agriculture and Life Sciences","Crop and Soil Sciences","","False","2","48","#E69F00","False",""
"hluo2","Hong Luo","College of Engineering","Mechanical and Aerospace Engineering","","False","1","52","#0072B2","False",""
"rtian2","Renran Tian","College of Engineering","Edward P. Fitts Department of Industrial & Systems Engineering","","False","2","57","#0072B2","False",""
"areysan","Camilo Rey-Sanchez","College of Sciences","Marine, Earth, and Atmospheric Sciences","","False","1","37","#009E73","False",""
"jyin8","Jie Yin","College of Engineering","Mechanical and Aerospace Engineering","","False","5","85","#0072B2","False",""
"tschroe","Thomas Schroeder","Wilson College of Textiles","Textile Engineering, Chemistry and Science","","False","1","13","#1ABC9C","False",""
"zhilin","Zhilin Li","College of Sciences","Mathematics","","False","3","111","#009E73","False",""
"bdhansen","Bernie Hansen","College of Veterinary Medicine","Clinical Sciences","","False","1","37","#56B4E9","False",""
"hsheese","H  Sebastian Heese","Poole College of Management","Information Technology, Analytics, & Operations","","False","3","49","#F0E442","False",""
"jaosborn","Jason Osborne","College of Sciences","Statistics","","False","2","80","#009E73","False",""
"rpaerl","Ryan Paerl","College of Sciences","Marine, Earth, and Atmospheric Sciences","","False","3","32","#009E73","False",""
"rbwood3","Rachael Wood","College of Veterinary Medicine","Clinical Sciences","","False","1","1","#56B4E9","False",""
"amitra2","Aritra Mitra","College of Engineering","Electrical and Computer Engineering","","False","1","7","#0072B2","False",""
"mjknuth","Melinda Knuth","College of Agriculture and Life Sciences","Horticultural Science","","False","3","40","#E69F00","False",""
"jkpacifi","Krishna Pacifici","College of Natural Resources","Forestry and Environmental Resources","","False","5","70","#9B59B6","False",""
"aanevzor","Alexander Nevzorov","College of Sciences","Chemistry","","False","1","42","#009E73","False",""
"gary","Gary Lackmann","College of Sciences","Marine, Earth, and Atmospheric Sciences","","False","2","65","#009E73","False",""
"sitar","Zlatko Sitar","College of Engineering","Materials Science and Engineering","","False","5","226","#0072B2","False",""
"amwisema","Angela Wiseman","College of Education","Teacher Education and Learning Sciences","","False","3","22","#D55E00","False",""
"jfgrifen","Jill Grifenhagen","College of Education","Teacher Education and Learning Sciences","","False","3","22","#D55E00","False",""
"glmille3","Grady Miller","College of Agriculture and Life Sciences","Crop and Soil Sciences","","False","7","66","#E69F00","False",""
"jshen3","Jialong Shen","Wilson College of Textiles","Textile Engineering, Chemistry and Science","","False","3","38","#1ABC9C","False",""
"wjwarner","Wendy Warner","College of Agriculture and Life Sciences","Agricultural and Human Sciences","","False","1","19","#E69F00","False",""
"mbgoshe","Michael Goshe","College of Agriculture and Life Sciences","Molecular and Structural Biochemistry","","False","1","46","#E69F00","False",""
"jryu","Jong Eun Ryu","College of Engineering","Mechanical and Aerospace Engineering","","False","8","89","#0072B2","False",""
"cjohns28","Corey Johnson","College of Natural Resources","Parks, Recreation and Tourism Management","","False","2","92","#9B59B6","False",""
"fjlouws","Frank Louws","College of Agriculture and Life Sciences","Horticultural Science","","False","7","89","#E69F00","False",""
"smlukic","Srdjan Lukic","College of Engineering","Electrical and Computer Engineering","","False","6","107","#0072B2","False",""
"aaiyyer","Anantha Aiyyer","College of Sciences","Marine, Earth, and Atmospheric Sciences","","False","2","44","#009E73","False",""
"jdbloom","Dara Bloom","College of Agriculture and Life Sciences","Agricultural and Human Sciences","","False","1","26","#E69F00","False",""
"ekautz","Elizabeth Kautz","College of Engineering","Nuclear Engineering","","False","4","87","#0072B2","False",""
"avanwal","Acer VanWallendael","College of Agriculture and Life Sciences","Horticultural Science","","False","7","24","#E69F00","False",""
"jfhawkin","Jan Hawkins","College of Veterinary Medicine","Clinical Sciences","","False","1","1","#56B4E9","False",""
"pflynn","Patrick Flynn","Poole College of Management","Management, Innovation and Entrepreneurship","","False","1","8","#F0E442","False",""
"baquroll","Barbara Qurollo","College of Veterinary Medicine","Clinical Sciences","","False","2","48","#56B4E9","False",""
"gflist","George List","College of Engineering","Civil, Construction and Environmental Engineering","","False","1","65","#0072B2","False",""
"rparaju","Rajan Parajuli","College of Natural Resources","Forestry and Environmental Resources","","False","10","75","#9B59B6","False",""
"vlindsa","Vincent Lindsay","College of Sciences","Chemistry","","False","4","51","#009E73","False",""
"jcallair","Jason Allaire","College of Humanities and Social Sciences","Psychology","","False","1","54","#CC79A7","False",""
"muse","Spencer Muse","College of Sciences","Statistics","","False","2","12","#009E73","False",""
"mgonza22","Maru Gonzalez","College of Agriculture and Life Sciences","Agricultural and Human Sciences","","False","2","21","#E69F00","False",""
"tghosh","Tushar Ghosh","Wilson College of Textiles","Textile Engineering, Chemistry and Science","","False","1","51","#1ABC9C","False",""
"amgrunde","Amy Grunden","College of Agriculture and Life Sciences","North Carolina Agricultural Research Service","","False","4","60","#E69F00","False",""
"pflaleic","Frederik Laleicke","College of Natural Resources","Forest Biomaterials","","False","3","9","#9B59B6","False",""
"jrzink","Jim Zink","College of Humanities and Social Sciences","Political Science & Public Administration [in the School of Public and International Affairs]","","False","1","11","#CC79A7","False",""
"jgpierce","Joshua Pierce","College of Sciences","Chemistry","","False","2","71","#009E73","False",""
"wjasper","Warren Jasper","Wilson College of Textiles","Textile Engineering, Chemistry and Science","","False","2","33","#1ABC9C","False",""
"msuh2","Minyoung Suh","Wilson College of Textiles","Textile and Apparel, Technology and Management","","False","3","28","#1ABC9C","False",""
"bwhipker","Brian Whipker","College of Agriculture and Life Sciences","Horticultural Science","","False","6","62","#E69F00","False",""
"damarks","Devorah Stowe","College of Veterinary Medicine","Population Health and Pathobiology","","False","2","36","#56B4E9","False",""
"jnpearso","Jamie Pearson","College of Education","Teacher Education and Learning Sciences","","False","1","18","#D55E00","False",""
"slin23","Shih-Chun Lin","College of Engineering","Electrical and Computer Engineering","","False","5","60","#0072B2","False",""
"tjhorn","Tim Horn","College of Engineering","Mechanical and Aerospace Engineering","","False","5","56","#0072B2","False",""
"bwbeeler","Benjamin Beeler","College of Engineering","Nuclear Engineering","","False","8","63","#0072B2","False",""
"dmrieder","David Rieder","College of Humanities and Social Sciences","English","","False","4","5","#CC79A7","False",""
"jwb","John Baugh","College of Engineering","Civil, Construction and Environmental Engineering","","False","2","27","#0072B2","False",""
"misra","Kailash Misra","College of Sciences","Mathematics","","False","2","40","#009E73","False",""
"liclarke","Laura Clarke","College of Sciences","Physics","","False","1","37","#009E73","False",""
"kaharfou","Khaled Abdel Harfoush","College of Engineering","Computer Science","","False","3","20","#0072B2","False",""
"cmlewell","Christina Lewellen","Poole College of Management","Accounting","","False","1","9","#F0E442","False",""
"srhopkin","Skylar Hopkins","College of Agriculture and Life Sciences","Applied Ecology","","False","1","25","#E69F00","False",""
"hroessn","Holly Roessner","College of Veterinary Medicine","Clinical Sciences","","False","1","11","#56B4E9","False",""
"efimenko","Kirill Efimenko","College of Engineering","Chemical and Biomolecular Engineering","","False","5","45","#0072B2","False",""
"imali","Ivana Mali","College of Natural Resources","Forestry and Environmental Resources","","False","5","33","#9B59B6","False",""
"lmneal2","Luke Neal","College of Engineering","Chemical and Biomolecular Engineering","","False","4","49","#0072B2","False",""
"mjscott3","Maxwell Scott","College of Agriculture and Life Sciences","Entomology and Plant Pathology","","False","10","82","#E69F00","False",""
"sgaddam4","Shobhan Gaddameedhi","College of Sciences","Biological Sciences","","False","4","52","#009E73","False",""
"mkatti","Madhusudan Katti","College of Humanities and Social Sciences","Interdisciplinary Studies","","False","1","41","#CC79A7","False",""
"mmcmull","Michelle McMullin","College of Humanities and Social Sciences","English","","False","2","7","#CC79A7","False",""
"bspace","Brian Space","College of Sciences","Chemistry","","False","4","131","#009E73","False",""
"jbtracy","Joseph Tracy","College of Engineering","Materials Science and Engineering","","False","4","88","#0072B2","False",""
"johata","Jun Ohata","College of Sciences","Chemistry","","False","5","46","#009E73","False",""
"mkuriha","Manabu Kurihara","College of Veterinary Medicine","Molecular Biomedical Sciences","","False","5","6","#56B4E9","False",""
"amknowl3","Anna Gibson","College of Humanities and Social Sciences","English","","False","1","6","#CC79A7","False",""
"choyo","Cathrine Hoyo","College of Sciences","Biological Sciences","","False","15","153","#009E73","False",""
"eadenhar","Emiel Den Hartog","Wilson College of Textiles","Textile Engineering, Chemistry and Science","","False","7","71","#1ABC9C","False",""
"jeapen","Jacob Eapen","College of Engineering","Nuclear Engineering","","False","1","30","#0072B2","False",""
"tmkon","Tom Kon","College of Agriculture and Life Sciences","Horticultural Science","","False","1","12","#E69F00","False",""
"wliu25","Wusheng Liu","College of Agriculture and Life Sciences","Horticultural Science","","False","3","42","#E69F00","False",""
"ctfriend","Craig Friend","College of Humanities and Social Sciences","History","","False","1","7","#CC79A7","False",""
"celeprev","Catherine LePrevost","College of Agriculture and Life Sciences","Applied Ecology","","False","7","45","#E69F00","False",""
"jahoppin","Jane Hoppin","College of Sciences","Biological Sciences","","False","3","205","#009E73","False",""
"ahjhala","Arnav Jhala","College of Engineering","Computer Science","","False","3","42","#0072B2","False",""
"jpwang","Jack Wang","College of Natural Resources","Forestry and Environmental Resources","","False","3","54","#9B59B6","False",""
"hhuang11","He Huang","College of Engineering","Biomedical Engineering","","False","8","216","#0072B2","False",""
"lmgonza4","Liara Gonzalez","College of Veterinary Medicine","Clinical Sciences","","False","3","48","#56B4E9","False",""
"hmitaso","Helena Mitasova","College of Sciences","Marine, Earth, and Atmospheric Sciences","","False","1","95","#009E73","False",""
"mmfarazm","Mohammad Farazmand","College of Sciences","Mathematics","","False","1","44","#009E73","False",""
"yxu11","Yingjiao Xu","Wilson College of Textiles","Textile and Apparel, Technology and Management","","False","4","52","#1ABC9C","False",""
"hshuang","Hsiao-Ying Shadow Huang","College of Engineering","Mechanical and Aerospace Engineering","","False","1","56","#0072B2","False",""
"klmarti3","Katie Martin","College of Natural Resources","Forestry and Environmental Resources","","False","3","30","#9B59B6","False",""
"cheil","Caiti Heil","College of Sciences","Biological Sciences","","False","4","30","#009E73","False",""
"cwkampe","Chris Kampe","College of Humanities and Social Sciences","English","","False","1","1","#CC79A7","False",""
"jrhall","Jonathan Hall","College of Sciences","Biological Sciences","","False","1","10","#009E73","False",""
"dxlascel","Duncan Lascelles","College of Veterinary Medicine","Clinical Sciences","","False","13","226","#56B4E9","False",""
"wtang8","Wenyuan Tang","College of Engineering","Electrical and Computer Engineering","","False","8","40","#0072B2","False",""
"akaprav","Alexandros Kapravelos","College of Engineering","Computer Science","","False","2","25","#0072B2","False",""
"mbreen3","Matthew Breen","College of Veterinary Medicine","Molecular Biomedical Sciences","","False","5","123","#56B4E9","False",""
"lyons","Kevin Lyons","College of Engineering","Mechanical and Aerospace Engineering","","False","1","24","#0072B2","False",""
"megruen","Margaret Gruen","College of Veterinary Medicine","Clinical Sciences","","False","9","97","#56B4E9","False",""
"mvjoseph","Michael Joseph","College of Agriculture and Life Sciences","Prestage Department of Poultry Science","","False","3","25","#E69F00","False",""
"ktate","Kathryn Stevenson","College of Natural Resources","Parks, Recreation and Tourism Management","","False","5","75","#9B59B6","False",""
"kakosenk","Kama Kosenko","College of Humanities and Social Sciences","Communication","","False","1","30","#CC79A7","False",""
"ihusain2","Iqbal Husain","College of Engineering","Electrical and Computer Engineering","","False","15","200","#0072B2","False",""
"ksjayara","Koralalage Jayaratne","College of Agriculture and Life Sciences","Agricultural and Human Sciences","","False","1","20","#E69F00","False",""
"mtseifri","Martin Seifrid","College of Engineering","Materials Science and Engineering","","False","3","51","#0072B2","False",""
"jfbrazel","Joseph Brazel","Poole College of Management","Accounting","","False","3","18","#F0E442","False",""
"tcaner","Turanay Caner","Poole College of Management","Management, Innovation and Entrepreneurship","","False","2","6","#F0E442","False",""
"jedmond2","Jeremy Edmondson","College of Engineering","Electrical and Computer Engineering","","False","2","2","#0072B2","False",""
"xshen5","Xipeng Shen","College of Engineering","Computer Science","","False","9","160","#0072B2","False",""
"syang24","Shu Yang","College of Sciences","Statistics","","False","12","91","#009E73","False",""
"mpairis","Monique Pairis-Garcia","College of Veterinary Medicine","Population Health and Pathobiology","","False","11","78","#56B4E9","False",""
"dasalvi","Deepti Salvi","College of Agriculture and Life Sciences","Food, Bioprocessing, and Nutrition Sciences","","False","5","50","#E69F00","False",""
"kgarcia2","Kevin Garcia","College of Agriculture and Life Sciences","Crop and Soil Sciences","","False","5","67","#E69F00","False",""
"skim235","Serena Kim","College of Humanities and Social Sciences","Political Science & Public Administration [in the School of Public and International Affairs]","","False","3","17","#CC79A7","False",""
"jzhan256","Jing Zhang","College of Agriculture and Life Sciences","Horticultural Science","","False","4","28","#E69F00","False",""
"kbusch","K C Busch","College of Education","Science, Technology, Engineering, & Mathematics Education","","False","3","25","#D55E00","False",""
"xliu96","Xiaorui Liu","College of Engineering","Computer Science","","False","2","12","#0072B2","False",""
"pferket","Peter Ferket","College of Agriculture and Life Sciences","Prestage Department of Poultry Science","","False","3","80","#E69F00","False",""
"ekyoungs","Elsa Youngsteadt","College of Agriculture and Life Sciences","Applied Ecology","","False","5","45","#E69F00","False",""
"zqu5","Zhen Qu","College of Sciences","Marine, Earth, and Atmospheric Sciences","","False","3","36","#009E73","False",""
"ajbandod","Amay Bandodkar","College of Engineering","Electrical and Computer Engineering","","False","1","83","#0072B2","False",""
"gspowel2","Gareth Powell","College of Agriculture and Life Sciences","Entomology and Plant Pathology","","False","8","49","#E69F00","False",""
"jccarr","Jon Carr","Poole College of Management","Management, Innovation and Entrepreneurship","","False","3","30","#F0E442","False",""
"mgpapich","Mark Papich","College of Veterinary Medicine","Molecular Biomedical Sciences","","False","13","247","#56B4E9","False",""
"mmmoore4","Marguerite Moore","Wilson College of Textiles","Textile and Apparel, Technology and Management","","False","1","18","#1ABC9C","False",""
"ahk","Hamid Krim","College of Engineering","Electrical and Computer Engineering","","False","1","135","#0072B2","False",""
"memayorg","Maria Mayorga","College of Engineering","Engineering Research","","False","3","85","#0072B2","False",""
"zmitkov","Zlatin Mitkov","College of Humanities and Social Sciences","Political Science & Public Administration [in the School of Public and International Affairs]","","False","1","4","#CC79A7","False",""
"gdcollin","Guy Collins","College of Agriculture and Life Sciences","Crop and Soil Sciences","","False","4","25","#E69F00","False",""
"dfarfur","Dima Farfurnik","College of Engineering","Electrical and Computer Engineering","","False","1","24","#0072B2","False",""
"smbelch2","Scott Belcher","College of Sciences","Biological Sciences","","False","1","69","#009E73","False",""
"ajjaeger","Audrey Jaeger","College of Education","Educational Leadership, Policy, and Human Development","","False","2","42","#D55E00","False",""
"ghaikal","Ghadir Haikal","College of Engineering","Civil, Construction and Environmental Engineering","","False","1","2","#0072B2","False",""
"hsu4","Hao Su","College of Engineering","Mechanical and Aerospace Engineering","","False","2","36","#0072B2","False",""
"ikalnin","Ilze Kalnina","Poole College of Management","Economics","","False","2","8","#F0E442","False",""
"menomot","Masataka Enomoto","College of Veterinary Medicine","Clinical Sciences","","False","5","27","#56B4E9","False",""
"kemahony","Kristen Mahony-Atallah","College of Humanities and Social Sciences","Psychology","","False","3","8","#CC79A7","False",""
"hzheng23","Haotian Zheng","College of Agriculture and Life Sciences","Food, Bioprocessing, and Nutrition Sciences","","False","8","39","#E69F00","False",""
"dkim29","Daisoon Kim","Poole College of Management","Economics","","False","1","7","#F0E442","False",""
"gwlucier","Gregory Lucier","College of Engineering","Civil, Construction and Environmental Engineering","","False","1","29","#0072B2","False",""
"sbshah3","Sanjay Shah","College of Agriculture and Life Sciences","Biological and Agricultural Engineering","","False","2","54","#E69F00","False",""
"osmalgon","Onkar Malgonde","Poole College of Management","Information Technology, Analytics, & Operations","","False","4","4","#F0E442","False",""
"cddenson","Cameron Denson","College of Education","Science, Technology, Engineering, & Mathematics Education","","False","1","2","#D55E00","False",""
"rhernan4","Ricardo Hernandez","College of Agriculture and Life Sciences","Horticultural Science","","False","3","41","#E69F00","False",""
"rllongla","Richard Longland","College of Sciences","Physics","","False","7","72","#009E73","False",""
"tsmorril","Thayer Morrill","Poole College of Management","Economics","","False","1","24","#F0E442","False",""
"rjanaki","Ram Janakiraman","Poole College of Management","Marketing","","False","1","29","#F0E442","False",""
"rlbayles","Rosemary Bayless","College of Veterinary Medicine","Molecular Biomedical Sciences","","False","3","10","#56B4E9","False",""
"assuryaw","Amol Suryawanshi","College of Veterinary Medicine","Population Health and Pathobiology","","False","1","52","#56B4E9","False",""
"alietz","Amanda Lietz","College of Engineering","Nuclear Engineering","","False","7","23","#0072B2","False",""
"claplan","Caroline Laplante","College of Veterinary Medicine","Molecular Biomedical Sciences","","False","1","20","#56B4E9","False",""
"sshasha2","Sara Shashaani","College of Engineering","Edward P. Fitts Department of Industrial & Systems Engineering","","False","1","36","#0072B2","False",""
"flaggne","Florian Laggner","College of Engineering","Nuclear Engineering","","False","9","92","#0072B2","False",""
"xwang97","Xiaoqiu Wang","College of Agriculture and Life Sciences","Animal Science","","False","3","52","#E69F00","False",""
"ggbriana","Briana Gaines","College of Education","Educational Leadership, Policy, and Human Development","","False","1","1","#D55E00","False",""
"mroe","R  Michael Roe","College of Agriculture and Life Sciences","Entomology and Plant Pathology","","False","1","75","#E69F00","False",""
"xli24","Xu Li","College of Agriculture and Life Sciences","Plant and Microbial Biology","","False","2","38","#E69F00","False",""
"ragupta","Rachana Gupta","College of Engineering","Electrical and Computer Engineering","","False","2","17","#0072B2","False",""
"agrinba","Alon Greenbaum","College of Engineering","Biomedical Engineering","","False","1","24","#0072B2","False",""
"slchen2","Stefanie Chen","College of Sciences","Biological Sciences","","False","2","21","#009E73","False",""
"macowley","Michael Cowley","College of Sciences","Biological Sciences","","False","4","30","#009E73","False",""
"cehartm2","Catherine Hartman","College of Education","Educational Leadership, Policy, and Human Development","","False","1","10","#D55E00","False",""
"classen","John Classen","College of Agriculture and Life Sciences","Biological and Agricultural Engineering","","False","1","40","#E69F00","False",""
"jmlectio","Jennine Lection","College of Veterinary Medicine","Clinical Sciences","","False","1","8","#56B4E9","False",""
"smcoster","Stacy DeCoster","College of Humanities and Social Sciences","Sociology and Anthropology","","False","2","29","#CC79A7","False",""
"amlocke2","Anna Locke","College of Agriculture and Life Sciences","Crop and Soil Sciences","","False","4","35","#E69F00","False",""
"ktefft","Karen Tefft","College of Veterinary Medicine","Clinical Sciences","","False","1","6","#56B4E9","False",""
"kzhou22","Kaixiong Zhou","College of Engineering","Electrical and Computer Engineering","","False","1","39","#0072B2","False",""
"pdumbach","Paul Umbach","College of Education","Educational Leadership, Policy, and Human Development","","False","1","24","#D55E00","False",""
"czakas","Christina Zakas","College of Sciences","Biological Sciences","","False","1","25","#009E73","False",""
"sljone13","Susan J Benoy","College of Agriculture and Life Sciences","Prestage Department of Poultry Science","","False","1","2","#E69F00","False",""
"dcarte22","Darius Carter","College of Engineering","Mechanical and Aerospace Engineering","","False","2","9","#0072B2","False",""
"blkirkma","Bradley Kirkman","Poole College of Management","Management, Innovation and Entrepreneurship","","False","3","76","#F0E442","False",""
"carendt","Carli Arendt","College of Sciences","Marine, Earth, and Atmospheric Sciences","","False","3","31","#009E73","False",""
"jher","Jiwoong Her","College of Veterinary Medicine","Clinical Sciences","","False","6","35","#56B4E9","False",""
"jducoste","Joel Ducoste","College of Engineering","Engineering Research","","False","6","93","#0072B2","False",""
"kanderso","Kenneth Anderson","College of Agriculture and Life Sciences","Prestage Department of Poultry Science","","False","9","107","#E69F00","False",""
"nsingle","Nicola Singletary","College of Agriculture and Life Sciences","Food, Bioprocessing, and Nutrition Sciences","","False","1","6","#E69F00","False",""
"wjiang8","Wen Jiang","College of Engineering","Nuclear Engineering","","False","4","67","#0072B2","False",""
"ddreisig","Dominic Reisig","College of Agriculture and Life Sciences","Entomology and Plant Pathology","","False","29","186","#E69F00","False",""
"gabr","Mohammed Gabr","College of Engineering","Civil, Construction and Environmental Engineering","","False","3","124","#0072B2","False",""
"awhitfi","Anna Whitfield","College of Agriculture and Life Sciences","Entomology and Plant Pathology","","False","4","110","#E69F00","False",""
"arescobe","Adolfo Escobedo","College of Engineering","Edward P. Fitts Department of Industrial & Systems Engineering","","False","2","22","#0072B2","False",""
"dlee48","Donggun Lee","College of Engineering","Mechanical and Aerospace Engineering","","False","2","7","#0072B2","False",""
"mrhyman","Michael Hyman","College of Agriculture and Life Sciences","Plant and Microbial Biology","","False","2","34","#E69F00","False",""
"fakish","Fred Kish","College of Engineering","Electrical and Computer Engineering","","False","3","8","#0072B2","False",""
"bmmorten","Brina Montoya","College of Engineering","Civil, Construction and Environmental Engineering","","False","2","105","#0072B2","False",""
"csgalik","Christopher Galik","College of Humanities and Social Sciences","Political Science & Public Administration [in the School of Public and International Affairs]","","False","1","42","#CC79A7","False",""
"eaison","Elon Ison","College of Sciences","Chemistry","","False","3","49","#009E73","False",""
"dknazov","David Knazovicky","College of Veterinary Medicine","Clinical Sciences","","False","2","17","#56B4E9","False",""
"mastanko","Michael Stanko","Poole College of Management","Marketing","","False","1","17","#F0E442","False",""
"oargell","Orlando Arguello-Miranda","College of Agriculture and Life Sciences","Plant and Microbial Biology","","False","4","21","#E69F00","False",""
"rwhited","Rob Whited","Poole College of Management","Accounting","","False","1","11","#F0E442","False",""
"tghashg","Troy Ghashghaei","College of Veterinary Medicine","Molecular Biomedical Sciences","","False","1","45","#56B4E9","False",""
"krmunana","Karen Munana","College of Veterinary Medicine","Clinical Sciences","","False","5","69","#56B4E9","False",""
"arumyan","Artem Rumyantsev","College of Engineering","Chemical and Biomolecular Engineering","","False","3","45","#0072B2","False",""
"bmmcconn","Brandon McConnell","College of Engineering","Edward P. Fitts Department of Industrial & Systems Engineering","","False","6","30","#0072B2","False",""
"agulyuk","Alexey Gulyuk","College of Engineering","Materials Science and Engineering","","False","2","7","#0072B2","False",""
"ajmanion","Andrew Manion","College of Sciences","Mathematics","","False","1","6","#009E73","False",""
"mulvey","Paul Mulvey","Poole College of Management","Management, Innovation and Entrepreneurship","","False","1","5","#F0E442","False",""
"sdneuper","Shevaun Neupert","College of Humanities and Social Sciences","Psychology","","False","5","105","#CC79A7","False",""
"vskokov","Vladimir Skokov","College of Sciences","Physics","","False","3","222","#009E73","False",""
"martinjd","James Martin","College of Sciences","Chemistry","","False","1","46","#009E73","False",""
"lvschnab","Lauren Schnabel","College of Veterinary Medicine","Clinical Sciences","","False","5","102","#56B4E9","False",""
"udur","Umut Dur","Poole College of Management","Economics","","False","2","33","#F0E442","False",""
"jsbaker4","Justin Baker","College of Natural Resources","Forestry and Environmental Resources","","False","8","84","#9B59B6","False",""
"jpkerns","James Kerns","College of Agriculture and Life Sciences","Entomology and Plant Pathology","","False","3","47","#E69F00","False",""
"peaveret","Paige Averett","College of Humanities and Social Sciences","Social Work","","False","1","53","#CC79A7","False",""
"mcricker","Matt Ricker","College of Agriculture and Life Sciences","Crop and Soil Sciences","","False","1","27","#E69F00","False",""
"twprice","Thomas Price","College of Engineering","Computer Science","","False","5","56","#0072B2","False",""
"slarson","Sarah Larson","College of Sciences","Marine, Earth, and Atmospheric Sciences","","False","4","26","#009E73","False",""
"xilin","Lin Xi","College of Agriculture and Life Sciences","Animal Science","","False","9","121","#E69F00","False",""
"jastern","Joshua Stern","College of Veterinary Medicine","College of Veterinary Medicine Administration","","False","9","149","#56B4E9","False",""
"jwalgenb","James Walgenbach","College of Agriculture and Life Sciences","Entomology and Plant Pathology","","False","3","47","#E69F00","False",""
"mkpeed","Katie Sheats","College of Veterinary Medicine","College of Veterinary Medicine Administration","","False","5","42","#56B4E9","False",""
"mlardons","Marcelo Ardon","College of Natural Resources","Forestry and Environmental Resources","","False","8","67","#9B59B6","False",""
"jlfulks","Jessica Singleton","Wilson College of Textiles","Textile and Apparel, Technology and Management","","False","1","1","#1ABC9C","False",""
"hzhou","Huiyang Zhou","College of Engineering","Electrical and Computer Engineering","","False","5","86","#0072B2","False",""
"jwdoser","Jeffrey Doser","College of Natural Resources","Forestry and Environmental Resources","","False","5","24","#9B59B6","False",""
"mddickey","Michael Dickey","College of Engineering","Chemical and Biomolecular Engineering","","False","19","320","#0072B2","False",""
"amallav","Aditi Mallavarapu","College of Engineering","Computer Science","","False","1","9","#0072B2","False",""
"kanarde","Katherine Anarde","College of Engineering","Civil, Construction and Environmental Engineering","","False","1","8","#0072B2","False",""
"fmeille","Flora Meilleur","College of Agriculture and Life Sciences","Molecular and Structural Biochemistry","","False","3","90","#E69F00","False",""
"anveleva","Anka Veleva","College of Engineering","Biomedical Engineering","","False","1","10","#0072B2","False",""
"ardequei","Anderson de Queiroz","College of Engineering","Civil, Construction and Environmental Engineering","","False","4","64","#0072B2","False",""
"dcdorman","David Dorman","College of Veterinary Medicine","Molecular Biomedical Sciences","","False","1","91","#56B4E9","False",""
"erfeuer","Beth Feuer","College of Education","Teacher Education and Learning Sciences","","False","1","1","#D55E00","False",""
"wlu4","Wenbin Lu","College of Sciences","Statistics","","False","1","111","#009E73","False",""
"caharms","Craig Harms","College of Veterinary Medicine","Clinical Sciences","","False","4","147","#56B4E9","False",""
"svincent","Steven Vincent","College of Humanities and Social Sciences","History","","False","2","29","#CC79A7","False",""
"fwu","Fen Wu","College of Engineering","Mechanical and Aerospace Engineering","","False","7","137","#0072B2","False",""
"cbaker5","Christa Baker","College of Sciences","Biological Sciences","","False","1","17","#009E73","False",""
"awmeade","Adam Meade","College of Humanities and Social Sciences","Psychology","","False","1","50","#CC79A7","False",""
"zalsmad","Zeinab Alsmadi","College of Engineering","Nuclear Engineering","","False","1","7","#0072B2","False",""
"agorny","Adrienne Gorny","College of Agriculture and Life Sciences","Entomology and Plant Pathology","","False","7","30","#E69F00","False",""
"zsbrown2","Zachary Brown","College of Agriculture and Life Sciences","Agricultural and Resource Economics","","False","2","45","#E69F00","False",""
"hsbanzh2","Spencer Banzhaf","College of Agriculture and Life Sciences","Agricultural and Resource Economics","","False","2","13","#E69F00","False",""
"mayousse","Mohamed Youssef","College of Agriculture and Life Sciences","Biological and Agricultural Engineering","","False","3","72","#E69F00","False",""
"lxiang3","Lirong Xiang","College of Agriculture and Life Sciences","Biological and Agricultural Engineering","","False","5","28","#E69F00","False",""
"mbfisher","Matthew Fisher","College of Engineering","Biomedical Engineering","","False","4","82","#0072B2","False",""
"melugove","Monica Lugo Velez","College of Humanities and Social Sciences","World Languages and Cultures","","False","1","2","#CC79A7","False",""
"aamassi","Aram Amassian","College of Engineering","Materials Science and Engineering","","False","4","78","#0072B2","False",""
"msolufse","Mette Olufsen","College of Sciences","Mathematics","","False","3","73","#009E73","False",""
"sjiao2","Shuyin Jiao","College of Engineering","Computer Science","","False","2","6","#0072B2","False",""
"qyxiang","Qiuyun Xiang","College of Agriculture and Life Sciences","Plant and Microbial Biology","","False","1","78","#E69F00","False",""
"mabolha","Milad Abolhasani","College of Engineering","Chemical and Biomolecular Engineering","","False","11","119","#0072B2","False",""
"hlee33","Hanna Lee","Wilson College of Textiles","Textile and Apparel, Technology and Management","","False","4","19","#1ABC9C","False",""
"tbdimitr","Lina Battestilli","College of Engineering","Computer Science","","False","3","35","#0072B2","False",""
"jcolehu","Jacqueline Cole","College of Engineering","Biomedical Engineering","","False","4","41","#0072B2","False",""
"yliu292","Yin Liu","College of Engineering","Materials Science and Engineering","","False","3","43","#0072B2","False",""
"tssaksal","Teemu Saksala","College of Sciences","Mathematics","","False","2","9","#009E73","False",""
"rclark","Robert Clark","Poole College of Management","Economics","","False","5","85","#F0E442","False",""
"bwkeene","Bruce Keene","College of Veterinary Medicine","Clinical Sciences","","False","1","72","#56B4E9","False",""
"jimielke","Jeffrey Mielke","College of Humanities and Social Sciences","English","","False","2","45","#CC79A7","False",""
"mahaider","Mansoor Haider","College of Sciences","Mathematics","","False","2","35","#009E73","False",""
"ejjasels","Edward Jaselskis","College of Engineering","Civil, Construction and Environmental Engineering","","False","2","56","#0072B2","False",""
"mnguddat","Murthy Guddati","College of Engineering","Civil, Construction and Environmental Engineering","","False","3","76","#0072B2","False",""
"mrojasp","Marcela Pierce","College of Agriculture and Life Sciences","Plant and Microbial Biology","","False","3","27","#E69F00","False",""
"mhreiski","Michael Reiskind","College of Agriculture and Life Sciences","Entomology and Plant Pathology","","False","6","76","#E69F00","False",""
"jrbochin","Jason Bochinski","College of Sciences","Physics","","False","1","24","#009E73","False",""
"wahoffma","William Hoffmann","College of Agriculture and Life Sciences","Plant and Microbial Biology","","False","3","84","#E69F00","False",""
"gmachad","Gustavo Machado","College of Veterinary Medicine","Population Health and Pathobiology","","False","18","193","#56B4E9","False",""
"ntdinh","Nam Dinh","College of Engineering","Nuclear Engineering","","False","4","81","#0072B2","False",""
"desaloni","Daniel Saloni","College of Natural Resources","Forest Biomaterials","","False","2","51","#9B59B6","False",""
"prhess","Paul Hess","College of Veterinary Medicine","Clinical Sciences","","False","5","36","#56B4E9","False",""
"gwalmond","Glen Almond","College of Veterinary Medicine","Population Health and Pathobiology","","False","1","40","#56B4E9","False",""
"smleona4","Suzanne Leonard","College of Agriculture and Life Sciences","Animal Science","","False","4","25","#E69F00","False",""
"wditto","William Ditto","College of Sciences","Physics","","False","4","87","#009E73","False",""
"iguvenc","Ismail Guvenc","College of Engineering","Electrical and Computer Engineering","","False","10","154","#0072B2","False",""
"knappe","Detlef Knappe","College of Engineering","Civil, Construction and Environmental Engineering","","False","5","99","#0072B2","False",""
"nchatur2","Neha Chaturvedi","College of Engineering","Electrical and Computer Engineering","","False","2","4","#0072B2","False",""
"sdfrank","Steven Frank","College of Agriculture and Life Sciences","Entomology and Plant Pathology","","False","1","72","#E69F00","False",""
"mhpoore","Matt Poore","College of Agriculture and Life Sciences","Animal Science","","False","8","99","#E69F00","False",""
"dhsuchof","David Suchoff","College of Agriculture and Life Sciences","Crop and Soil Sciences","","False","5","41","#E69F00","False",""
"fang","Shu-Cherng Fang","College of Engineering","Edward P. Fitts Department of Industrial & Systems Engineering","","False","3","142","#0072B2","False",""
"muth","John Muth","College of Engineering","Electrical and Computer Engineering","","False","6","72","#0072B2","False",""
"rgolub","Robert Golub","College of Sciences","Physics","","False","1","28","#009E73","False",""
"yhe29","Yingchen He","College of Humanities and Social Sciences","Psychology","","False","3","21","#CC79A7","False",""
"zholmes","Zakiya Leggett","College of Natural Resources","Forestry and Environmental Resources","","False","2","38","#9B59B6","False",""
"blhughes","Brian Hughes","College of Engineering","Electrical and Computer Engineering","","False","1","22","#0072B2","False",""
"lmquesad","Lina Quesada","College of Agriculture and Life Sciences","Entomology and Plant Pathology","","False","4","98","#E69F00","False",""
"baran","Mesut Baran","College of Engineering","Electrical and Computer Engineering","","False","4","59","#0072B2","False",""
"kim","Youngsoo Kim","College of Engineering","Civil, Construction and Environmental Engineering","","False","3","187","#0072B2","False",""
"zguo32","Zhishan Guo","College of Engineering","Computer Science","","False","3","127","#0072B2","False",""
"dshamil3","Douglas Hamilton","College of Sciences","Marine, Earth, and Atmospheric Sciences","","False","13","87","#009E73","False",""
"iarandri","Irina Randriamiadana","College of Humanities and Social Sciences","World Languages and Cultures","","False","1","2","#CC79A7","False",""
"mdamori","Marcelo D'Amorim","College of Engineering","Computer Science","","False","4","55","#0072B2","False",""
"cekrieg","Chelsea Krieg","College of Humanities and Social Sciences","English","","False","1","2","#CC79A7","False",""
"cdavis24","Catherine Davis","College of Sciences","Marine, Earth, and Atmospheric Sciences","","False","3","36","#009E73","False",""
"emzechma","Emily Berglund","College of Engineering","Civil, Construction and Environmental Engineering","","False","7","167","#0072B2","False",""
"sjcarrie","Sarah Carrier","College of Education","Teacher Education and Learning Sciences","","False","2","44","#D55E00","False",""
"cahintz","Cassie Castorena","College of Engineering","Civil, Construction and Environmental Engineering","","False","3","88","#0072B2","False",""
"aharris5","Angela Harris","College of Engineering","Civil, Construction and Environmental Engineering","","False","4","41","#0072B2","False",""
"dsihi","Debjani Sihi","College of Agriculture and Life Sciences","Plant and Microbial Biology","","False","4","48","#E69F00","False",""
"kemccool","Katie McCool","College of Veterinary Medicine","Clinical Sciences","","False","1","8","#56B4E9","False",""
"jing","Naihuan Jing","College of Sciences","Mathematics","","False","15","203","#009E73","False",""
"mcoady","Maria Coady","College of Education","Education","","False","2","40","#D55E00","False",""
"calindgr","Chris Lindgren","College of Humanities and Social Sciences","English","","False","2","13","#CC79A7","False",""
"smarsha3","Samantha Marshall","College of Education","Teacher Education and Learning Sciences","","False","2","11","#D55E00","False",""
"jwstalli","Jonathan Stallrich","College of Sciences","Statistics","","False","2","41","#009E73","False",""
"kbadler","Kenneth Adler","College of Veterinary Medicine","Molecular Biomedical Sciences","","False","1","49","#56B4E9","False",""
"egnichol","Elizabeth Nichols","College of Natural Resources","Forestry and Environmental Resources","","False","1","34","#9B59B6","False",""
"smvillan","Sara Villani","College of Agriculture and Life Sciences","Entomology and Plant Pathology","","False","6","17","#E69F00","False",""
"lopperm","Logan Opperman","College of Sciences","Statistics","","False","4","9","#009E73","False",""
"terteme","Tugce Ertem Eray","College of Humanities and Social Sciences","Communication","","False","2","23","#CC79A7","False",""
"clmarian","Christopher Mariani","College of Veterinary Medicine","Clinical Sciences","","False","6","67","#56B4E9","False",""
"aihawari","Ayman Hawari","College of Engineering","Nuclear Engineering","","False","4","64","#0072B2","False",""
"zikry","Mohammed Zikry","College of Engineering","Mechanical and Aerospace Engineering","","False","3","180","#0072B2","False",""
"arwisnet","Abigail Armwood","College of Veterinary Medicine","Population Health and Pathobiology","","False","2","12","#56B4E9","False",""
"klhepwor","Kate Hepworth","College of Veterinary Medicine","Clinical Sciences","","False","1","35","#56B4E9","False",""
"rriehn","Robert Riehn","College of Sciences","Physics","","False","1","53","#009E73","False",""
"nkotlar","Nadine Kotlarz","College of Engineering","Civil, Construction and Environmental Engineering","","False","1","21","#0072B2","False",""
"tjmenzie","Timothy Menzies","College of Engineering","Computer Science","","False","9","172","#0072B2","False",""
"mlmoncad","Marvin Moncada","College of Agriculture and Life Sciences","Food, Bioprocessing, and Nutrition Sciences","","False","2","25","#E69F00","False",""
"rcollaz","Ramon Collazo","College of Engineering","Materials Science and Engineering","","False","5","225","#0072B2","False",""
"whenck","William Enck","College of Engineering","Computer Science","","False","3","46","#0072B2","False",""
"jpknelle","James Kneller","College of Sciences","Physics","","False","4","60","#009E73","False",""
"mliu10","Ming Liu","College of Engineering","Biomedical Engineering","","False","3","44","#0072B2","False",""
"lvbociu","Lorena Bociu","College of Sciences","Mathematics","","False","2","38","#009E73","False",""
"pdswartz","Paul Swartz","College of Agriculture and Life Sciences","Molecular and Structural Biochemistry","","False","2","25","#E69F00","False",""
"mwnolan","Michael Nolan","College of Veterinary Medicine","Clinical Sciences","","False","7","74","#56B4E9","False",""
"capoole2","Chad Poole","College of Agriculture and Life Sciences","Biological and Agricultural Engineering","","False","1","7","#E69F00","False",""
"wpetry","Will Petry","College of Agriculture and Life Sciences","Plant and Microbial Biology","","False","2","23","#E69F00","False",""
"gkennedy","George Kennedy","College of Agriculture and Life Sciences","Entomology and Plant Pathology","","False","5","89","#E69F00","False",""
"flowers","William Flowers","College of Agriculture and Life Sciences","Animal Science","","False","1","39","#E69F00","False",""
"ktrayman","Kasie Raymann","College of Agriculture and Life Sciences","Plant and Microbial Biology","","False","1","25","#E69F00","False",""
"yzhan296","Yang Zhang","Wilson College of Textiles","Textile Engineering, Chemistry and Science","","False","4","54","#1ABC9C","False",""
"kwwegman","Karl Wegmann","College of Sciences","Marine, Earth, and Atmospheric Sciences","","False","8","90","#009E73","False",""
"stsynkov","Semyon Tsynkov","College of Sciences","Mathematics","","False","2","86","#009E73","False",""
"sjmcdona","Steve McDonald","College of Humanities and Social Sciences","Sociology and Anthropology","","False","1","41","#CC79A7","False",""
"arweave3","Andrew Weaver","College of Agriculture and Life Sciences","Animal Science","","False","8","26","#E69F00","False",""
"dxu27","Dongkuan Xu","College of Engineering","Computer Science","","False","7","37","#0072B2","False",""
"nmeskhi","Nicholas Meskhidze","College of Sciences","Marine, Earth, and Atmospheric Sciences","","False","5","63","#009E73","False",""
"cebarbie","Carla Barbieri","College of Natural Resources","Parks, Recreation and Tourism Management","","False","1","68","#9B59B6","False",""
"chhaigle","Candace Haigler","College of Agriculture and Life Sciences","Crop and Soil Sciences","","False","4","62","#E69F00","False",""
"mgamcsi","Michael Gamcsik","College of Engineering","Biomedical Engineering","","False","1","16","#0072B2","False",""
"raboulde","Rawn Boulden","College of Education","Educational Leadership, Policy, and Human Development","","False","2","26","#D55E00","False",""
"yzhou19","Amanda Zhou","College of Sciences","Biological Sciences","","False","7","72","#009E73","False",""
"xfang3","Xiaomeng Fang","Wilson College of Textiles","Textile Engineering, Chemistry and Science","","False","3","29","#1ABC9C","False",""
"jrelyea","Jackie Relyea","College of Education","Teacher Education and Learning Sciences","","False","7","39","#D55E00","False",""
"bgreaves","Brad Reaves","College of Engineering","Computer Science","","False","1","23","#0072B2","False",""
"lvkochtc","Lada Kochtcheeva","College of Humanities and Social Sciences","Political Science & Public Administration [in the School of Public and International Affairs]","","False","1","29","#CC79A7","False",""
"mbradfo","Marianne Bradford","Poole College of Management","Accounting","","False","2","9","#F0E442","False",""
"cxu34","Chenhan Xu","College of Engineering","Computer Science","","False","7","12","#0072B2","False",""
"fgould","Fred Gould","College of Agriculture and Life Sciences","Entomology and Plant Pathology","","False","2","100","#E69F00","False",""
"jmcasper","Jonathan Casper","College of Natural Resources","Parks, Recreation and Tourism Management","","False","2","62","#9B59B6","False",""
"laowen2","Lewis Owen","College of Sciences","College of Sciences Administration","","False","4","45","#009E73","False",""
"mfbykova","Marina Bykova","College of Humanities and Social Sciences","Philosophy and Religious Studies","","False","3","76","#CC79A7","False",""
"xli254","Xiaotong Li","College of Sciences","Chemistry","","False","2","36","#009E73","False",""
"ascafur","Alessandra Scafuro","College of Engineering","Computer Science","","False","2","23","#0072B2","False",""
"pkolar","Praveen Kolar","College of Agriculture and Life Sciences","Biological and Agricultural Engineering","","False","1","49","#E69F00","False",""
"lkromo","Lynsey Romo","College of Humanities and Social Sciences","Communication","","False","4","51","#CC79A7","False",""
"wwen2","Wujie Wen","College of Engineering","Computer Science","","False","4","14","#0072B2","False",""
"kmjennin","Katherine Jennings","College of Agriculture and Life Sciences","Horticultural Science","","False","5","127","#E69F00","False",""
"fhsiao","Fu-Chen Hsiao","College of Engineering","Electrical and Computer Engineering","","False","2","5","#0072B2","False",""
"mrblanch","Meg Blanchard","College of Education","Science, Technology, Engineering, & Mathematics Education","","False","2","34","#D55E00","False",""
"moorman","Christopher Moorman","College of Natural Resources","Forestry and Environmental Resources","","False","6","177","#9B59B6","False",""
"smirbag","Samira Mirbagher Ajorpaz","College of Engineering","Electrical and Computer Engineering","","False","3","11","#0072B2","False",""
"mquddus","Md Abdul Quddus","Wilson College of Textiles","Textile Engineering, Chemistry and Science","","False","2","12","#1ABC9C","False",""
"jwore","John-Paul Ore","College of Engineering","Computer Science","","False","1","6","#0072B2","False",""
