"id","name","college","dept","title","is_asst","pub_year","pub_total","color","is_cfep","cfep_cluster"
"ycheng20","Alice Cheng","College of Humanities and Social Sciences","Communication","","False","1","74","#CC79A7","False",""
"asanmig","Adriana San Miguel","College of Engineering","Chemical and Biomolecular Engineering","","False","2","55","#0072B2","False",""
"eesantis","Erik Santiso","College of Engineering","Chemical and Biomolecular Engineering","","False","2","63","#0072B2","False",""
"mkleine","Manuel Kleiner","College of Agriculture and Life Sciences","Plant and Microbial Biology","","False","1","122","#E69F00","False",""
"drpanthe","Dilip Panthee","College of Agriculture and Life Sciences","Horticultural Science","","False","5","79","#E69F00","False",""
"nrvinuez","Nelson Vinueza Benitez","Wilson College of Textiles","Textile Engineering, Chemistry and Science","","False","4","54","#1ABC9C","False",""
"rbrober2","Reade Roberts","College of Sciences","Biological Sciences","","False","1","33","#009E73","False",""
"eglazer","Phoebe Glazer","College of Sciences","Chemistry","","False","2","37","#009E73","False",""
"jakamins","Jessica Kaminsky","College of Engineering","Civil, Construction and Environmental Engineering","","False","1","76","#0072B2","False",""
"rwgonzal","Ronalds Gonzalez","College of Natural Resources","Forest Biomaterials","","False","4","95","#9B59B6","False",""
"fsantos2","Frederico Freitas","College of Humanities and Social Sciences","History","","False","1","17","#CC79A7","False",""
"wshi3","Wei Shi","College of Agriculture and Life Sciences","Crop and Soil Sciences","","False","7","66","#E69F00","False",""
"achakra2","Aranya Chakrabortty","College of Engineering","Electrical and Computer Engineering","","False","11","196","#0072B2","False",""
"rbarker","Roger Barker","Wilson College of Textiles","Textile Engineering, Chemistry and Science","","False","1","40","#1ABC9C","False",""
"acmclaug","Anne McLaughlin","College of Humanities and Social Sciences","Psychology","","False","8","107","#CC79A7","False",""
"armoorh2","Andy Moorhead","College of Veterinary Medicine","Clinical Sciences","","False","1","52","#56B4E9","False",""
"hliu4","H C Liu","College of Agriculture and Life Sciences","Animal Science","","False","4","38","#E69F00","False",""
"imgimeno","Isabel Gimeno","College of Veterinary Medicine","Population Health and Pathobiology","","False","1","50","#56B4E9","False",""
"agopalar","Ashok Gopalarathnam","College of Engineering","Mechanical and Aerospace Engineering","","False","1","48","#0072B2","False",""
"jcao22","Jie Cao","College of Agriculture and Life Sciences","Applied Ecology","","False","1","51","#E69F00","False",""
"seshelto","Sarah Shelton","College of Engineering","Biomedical Engineering","","False","1","43","#0072B2","False",""
"cmaltec","Christian Maltecca","College of Agriculture and Life Sciences","Animal Science","","False","5","214","#E69F00","False",""
"frey","Chris Frey","College of Engineering","Engineering Research","","False","7","132","#0072B2","False",""
"lester","James Lester","College of Engineering","Computer Science","","False","10","150","#0072B2","False",""
"xjiang5","Xiaoning Jiang","College of Engineering","Mechanical and Aerospace Engineering","","False","24","372","#0072B2","False",""
"makittle","Meagan Kittle Autry","College of Engineering","Civil, Construction and Environmental Engineering","","False","2","7","#0072B2","False",""
"kaltofen","Erich Kaltofen","College of Sciences","Mathematics","","False","3","61","#009E73","False",""
"pmperkin","Penelope Perkins-Veazie","College of Agriculture and Life Sciences","Horticultural Science","","False","7","110","#E69F00","False",""
"kdgriege","Khara Grieger","College of Agriculture and Life Sciences","Applied Ecology","","False","3","76","#E69F00","False",""
"cbcoope3","Caren Cooper","College of Natural Resources","Forestry and Environmental Resources","","False","7","87","#9B59B6","False",""
"mcsrougi","Melissa Srougi","College of Veterinary Medicine","Molecular Biomedical Sciences","","False","3","26","#56B4E9","False",""
"mlila","Mary Lila","College of Agriculture and Life Sciences","Kannapolis Research","","False","13","202","#E69F00","False",""
"rgcarbon","Ruben Carbonell","College of Engineering","Golden Leaf Biomanufacturing Training and Education Center","","False","4","83","#0072B2","False",""
"skoenig","Sebastian Koenig","College of Sciences","Physics","","False","2","46","#009E73","False",""
"hallen","Hans Hallen","College of Sciences","Physics","","False","7","58","#009E73","False",""
"jmgray2","Josh Gray","College of Natural Resources","Forestry and Environmental Resources","","False","1","47","#9B59B6","False",""
"bgilger","Brian Gilger","College of Veterinary Medicine","Clinical Sciences","","False","9","162","#56B4E9","False",""
"bbcutts","Bethany Cutts","College of Natural Resources","Parks, Recreation and Tourism Management","","False","1","55","#9B59B6","False",""
"mdwalker","Mark Walker","Poole College of Management","Finance","","False","1","15","#F0E442","False",""
"rlcook","Rachel Cook","College of Natural Resources","Forestry and Environmental Resources","","False","3","74","#9B59B6","False",""
"sepratt2","Shannon Phillips","College of Agriculture and Life Sciences","Animal Science","","False","7","53","#E69F00","False",""
"rfguerre","Rafael Guerrero","College of Sciences","Biological Sciences","","False","1","47","#009E73","False",""
"rjnaraya","Roger Narayan","College of Engineering","Biomedical Engineering","","False","14","288","#0072B2","False",""
"closburn","Chris Osburn","College of Sciences","Marine, Earth, and Atmospheric Sciences","","False","8","124","#009E73","False",""
"jkuzma","Jennifer Kuzma","College of Humanities and Social Sciences","Political Science & Public Administration [in the School of Public and International Affairs]","","False","5","85","#CC79A7","False",""
"cmtherio","Casey Theriot","College of Veterinary Medicine","Population Health and Pathobiology","","False","3","63","#56B4E9","False",""
"klebert","Kim Ebert","College of Humanities and Social Sciences","Sociology and Anthropology","","False","1","21","#CC79A7","False",""
"glcomsto","Gary Comstock","College of Humanities and Social Sciences","Philosophy and Religious Studies","","False","19","42","#CC79A7","False",""
"jmgluck","Jessica Gluck","Wilson College of Textiles","Textile Engineering, Chemistry and Science","","False","1","32","#1ABC9C","False",""
"srporter","Stephen Porter","College of Education","Educational Leadership, Policy, and Human Development","","False","1","26","#D55E00","False",""
"vfscharf","Valery Scharf","College of Veterinary Medicine","Clinical Sciences","","False","2","51","#56B4E9","False",""
"ljunruh","Lori Unruh Snyder","College of Agriculture and Life Sciences","Crop and Soil Sciences","","False","2","10","#E69F00","False",""
"msano2","Mike Sano","College of Veterinary Medicine","Molecular Biomedical Sciences","","False","3","43","#56B4E9","False",""
"clpickwo","Carrie Pickworth","College of Agriculture and Life Sciences","Animal Science","","False","1","42","#E69F00","False",""
"mpgreen2","Matthew Green","College of Sciences","Physics","","False","2","94","#009E73","False",""
"clee45","Chin Ho Lee","College of Engineering","Computer Science","","False","1","20","#0072B2","False",""
"thlabean","Thomas LaBean","College of Engineering","Materials Science and Engineering","","False","4","57","#0072B2","False",""
"shultz","David Shultz","College of Sciences","Chemistry","","False","4","59","#009E73","False",""
"shu4","Shuijin Hu","College of Agriculture and Life Sciences","Entomology and Plant Pathology","","False","3","183","#E69F00","False",""
"fgarcia4","Fernando Garcia Menendez","College of Engineering","Civil, Construction and Environmental Engineering","","False","2","41","#0072B2","False",""
"bssirota","Brent Sirota","College of Humanities and Social Sciences","History","","False","2","27","#CC79A7","False",""
"mvramire","Melissa Ramirez","College of Sciences","Biological Sciences","","False","3","25","#009E73","False",""
"yencho","Craig Yencho","College of Agriculture and Life Sciences","Horticultural Science","","False","3","109","#E69F00","False",""
"ranji","Ranji Ranjithan","College of Engineering","Civil, Construction and Environmental Engineering","","False","5","66","#0072B2","False",""
"aecarso2","Ashley Brown","College of Engineering","Biomedical Engineering","","False","3","103","#0072B2","False",""
"dbeggles","David Eggleston","College of Sciences","Marine, Earth, and Atmospheric Sciences","","False","2","70","#009E73","False",""
"odvelev","Orlin Velev","College of Engineering","Chemical and Biomolecular Engineering","","False","13","202","#0072B2","False",""
"dpapp","David Papp","College of Sciences","Mathematics","","False","4","41","#009E73","False",""
"lmwidman","Laura Widman","College of Humanities and Social Sciences","Psychology","","False","3","102","#CC79A7","False",""
"svenkat4","Suresh Venkatesh","College of Engineering","Electrical and Computer Engineering","","False","1","45","#0072B2","False",""
"mwking2","Martin King","Wilson College of Textiles","Textile Engineering, Chemistry and Science","","False","3","72","#1ABC9C","False",""
"xpeng5","Xinxia Peng","College of Veterinary Medicine","Molecular Biomedical Sciences","","False","1","60","#56B4E9","False",""
"bnbakalo","Bojko Bakalov","College of Sciences","Mathematics","","False","1","30","#009E73","False",""
"lawilli3","Laurie Williams","College of Engineering","Computer Science","","False","6","101","#0072B2","False",""
"mhenrik","Michala de Linde Henriksen","College of Veterinary Medicine","Clinical Sciences","","False","2","57","#56B4E9","False",""
"jgrimes","Jesse Grimes","College of Agriculture and Life Sciences","Prestage Department of Poultry Science","","False","7","62","#E69F00","False",""
"lclove","Lydia Love","College of Veterinary Medicine","Molecular Biomedical Sciences","","False","1","18","#56B4E9","False",""
"mtang8","Minh Tang","College of Sciences","Statistics","","False","7","57","#009E73","False",""
"nbbandil","Nonoy Bandillo","College of Agriculture and Life Sciences","Crop and Soil Sciences","","False","2","47","#E69F00","False",""
"cxu24","Cheryl Xu","College of Engineering","Mechanical and Aerospace Engineering","","False","5","90","#0072B2","False",""
"ekemahl","Eda Kemahlioglu-Ziya","Poole College of Management","Information Technology, Analytics, & Operations","","False","2","16","#F0E442","False",""
"jmalonso","Jose Alonso Bellver","College of Agriculture and Life Sciences","Plant and Microbial Biology","","False","6","72","#E69F00","False",""
"dambaras","David Ambaras","College of Humanities and Social Sciences","History","","False","1","17","#CC79A7","False",""
"jftu","Juei Tu","College of Engineering","Mechanical and Aerospace Engineering","","False","1","23","#0072B2","False",""
"franzen","Stefan Franzen","College of Sciences","Chemistry","","False","10","129","#009E73","False",""
"kjpeters","Kara Peters","College of Engineering","Engineering Research","","False","11","157","#0072B2","False",""
"mnavramo","Maria Avramova","College of Engineering","Nuclear Engineering","","False","6","85","#0072B2","False",""
"eatorre3","Emmanuel Torres Quezada","College of Agriculture and Life Sciences","Horticultural Science","","False","1","20","#E69F00","False",""
"bjchapma","Benjamin Chapman","College of Agriculture and Life Sciences","Agricultural and Human Sciences","","False","1","45","#E69F00","False",""
"btoconno","Brendan O'Connor","College of Engineering","Mechanical and Aerospace Engineering","","False","1","87","#0072B2","False",""
"rashirwa","Rohan Shirwaiker","College of Engineering","Edward P. Fitts Department of Industrial & Systems Engineering","","False","3","55","#0072B2","False",""
"aismirno","Alexej Smirnov","College of Sciences","Chemistry","","False","7","127","#009E73","False",""
"wchang6","Wei-Chen Chang","College of Sciences","Chemistry","","False","6","76","#009E73","False",""
"bwatson","Benjamin Watson","College of Engineering","Computer Science","","False","1","22","#0072B2","False",""
"tagates","Terry Gates","College of Sciences","Biological Sciences","","False","1","19","#009E73","False",""
"jtsuji","Jun Ninomiya-Tsuji","College of Sciences","Biological Sciences","","False","2","52","#009E73","False",""
"nwising","Nina Balke","College of Engineering","Materials Science and Engineering","","False","10","143","#0072B2","False",""
"amelsha","Ahmed El-Shafei","Wilson College of Textiles","Textile Engineering, Chemistry and Science","","False","9","134","#1ABC9C","False",""
"amjohns2","Amy Johnson","College of Agriculture and Life Sciences","Crop and Soil Sciences","","False","1","10","#E69F00","False",""
"smankad","Shawn Mankad","Poole College of Management","Information Technology, Analytics, & Operations","","False","1","17","#F0E442","False",""
"kameikle","Kelly Meiklejohn","College of Veterinary Medicine","Population Health and Pathobiology","","False","5","46","#56B4E9","False",""
"drotenb","Dorith Rotenberg","College of Agriculture and Life Sciences","Entomology and Plant Pathology","","False","2","60","#E69F00","False",""
"tnguye13","Tien Khai Nguyen","College of Sciences","Mathematics","","False","4","45","#009E73","False",""
"nsharm23","Nitin Sharma","College of Engineering","Biomedical Engineering","","False","5","125","#0072B2","False",""
"falexal","Alex Albert","College of Engineering","Civil, Construction and Environmental Engineering","","False","2","57","#0072B2","False",""
"shall5","Steven Hall","College of Agriculture and Life Sciences","Biological and Agricultural Engineering","","False","1","42","#E69F00","False",""
"dklittle","Deborah Littlejohn","College of Design","Graphic Design & Industrial Design","","False","1","3","#E74C3C","False",""
"lalucia","Lucian Lucia","College of Natural Resources","Forest Biomaterials","","False","9","313","#9B59B6","False",""
"sthakur","Siddhartha Thakur","College of Veterinary Medicine","Population Health and Pathobiology","","False","4","100","#56B4E9","False",""
"dvashae","Daryoosh Vashaee","College of Engineering","Electrical and Computer Engineering","","False","27","210","#0072B2","False",""
"agupta1","Abhinav Gupta","College of Engineering","Civil, Construction and Environmental Engineering","","False","2","67","#0072B2","False",""
"aalexan3","Alen Alexanderian","College of Sciences","Mathematics","","False","3","48","#009E73","False",""
"hubbe","Martin Hubbe","College of Natural Resources","Forest Biomaterials","","False","10","137","#9B59B6","False",""
"jsking5","John King","College of Natural Resources","Forestry and Environmental Resources","","False","5","102","#9B59B6","False",""
"rbarran","Rodolphe Barrangou","College of Agriculture and Life Sciences","Food, Bioprocessing, and Nutrition Sciences","","False","20","237","#E69F00","False",""
"jsstoneb","Jeffrey Stonebraker","Poole College of Management","Information Technology, Analytics, & Operations","","False","2","32","#F0E442","False",""
"asaibab","Arvind Krishna Saibaba","College of Sciences","Mathematics","","False","2","52","#009E73","False",""
"lmclaug2","Levi McLaughlin","College of Humanities and Social Sciences","Philosophy and Religious Studies","","False","2","34","#CC79A7","False",""
"bejacks2","Brian Jackson","College of Agriculture and Life Sciences","Horticultural Science","","False","6","48","#E69F00","False",""
"rsazdan","Radmila Sazdanovic","College of Sciences","Mathematics","","False","2","53","#009E73","False",""
"ceg","Clifford Griffin","College of Humanities and Social Sciences","Political Science & Public Administration [in the School of Public and International Affairs]","","False","1","4","#CC79A7","False",""
"cswalke4","Christopher Walker","College of Veterinary Medicine","Molecular Biomedical Sciences","","False","1","26","#56B4E9","False",""
"aoh","Annie Oh","College of Veterinary Medicine","Clinical Sciences","","False","1","21","#56B4E9","False",""
"mbnsonwu","Maura Nsonwu","College of Humanities and Social Sciences","Social Work","","False","3","28","#CC79A7","False",""
"kmathews","Kyle Mathews","College of Veterinary Medicine","Clinical Sciences","","False","3","66","#56B4E9","False",""
"kbflores","Kevin Flores","College of Sciences","Mathematics","","False","4","42","#009E73","False",""
"astaicu","Ana-Maria Staicu","College of Sciences","Statistics","","False","2","68","#009E73","False",""
"slvaden","Shelly Vaden","College of Veterinary Medicine","Clinical Sciences","","False","7","84","#56B4E9","False",""
"cproulx","Caroline Proulx","College of Sciences","Chemistry","","False","2","42","#009E73","False",""
"bkgoodwi","Barry Goodwin","College of Agriculture and Life Sciences","Agricultural and Resource Economics","","False","6","76","#E69F00","False",""
"ksaul","Katherine Saul","College of Engineering","Mechanical and Aerospace Engineering","","False","4","76","#0072B2","False",""
"mjlewis","Melissa Lewis","College of Veterinary Medicine","Clinical Sciences","","False","2","55","#56B4E9","False",""
"rbhayes","Robert Hayes","College of Engineering","Nuclear Engineering","","False","1","61","#0072B2","False",""
"skmishra","Santosh Mishra","College of Veterinary Medicine","Molecular Biomedical Sciences","","False","2","35","#56B4E9","False",""
"vmbakerr","Michelle Russell","College of Humanities and Social Sciences","Psychology","","False","1","14","#CC79A7","False",""
"tprange","Timo Prange","College of Veterinary Medicine","Clinical Sciences","","False","2","34","#56B4E9","False",""
"spontak","Richard Spontak","College of Engineering","Chemical and Biomolecular Engineering","","False","4","144","#0072B2","False",""
"gbyrd","Greg Byrd","College of Engineering","Electrical and Computer Engineering","","False","2","53","#0072B2","False",""
"bmrao","Balaji Rao","College of Engineering","Chemical and Biomolecular Engineering","","False","3","67","#0072B2","False",""
"mdlorenz","Marce Lorenzen","College of Agriculture and Life Sciences","Entomology and Plant Pathology","","False","1","49","#E69F00","False",""
"ksmulvey","Kelly Lynn Mulvey","College of Humanities and Social Sciences","Psychology","","False","3","138","#CC79A7","False",""
"jabruce2","Jackie Bruce","College of Agriculture and Life Sciences","Agricultural and Human Sciences","","False","1","10","#E69F00","False",""
"esmoney","Eric Money","College of Natural Resources","Center for Geospatial Analytics","","False","2","15","#9B59B6","False",""
"erbrook4","Eric Brooks","College of Veterinary Medicine","Molecular Biomedical Sciences","","False","1","15","#56B4E9","False",""
"mbedward","Michael Edwards","College of Natural Resources","Parks, Recreation and Tourism Management","","False","4","57","#9B59B6","False",""
"hdwester","Hans Westermeyer","College of Veterinary Medicine","Clinical Sciences","","False","1","43","#56B4E9","False",""
"rcrespo","Rocio Crespo","College of Veterinary Medicine","Population Health and Pathobiology","","False","3","64","#56B4E9","False",""
"vgcarraw","Virginia Stage","College of Agriculture and Life Sciences","Agricultural and Human Sciences","","False","5","60","#E69F00","False",""
"kbchen2","Karen Chen","College of Engineering","Edward P. Fitts Department of Industrial & Systems Engineering","","False","2","46","#0072B2","False",""
"akemper","Lex Kemper","College of Sciences","College of Sciences Administration","","False","10","125","#009E73","False",""
"scshanno","Steven Shannon","College of Engineering","Nuclear Engineering","","False","2","56","#0072B2","False",""
"arellis","Alan Ellis","College of Humanities and Social Sciences","Social Work","","False","6","72","#CC79A7","False",""
"nmatsud","Noboru Matsuda","College of Engineering","Computer Science","","False","2","34","#0072B2","False",""
"drsheehy","Donald Sheehy","College of Engineering","Computer Science","","False","4","29","#0072B2","False",""
"oaharrys","Ola Lars Harrysson","College of Engineering","Edward P. Fitts Department of Industrial & Systems Engineering","","False","1","61","#0072B2","False",""
"jcmichno","Jim Michnowicz","College of Humanities and Social Sciences","World Languages and Cultures","","False","1","22","#CC79A7","False",""
"fldelosr","Francis de los Reyes","College of Engineering","Civil, Construction and Environmental Engineering","","False","5","93","#0072B2","False",""
"lgrace2","Landon Grace","College of Engineering","Mechanical and Aerospace Engineering","","False","2","36","#0072B2","False",""
"kamyers2","Kelly Umstead","College of Design","Graphic Design & Industrial Design","","False","1","16","#E74C3C","False",""
"cjmattin","Carolyn Mattingly","College of Sciences","Biological Sciences","","False","2","59","#009E73","False",""
"macubeta","Marc Cubeta","College of Agriculture and Life Sciences","Entomology and Plant Pathology","","False","6","64","#E69F00","False",""
"mtulbure","Mirela Tulbure","College of Natural Resources","Forestry and Environmental Resources","","False","3","55","#9B59B6","False",""
"gefernan","Gina Fernandez","College of Agriculture and Life Sciences","Horticultural Science","","False","4","48","#E69F00","False",""
"candice","Ioannis Viniotis","College of Engineering","Electrical and Computer Engineering","","False","1","23","#0072B2","False",""
"sbhatta4","Subhashish Bhattacharya","College of Engineering","Electrical and Computer Engineering","","False","43","632","#0072B2","False",""
"lkhanley","Linda Hanley-Bowdoin","College of Agriculture and Life Sciences","Plant and Microbial Biology","","False","2","54","#E69F00","False",""
"ejakubi","Elena Jakubikova","College of Sciences","Chemistry","","False","4","85","#009E73","False",""
"jlswann","Julie Swann","College of Engineering","Edward P. Fitts Department of Industrial & Systems Engineering","","False","6","100","#0072B2","False",""
"dbdoughe","Daniel Dougherty","College of Sciences","Physics","","False","5","70","#009E73","False",""
"jmbradl5","Justin Bradley","College of Engineering","Computer Science","","False","2","50","#0072B2","False",""
"sesuter","Steven Suter","College of Veterinary Medicine","Clinical Sciences","","False","6","52","#56B4E9","False",""
"sflim","Shuang Fang Lim","College of Sciences","Physics","","False","1","22","#009E73","False",""
"iperera","Imara Perera","College of Agriculture and Life Sciences","Plant and Microbial Biology","","False","3","33","#E69F00","False",""
"jjrice","Jacelyn Rice-Boayue","College of Engineering","Civil, Construction and Environmental Engineering","","False","1","15","#0072B2","False",""
"szgurbuz","Sevgi Gurbuz","College of Engineering","Electrical and Computer Engineering","","False","7","125","#0072B2","False",""
"mlcrowle","Martha Crowley","College of Humanities and Social Sciences","Sociology and Anthropology","","False","3","14","#CC79A7","False",""
"ericro","Eric Rotenberg","College of Engineering","Electrical and Computer Engineering","","False","3","39","#0072B2","False",""
"rdewey","Ralph Dewey","College of Agriculture and Life Sciences","Crop and Soil Sciences","","False","4","37","#E69F00","False",""
"xie","Lian Xie","College of Sciences","Marine, Earth, and Atmospheric Sciences","","False","8","78","#009E73","False",""
"pcjordan","Paige Luck","College of Agriculture and Life Sciences","Food, Bioprocessing, and Nutrition Sciences","","False","1","11","#E69F00","False",""
"gsseiler","Gabriela Seiler","College of Veterinary Medicine","Molecular Biomedical Sciences","","False","2","36","#56B4E9","False",""
"jallen","Jonathan Allen","College of Agriculture and Life Sciences","Food, Bioprocessing, and Nutrition Sciences","","False","1","17","#E69F00","False",""
"sdcarson","Sue Carson","College of Agriculture and Life Sciences","Plant and Microbial Biology","","False","2","19","#E69F00","False",""
"sptou","Sandra Tou","College of Veterinary Medicine","Clinical Sciences","","False","2","30","#56B4E9","False",""
"aeroglu","Abdulkerim Eroglu","College of Agriculture and Life Sciences","Kannapolis Research","","False","1","24","#E69F00","False",""
"wiley","Steve Wiley","College of Humanities and Social Sciences","Communication","","False","1","9","#CC79A7","False",""
"drasmus","David Rasmussen","College of Agriculture and Life Sciences","Entomology and Plant Pathology","","False","1","57","#E69F00","False",""
"hall","Carol Hall","College of Engineering","Chemical and Biomolecular Engineering","","False","5","152","#0072B2","False",""
"jbearp","Julie Earp","Poole College of Management","Information Technology, Analytics, & Operations","","False","1","14","#F0E442","False",""
"mrodrig","Marcelo Rodriguez","College of Veterinary Medicine","Molecular Biomedical Sciences","","False","1","16","#56B4E9","False",""
"aybozkur","Alper Bozkurt","College of Engineering","Electrical and Computer Engineering","","False","6","122","#0072B2","False",""
"techekk","Tarek Echekki","College of Engineering","Mechanical and Aerospace Engineering","","False","3","72","#0072B2","False",""
"wasandov","William Sandoval","College of Education","Science, Technology, Engineering, & Mathematics Education","","False","1","33","#D55E00","False",""
"arbinder","Andy Binder","College of Humanities and Social Sciences","Communication","","False","1","25","#CC79A7","False",""
"sghosh2","Sujit Ghosh","College of Sciences","Statistics","","False","5","118","#009E73","False",""
"kesaker","Korinn Saker","College of Veterinary Medicine","College of Veterinary Medicine Administration","","False","1","15","#56B4E9","False",""
"tfang2","Tiegang Fang","College of Engineering","Mechanical and Aerospace Engineering","","False","7","163","#0072B2","False",""
"wyuan2","Wenqiao Yuan","College of Agriculture and Life Sciences","Biological and Agricultural Engineering","","False","5","73","#E69F00","False",""
"teshrive","Thomas Shriver","College of Humanities and Social Sciences","Sociology and Anthropology","","False","1","60","#CC79A7","False",""
"plmarsha","Patricia Marshall","College of Education","Teacher Education and Learning Sciences","","False","1","12","#D55E00","False",""
"rjreardo","Robert Reardon","College of Humanities and Social Sciences","Political Science & Public Administration [in the School of Public and International Affairs]","","False","1","6","#CC79A7","False",""
"kaboys","Kathryn Boys","College of Agriculture and Life Sciences","Agricultural and Resource Economics","","False","3","33","#E69F00","False",""
"blondin","John Blondin","College of Sciences","Physics","","False","6","46","#009E73","False",""
"apmazzol","Andre Mazzoleni","College of Engineering","Mechanical and Aerospace Engineering","","False","5","60","#0072B2","False",""
"rleon","Ramon Leon Gonzalez","College of Agriculture and Life Sciences","Crop and Soil Sciences","","False","3","170","#E69F00","False",""
"jbbarcen","Jose Bruno-Barcena","College of Agriculture and Life Sciences","Plant and Microbial Biology","","False","3","42","#E69F00","False",""
"elleitho","Lonnie Leithold","College of Sciences","Marine, Earth, and Atmospheric Sciences","","False","2","11","#009E73","False",""
"dbrown","Dennis Brown","College of Agriculture and Life Sciences","Molecular and Structural Biochemistry","","False","2","30","#E69F00","False",""
"rouskas","Georgios Rouskas","College of Engineering","Computer Science","","False","2","89","#0072B2","False",""
"seyuter","Sandra Yuter","College of Sciences","Marine, Earth, and Atmospheric Sciences","","False","7","71","#009E73","False",""
"dxie","Deyu Xie","College of Agriculture and Life Sciences","Plant and Microbial Biology","","False","3","98","#E69F00","False",""
"rrunocic","Raymond Unocic","College of Engineering","Materials Science and Engineering","","False","10","209","#0072B2","False",""
"godwin","John Godwin","College of Sciences","Biological Sciences","","False","4","52","#009E73","False",""
"kvpierce","Kursten Pierce","College of Veterinary Medicine","Clinical Sciences","","False","1","24","#56B4E9","False",""
"krgross","Kevin Gross","College of Sciences","Statistics","","False","3","51","#009E73","False",""
"dcmuddim","David Muddiman","College of Sciences","Chemistry","","False","13","307","#009E73","False",""
"leung","Yu-Fai Leung","College of Natural Resources","Parks, Recreation and Tourism Management","","False","2","67","#9B59B6","False",""
"mtanigu","Masahiko Taniguchi","College of Sciences","Chemistry","","False","5","111","#009E73","False",""
"rbrose2","Bob Rose","College of Agriculture and Life Sciences","Molecular and Structural Biochemistry","","False","1","17","#E69F00","False",""
"tzagenc","Tom Zagenczyk","Poole College of Management","Management, Innovation and Entrepreneurship","","False","3","65","#F0E442","False",""
"kledmist","Keith Edmisten","College of Agriculture and Life Sciences","Crop and Soil Sciences","","False","3","17","#E69F00","False",""
"iawilli3","Ian Williamson","College of Veterinary Medicine","Molecular Biomedical Sciences","","False","1","7","#56B4E9","False",""
"kogan","Kemafor Ogan","College of Engineering","Computer Science","","False","4","33","#0072B2","False",""
"jkmillha","John Millhauser","College of Humanities and Social Sciences","Sociology and Anthropology","","False","2","26","#CC79A7","False",""
"hding","Huiling Ding","College of Humanities and Social Sciences","English","","False","1","16","#CC79A7","False",""
"mbryant","Matthew Bryant","College of Engineering","Mechanical and Aerospace Engineering","","False","5","130","#0072B2","False",""
"ajbirken","Adam Birkenheuer","College of Veterinary Medicine","Clinical Sciences","","False","5","97","#56B4E9","False",""
"efrissma","Emilie Rissman","College of Sciences","Biological Sciences","","False","5","47","#009E73","False",""
"jemeitze","John Meitzen","College of Sciences","Biological Sciences","","False","2","55","#009E73","False",""
"jjpawlak","Joel Pawlak","College of Natural Resources","Forest Biomaterials","","False","2","77","#9B59B6","False",""
"wbuhler","Wayne Buhler","College of Agriculture and Life Sciences","Horticultural Science","","False","1","10","#E69F00","False",""
"ackiassa","Corey Kiassat","College of Engineering","Edward P. Fitts Department of Industrial & Systems Engineering","","False","2","9","#0072B2","False",""
"wguezas","Wesley Klewerton Guez Assuncao","College of Engineering","Computer Science","","False","4","113","#0072B2","False",""
"talong","Terri Long","College of Agriculture and Life Sciences","Plant and Microbial Biology","","False","2","38","#E69F00","False",""
"wlu2","Wenchang Lu","College of Sciences","Physics","","False","1","51","#009E73","False",""
"iabolotn","Igor Bolotnov","College of Engineering","Nuclear Engineering","","False","2","64","#0072B2","False",""
"yxiao34","Yi Xiao","College of Sciences","Chemistry","","False","2","83","#009E73","False",""
"jbpost2","Justin Post","College of Sciences","Statistics","","False","2","3","#009E73","False",""
"jcbonner","James Bonner","College of Sciences","Biological Sciences","","False","5","48","#009E73","False",""
"jjohns24","Jeremiah Johnson","College of Engineering","Civil, Construction and Environmental Engineering","","False","1","69","#0072B2","False",""
"jmari","Jorge Mari","College of Humanities and Social Sciences","World Languages and Cultures","","False","2","7","#CC79A7","False",""
"impeszle","Ilona Peszlen","College of Natural Resources","Forest Biomaterials","","False","4","31","#9B59B6","False",""
"jlburne5","Jennifer Burnette","College of Humanities and Social Sciences","Psychology","","False","5","88","#CC79A7","False",""
"rjb","Russell Borski","College of Sciences","Biological Sciences","","False","6","51","#009E73","False",""
"smfergu2","Scott Ferguson","College of Engineering","Mechanical and Aerospace Engineering","","False","7","49","#0072B2","False",""
"xxu","Xu Xu","College of Engineering","Edward P. Fitts Department of Industrial & Systems Engineering","","False","4","71","#0072B2","False",""
"jkmattin","John Mattingly","College of Engineering","Nuclear Engineering","","False","4","50","#0072B2","False",""
"aseyam","Abdel-Fattah Seyam","Wilson College of Textiles","Textile and Apparel, Technology and Management","","False","3","63","#1ABC9C","False",""
"acgurbuz","Ali Gurbuz","College of Engineering","Electrical and Computer Engineering","","False","9","136","#0072B2","False",""
"jredward","Jack Edwards","College of Engineering","Mechanical and Aerospace Engineering","","False","1","57","#0072B2","False",""
"lmitas","Lubos Mitas","College of Sciences","Physics","","False","4","80","#009E73","False",""
"slpigg","Stacey Pigg","College of Humanities and Social Sciences","English","","False","1","14","#CC79A7","False",""
"nkisaacs","Nathaniel Isaacson","College of Humanities and Social Sciences","World Languages and Cultures","","False","1","18","#CC79A7","False",""
"mvoynov","Maxim Voynov","College of Sciences","Chemistry","","False","3","45","#009E73","False",""
"rshamey","Renzo Shamey","Wilson College of Textiles","Textile Engineering, Chemistry and Science","","False","4","60","#1ABC9C","False",""
"vpaneja","Viney Aneja","College of Sciences","Marine, Earth, and Atmospheric Sciences","","False","4","74","#009E73","False",""
"wwang","Wenye Wang","College of Engineering","Electrical and Computer Engineering","","False","7","87","#0072B2","False",""
"coby","Coby Schal","College of Agriculture and Life Sciences","Entomology and Plant Pathology","","False","7","229","#E69F00","False",""
"mdrake","MaryAnne Drake","College of Agriculture and Life Sciences","Food, Bioprocessing, and Nutrition Sciences","","False","13","264","#E69F00","False",""
"aschnet","Astrid Schnetzer","College of Sciences","Marine, Earth, and Atmospheric Sciences","","False","4","45","#009E73","False",""
"bsunderw","Benjamin Underwood","College of Engineering","Civil, Construction and Environmental Engineering","","False","4","175","#0072B2","False",""
"awbatall","Alexander Bataller","College of Engineering","Nuclear Engineering","","False","1","16","#0072B2","False",""
"gcmclaug","Gail McLaughlin","College of Sciences","Physics","","False","4","95","#009E73","False",""
"jmdole","John Dole","College of Agriculture and Life Sciences","Horticultural Science","","False","7","81","#E69F00","False",""
"eghohmei","Emily Griffith","College of Sciences","Statistics","","False","2","90","#009E73","False",""
"hwsedero","Heike Inge Sederoff","College of Agriculture and Life Sciences","Plant and Microbial Biology","","False","2","48","#E69F00","False",""
"ytsuji","Yoshiaki Tsuji","College of Sciences","Biological Sciences","","False","2","30","#009E73","False",""
"efg","Ed Gehringer","College of Engineering","Computer Science","","False","5","101","#0072B2","False",""
"llfoster","Lori Foster","College of Humanities and Social Sciences","Psychology","","False","6","41","#CC79A7","False",""
"dricket","David Ricketts","College of Engineering","Electrical and Computer Engineering","","False","17","101","#0072B2","False",""
"dyeun","Do Young Eun","College of Engineering","Electrical and Computer Engineering","","False","1","41","#0072B2","False",""
"fmartin3","Florence Martin","College of Education","Teacher Education and Learning Sciences","","False","3","135","#D55E00","False",""
"sbfreita","Sandria Freitag","College of Humanities and Social Sciences","History","","False","1","5","#CC79A7","False",""
"rsmith","Ralph Smith","College of Sciences","Mathematics","","False","8","107","#009E73","False",""
"alstiele","Amy Stewart","College of Veterinary Medicine","Molecular Biomedical Sciences","","False","1","17","#56B4E9","False",""
"vdublje","Veljko Dubljevic","College of Humanities and Social Sciences","Philosophy and Religious Studies","","False","6","103","#CC79A7","False",""
"lrlarson","Lincoln Larson","College of Natural Resources","Parks, Recreation and Tourism Management","","False","2","144","#9B59B6","False",""
"tlidman","Tye Lidman","College of Sciences","Mathematics","","False","2","33","#009E73","False",""
"xzheng","Xiaoyong Zheng","College of Agriculture and Life Sciences","Agricultural and Resource Economics","","False","1","36","#E69F00","False",""
"nmnascon","Nanette Nascone-Yoder","College of Veterinary Medicine","Molecular Biomedical Sciences","","False","3","34","#56B4E9","False",""
"szeng","Zhaobang Zeng","College of Agriculture and Life Sciences","Horticultural Science","","False","1","42","#E69F00","False",""
"mrburche","Michael Burchell","College of Agriculture and Life Sciences","Biological and Agricultural Engineering","","False","4","42","#E69F00","False",""
"hong","Hoon Hong","College of Sciences","Mathematics","","False","4","53","#009E73","False",""
"dmfoster","Derek Foster","College of Veterinary Medicine","Population Health and Pathobiology","","False","3","70","#56B4E9","False",""
"lrfishe1","Loren Fisher","College of Agriculture and Life Sciences","North Carolina Agricultural Research Service","","False","1","20","#E69F00","False",""
"rxu22","Ruijuan Xu","College of Engineering","Materials Science and Engineering","","False","1","47","#0072B2","False",""
"jflevine","Jay Levine","College of Sciences","Marine, Earth, and Atmospheric Sciences","","False","3","50","#009E73","False",""
"prwestmo","Phil Westmoreland","College of Engineering","Chemical and Biomolecular Engineering","","False","2","69","#0072B2","False",""
"rchiech","Ryan Chiechi","College of Sciences","Chemistry","","False","4","132","#009E73","False",""
"eedobor","Edeoba Edobor","College of Agriculture and Life Sciences","Agricultural and Resource Economics","","False","1","6","#E69F00","False",""
"jpliu","Paul Liu","College of Sciences","Marine, Earth, and Atmospheric Sciences","","False","2","65","#009E73","False",""
"jegoodwi","Jean Goodwin","College of Humanities and Social Sciences","Communication","","False","1","23","#CC79A7","False",""
"jnbocarr","Jason Bocarro","College of Natural Resources","Parks, Recreation and Tourism Management","","False","3","62","#9B59B6","False",""
"skim22","Sung Woo Kim","College of Agriculture and Life Sciences","Animal Science","","False","10","405","#E69F00","False",""
"drbohnen","DelWayne Bohnenstiehl","College of Sciences","Marine, Earth, and Atmospheric Sciences","","False","4","79","#009E73","False",""
"gcope","William Cope","College of Agriculture and Life Sciences","Applied Ecology","","False","9","99","#E69F00","False",""
"gpcruse","Glenn Cruse","College of Veterinary Medicine","Molecular Biomedical Sciences","","False","4","51","#56B4E9","False",""
"evheugte","Eric VanHeugten","College of Agriculture and Life Sciences","Animal Science","","False","1","43","#E69F00","False",""
"jcbegeny","John Begeny","College of Humanities and Social Sciences","Psychology","","False","2","56","#CC79A7","False",""
"jdong","Jingyan Dong","College of Engineering","Edward P. Fitts Department of Industrial & Systems Engineering","","False","4","110","#0072B2","False",""
"kdaniel","Karen Daniels","College of Sciences","Physics","","False","5","105","#009E73","False",""
"jjbaryck","Joe Barycki","College of Agriculture and Life Sciences","Molecular and Structural Biochemistry","","False","1","23","#E69F00","False",""
"mbfisher","Matthew Fisher","College of Engineering","Biomedical Engineering","","False","4","82","#0072B2","False",""
"snassar","Sylvia Nassar","College of Education","Educational Leadership, Policy, and Human Development","","False","2","32","#D55E00","False",""
"arabiei","Afsaneh Rabiei","College of Engineering","Mechanical and Aerospace Engineering","","False","2","94","#0072B2","False",""
"ecrisci","Elisa Crisci","College of Veterinary Medicine","Population Health and Pathobiology","","False","2","63","#56B4E9","False",""
"hdai","Huaiyu Dai","College of Engineering","Electrical and Computer Engineering","","False","8","202","#0072B2","False",""
"dljorda2","David Jordan","College of Agriculture and Life Sciences","Crop and Soil Sciences","","False","12","177","#E69F00","False",""
"crji","Chueng Ji","College of Sciences","Physics","","False","6","116","#009E73","False",""
"jljone21","Jacob Jones","College of Engineering","Materials Science and Engineering","","False","14","315","#0072B2","False",""
"elseekam","Erin Seekamp","College of Natural Resources","Parks, Recreation and Tourism Management","","False","6","88","#9B59B6","False",""
"jkward2","Jason Ward","College of Agriculture and Life Sciences","Biological and Agricultural Engineering","","False","1","16","#E69F00","False",""
"rmrejesu","Roderick Rejesus","College of Agriculture and Life Sciences","Agricultural and Resource Economics","","False","7","68","#E69F00","False",""
"sasha","Alexandra Duel-Hallen","College of Engineering","Electrical and Computer Engineering","","False","3","33","#0072B2","False",""
"warobin3","Walter Robinson","College of Sciences","Marine, Earth, and Atmospheric Sciences","","False","1","46","#009E73","False",""
"jdbriley","Jessica Briley","College of Veterinary Medicine","Molecular Biomedical Sciences","","False","1","7","#56B4E9","False",""
"rsawyers","Roby Sawyers","Poole College of Management","Accounting","","False","1","4","#F0E442","False",""
"eshim","Eunkyoung Shim","Wilson College of Textiles","Textile Engineering, Chemistry and Science","","False","4","48","#1ABC9C","False",""
"dbbuchwa","David Buchwalter","College of Sciences","Biological Sciences","","False","5","71","#009E73","False",""
"ehyland","Ethan Hyland","College of Sciences","Marine, Earth, and Atmospheric Sciences","","False","2","77","#009E73","False",""
"ooralka","Omer Oralkan","College of Engineering","Electrical and Computer Engineering","","False","10","161","#0072B2","False",""
"sbcraig","Bart Craig","College of Humanities and Social Sciences","Psychology","","False","1","14","#CC79A7","False",""
"amjacob","Anna Egalite","College of Education","Educational Leadership, Policy, and Human Development","","False","3","34","#D55E00","False",""
"aspnes","David Aspnes","College of Sciences","Physics","","False","4","69","#009E73","False",""
"avkuznet","Andrey Kuznetsov","College of Engineering","Mechanical and Aerospace Engineering","","False","32","283","#0072B2","False",""
"dazaharo","David Zaharoff","College of Engineering","Biomedical Engineering","","False","3","48","#0072B2","False",""
"bcallah","Benjamin Callahan","College of Veterinary Medicine","Population Health and Pathobiology","","False","1","50","#56B4E9","False",""
"ysaini","Yogesh Saini","College of Veterinary Medicine","Population Health and Pathobiology","","False","1","54","#56B4E9","False",""
"dfcall","Douglas Call","College of Engineering","Civil, Construction and Environmental Engineering","","False","1","63","#0072B2","False",""
"krwening","Keith Weninger","College of Sciences","Physics","","False","2","81","#009E73","False",""
"mmwillia","Mary Elting","College of Sciences","Physics","","False","1","30","#009E73","False",""
"tranney","Thomas Ranney","College of Agriculture and Life Sciences","Horticultural Science","","False","5","48","#E69F00","False",""
"iakogan","Irina Kogan","College of Sciences","Mathematics","","False","1","22","#009E73","False",""
"king","Russell King","College of Engineering","Edward P. Fitts Department of Industrial & Systems Engineering","","False","4","35","#0072B2","False",""
"dofreyte","Donald Freytes","College of Engineering","Biomedical Engineering","","False","2","49","#0072B2","False",""
"rawalsh","Rebecca Walsh","College of Humanities and Social Sciences","English","","False","1","3","#CC79A7","False",""
"sghosal","Subhashis Ghoshal","College of Sciences","Statistics","","False","3","51","#009E73","False",""
"dkaoumi","Djamel Kaoumi","College of Engineering","Nuclear Engineering","","False","1","84","#0072B2","False",""
"rjricha2","Robert Richardson","College of Agriculture and Life Sciences","Crop and Soil Sciences","","False","4","42","#E69F00","False",""
"mkang2","Min Kang","College of Sciences","Mathematics","","False","1","9","#009E73","False",""
"mdlamber","Misty Lambert","College of Agriculture and Life Sciences","Agricultural and Human Sciences","","False","1","21","#E69F00","False",""
"cdelgad","Cesar Delgado","College of Education","Science, Technology, Engineering, & Mathematics Education","","False","2","38","#D55E00","False",""
"reirwin","Rebecca Irwin","College of Agriculture and Life Sciences","Applied Ecology","","False","4","135","#E69F00","False",""
"njolby","Natasha Olby","College of Veterinary Medicine","Clinical Sciences","","False","4","179","#56B4E9","False",""
"ahajbab","Ali Hajbabaie","College of Engineering","Civil, Construction and Environmental Engineering","","False","3","71","#0072B2","False",""
"cdguillu","Christophe Guilluy","College of Veterinary Medicine","Molecular Biomedical Sciences","","False","1","27","#56B4E9","False",""
"raghilad","Reza Ghiladi","College of Sciences","Chemistry","","False","1","97","#009E73","False",""
"mmbooker","Matthew Booker","College of Humanities and Social Sciences","History","","False","1","17","#CC79A7","False",""
"knivanov","Kostadin Ivanov","College of Engineering","Nuclear Engineering","","False","9","107","#0072B2","False",""
"anbryan2","Alyssa Rockenbach","College of Education","Educational Leadership, Policy, and Human Development","","False","2","59","#D55E00","False",""
"wabauer","William Bauer","College of Humanities and Social Sciences","Philosophy and Religious Studies","","False","2","16","#CC79A7","False",""
"ddavis6","Dennis Davis","College of Education","Teacher Education and Learning Sciences","","False","2","38","#D55E00","False",""
"fisik","Fikret Isik","College of Natural Resources","Forestry and Environmental Resources","","False","2","90","#9B59B6","False",""
"amlynch3","Alex Lynch","College of Veterinary Medicine","Clinical Sciences","","False","1","58","#56B4E9","False",""
"laramir2","Alonso Ramirez","College of Agriculture and Life Sciences","Applied Ecology","","False","3","93","#E69F00","False",""
"yuan","Fuh-Gwo Yuan","College of Engineering","Mechanical and Aerospace Engineering","","False","14","153","#0072B2","False",""
"jtascenc","Trino Ascencio-Ibanez","College of Agriculture and Life Sciences","Molecular and Structural Biochemistry","","False","1","23","#E69F00","False",""
"gilmarti","David Gilmartin","College of Humanities and Social Sciences","History","","False","1","28","#CC79A7","False",""
"atbliksl","Anthony Blikslager","College of Veterinary Medicine","College of Veterinary Medicine Administration","","False","8","210","#56B4E9","False",""
"mpourgh","Moe Pourghaz","College of Engineering","Civil, Construction and Environmental Engineering","","False","3","70","#0072B2","False",""
"nfrazie2","Nishani Frazier","College of Humanities and Social Sciences","History","","False","1","7","#CC79A7","False",""
"pbiziko","Petra Bizikova","College of Veterinary Medicine","Clinical Sciences","","False","1","37","#56B4E9","False",""
"dlirving","Douglas Irving","College of Engineering","Materials Science and Engineering","","False","4","81","#0072B2","False",""
"vvvolpe","Vanessa Volpe","College of Humanities and Social Sciences","Psychology","","False","1","64","#CC79A7","False",""
"iuroeder","Ian Roederer","College of Sciences","Physics","","False","2","129","#009E73","False",""
"vaugust","Veronica Augustyn","College of Engineering","Materials Science and Engineering","","False","3","76","#0072B2","False",""
"hashraf2","Hudson Ashrafi","College of Agriculture and Life Sciences","Horticultural Science","","False","5","63","#E69F00","False",""
"zkli","Zane Li","College of Sciences","Mathematics","","False","1","17","#009E73","False",""
"davidian","Marie Davidian","College of Sciences","Statistics","","False","7","85","#009E73","False",""
"fedkiw","Peter Fedkiw","College of Engineering","Chemical and Biomolecular Engineering","","False","3","43","#0072B2","False",""
"mjburke3","Megan Burke","College of Veterinary Medicine","Clinical Sciences","","False","1","11","#56B4E9","False",""
"rgmarti3","Ryan Martin","College of Sciences","Statistics","","False","4","78","#009E73","False",""
"tawalkow","Temple Walkowiak","College of Education","Teacher Education and Learning Sciences","","False","2","18","#D55E00","False",""
"fbreid","Frederick Breidt","College of Agriculture and Life Sciences","Food, Bioprocessing, and Nutrition Sciences","","False","4","47","#E69F00","False",""
"jahipp","Aaron Hipp","College of Natural Resources","Parks, Recreation and Tourism Management","","False","8","148","#9B59B6","False",""
"clgordy","Claire Gordy","College of Sciences","Biological Sciences","","False","1","16","#009E73","False",""
"zpantic","Zeljko Pantic","College of Engineering","Electrical and Computer Engineering","","False","4","35","#0072B2","False",""
"jhou8","Jason Hou","College of Engineering","Nuclear Engineering","","False","1","35","#0072B2","False",""
"swking","Stacy Wood","Poole College of Management","Marketing","","False","1","24","#F0E442","False",""
"lezanno","Lindsay Zanno","College of Sciences","Biological Sciences","","False","3","77","#009E73","False",""
"mbecchi","Michela Becchi","College of Engineering","Electrical and Computer Engineering","","False","4","41","#0072B2","False",""
"fawrigh2","Fred Wright","College of Sciences","Statistics","","False","5","120","#009E73","False",""
"jmhaugh","Jason Haugh","College of Engineering","Chemical and Biomolecular Engineering","","False","3","72","#0072B2","False",""
"lcolpog","Luke Gatiboni","College of Agriculture and Life Sciences","Crop and Soil Sciences","","False","7","121","#E69F00","False",""
"ngcosco","Nilda Cosco","College of Design","College of Design Administration","","False","2","20","#E74C3C","False",""
"mjstruet","Michael Struett","College of Humanities and Social Sciences","Political Science & Public Administration [in the School of Public and International Affairs]","","False","2","22","#CC79A7","False",""
"acfahren","Adam Fahrenholz","College of Agriculture and Life Sciences","Prestage Department of Poultry Science","","False","2","36","#E69F00","False",""
"jcollazo","Jaime Collazo","College of Agriculture and Life Sciences","Applied Ecology","","False","6","75","#E69F00","False",""
"agdean","Alexander Dean","College of Engineering","Electrical and Computer Engineering","","False","2","23","#0072B2","False",""
"narobins","Nicholas Robins","College of Humanities and Social Sciences","History","","False","1","10","#CC79A7","False",""
"garval","Michael Garval","College of Humanities and Social Sciences","World Languages and Cultures","","False","1","3","#CC79A7","False",""
"munsal","Mithat Unsal","College of Sciences","Physics","","False","2","60","#009E73","False",""
"bejin","Byoungho Jin","Wilson College of Textiles","Textile and Apparel, Technology and Management","","False","6","111","#1ABC9C","False",""
"feewere","Felix Ewere","College of Engineering","Mechanical and Aerospace Engineering","","False","2","8","#0072B2","False",""
"cbgorman","Christopher Gorman","College of Sciences","Chemistry","","False","1","45","#009E73","False",""
"gblank","Gary Blank","College of Natural Resources","Forestry and Environmental Resources","","False","1","8","#9B59B6","False",""
"ajplanch","Antonio Planchart","College of Sciences","Biological Sciences","","False","1","29","#009E73","False",""
"kdaykin","Kirsten Kramer","College of Sciences","Chemistry","","False","1","2","#009E73","False",""
"asagema","Andrew Sageman-Furnas","College of Sciences","Mathematics","","False","1","14","#009E73","False",""
"jjiang26","Jicai Jiang","College of Agriculture and Life Sciences","Animal Science","","False","3","68","#E69F00","False",""
"lhe8","Lingfeng He","College of Engineering","Nuclear Engineering","","False","7","170","#0072B2","False",""
"kay","Michael Kay","College of Engineering","Edward P. Fitts Department of Industrial & Systems Engineering","","False","2","31","#0072B2","False",""
"lxiao5","Luo Xiao","College of Sciences","Statistics","","False","2","42","#009E73","False",""
"tismirno","Tatyana Smirnova","College of Sciences","Chemistry","","False","4","52","#009E73","False",""
"gmkumar","Kumar Mahinthakumar","College of Engineering","Civil, Construction and Environmental Engineering","","False","5","71","#0072B2","False",""
"pemozdzi","Paul Mozdziak","College of Agriculture and Life Sciences","Prestage Department of Poultry Science","","False","1","140","#E69F00","False",""
"jytzeng","Jung-Ying Tzeng","College of Sciences","Statistics","","False","1","65","#009E73","False",""
"lavillam","Lenin Villamizar Martinez","College of Veterinary Medicine","Clinical Sciences","","False","3","18","#56B4E9","False",""
"mgjones3","Gail Jones","College of Education","Science, Technology, Engineering, & Mathematics Education","","False","5","85","#D55E00","False",""
"kgundog","Kenan Gundogdu","College of Sciences","Physics","","False","1","87","#009E73","False",""
"jhunt5","Jessica Hunt","College of Education","Teacher Education and Learning Sciences","","False","4","52","#D55E00","False",""
"cjohns26","Carla Johnson","College of Education","Science, Technology, Engineering, & Mathematics Education","","False","2","138","#D55E00","False",""
"jrbryan3","Jennifer Richmond-Bryant","College of Natural Resources","Forestry and Environmental Resources","","False","4","57","#9B59B6","False",""
"jjwierer","Jonathan Wierer","College of Engineering","Electrical and Computer Engineering","","False","4","73","#0072B2","False",""
"rsozzan","Rosangela Sozzani","College of Agriculture and Life Sciences","Plant and Microbial Biology","","False","2","87","#E69F00","False",""
"ramabrit","Robert Mabrito","College of Humanities and Social Sciences","Philosophy and Religious Studies","","False","2","3","#CC79A7","False",""
"pcombet","Patrick Combettes","College of Sciences","Mathematics","","False","3","80","#009E73","False",""
"jgookin","Jody Gookin","College of Veterinary Medicine","Clinical Sciences","","False","4","72","#56B4E9","False",""
"atstepan","Anna Stepanova","College of Agriculture and Life Sciences","Plant and Microbial Biology","","False","7","68","#E69F00","False",""
"aryoung","Albert Young","College of Sciences","Physics","","False","11","115","#009E73","False",""
"hdaniels","Harry Daniels","College of Agriculture and Life Sciences","Applied Ecology","","False","6","34","#E69F00","False",""
"fmuelle","Frank Mueller","College of Engineering","Computer Science","","False","1","107","#0072B2","False",""
"migkim","Mi Kim","College of Humanities and Social Sciences","History","","False","2","11","#CC79A7","False",""
"rodrigu","Jesus Rodriguez","College of Sciences","Mathematics","","False","1","19","#009E73","False",""
"ygyingli","Yaroslava Yingling","College of Engineering","Materials Science and Engineering","","False","6","140","#0072B2","False",""
"eztaylor","Eileen Taylor","Poole College of Management","Accounting","","False","2","27","#F0E442","False",""
"screberg","Chris Reberg-Horton","College of Agriculture and Life Sciences","Crop and Soil Sciences","","False","6","102","#E69F00","False",""
"dpwarsin","Donald Warsing","Poole College of Management","Information Technology, Analytics, & Operations","","False","3","24","#F0E442","False",""
"slsimon","Sindee Simon","College of Engineering","Chemical and Biomolecular Engineering","","False","7","98","#0072B2","False",""
"rdmalhei","Ramon Malheiros","College of Agriculture and Life Sciences","Prestage Department of Poultry Science","","False","1","40","#E69F00","False",""
"jslindse","Jonathan Lindsey","College of Sciences","Chemistry","","False","13","263","#009E73","False",""
"gnp","Gregory Parsons","College of Engineering","Chemical and Biomolecular Engineering","","False","20","241","#0072B2","False",""
"jlheitma","Josh Heitman","College of Agriculture and Life Sciences","Crop and Soil Sciences","","False","5","168","#E69F00","False",""
"vfellner","Vivek Fellner","College of Agriculture and Life Sciences","Animal Science","","False","2","44","#E69F00","False",""
"jjadams2","Jacob Adams","College of Engineering","Electrical and Computer Engineering","","False","1","60","#0072B2","False",""
"sarumug","Sankarasubramanian Arumugam","College of Engineering","Civil, Construction and Environmental Engineering","","False","3","115","#0072B2","False",""
"smpuryea","Stephen Puryear","College of Humanities and Social Sciences","Philosophy and Religious Studies","","False","1","22","#CC79A7","False",""
"cfrohli","Carla Frohlich","College of Sciences","Physics","","False","2","64","#009E73","False",""
"cmwilli5","Cranos Williams","College of Engineering","Electrical and Computer Engineering","","False","2","54","#0072B2","False",""
"rwkays","Roland Kays","College of Natural Resources","Forestry and Environmental Resources","","False","13","225","#9B59B6","False",""
"vkurapa","Vasu Kuraparthy","College of Agriculture and Life Sciences","Crop and Soil Sciences","","False","5","38","#E69F00","False",""
"jcbivins","Jason Bivins","College of Humanities and Social Sciences","Philosophy and Religious Studies","","False","2","13","#CC79A7","False",""
"rgmaggi","Ricardo Maggi","College of Veterinary Medicine","Clinical Sciences","","False","14","149","#56B4E9","False",""
"mwkudeno","Michael Kudenov","College of Engineering","Electrical and Computer Engineering","","False","5","120","#0072B2","False",""
"mgilman","Mikhail Gilman","College of Sciences","Mathematics","","False","1","28","#009E73","False",""
"bjreich","Brian Reich","College of Sciences","Statistics","","False","8","198","#009E73","False",""
"swkullma","Seth Kullman","College of Sciences","Biological Sciences","","False","3","70","#009E73","False",""
"yyazmy","Yousry Azmy","College of Engineering","Nuclear Engineering","","False","1","32","#0072B2","False",""
"jaforre3","Jodi Forrester","College of Natural Resources","Forestry and Environmental Resources","","False","4","41","#9B59B6","False",""
"richardv","Richard Venditti","College of Natural Resources","Forest Biomaterials","","False","9","200","#9B59B6","False",""
"twu19","Tianfu Wu","College of Engineering","Electrical and Computer Engineering","","False","2","53","#0072B2","False",""
"jlhavlin","John Havlin","College of Agriculture and Life Sciences","Crop and Soil Sciences","","False","1","18","#E69F00","False",""
"vgallagh","Victoria Gallagher","College of Humanities and Social Sciences","Communication","","False","2","20","#CC79A7","False",""
"jcheng3","Jay Cheng","College of Agriculture and Life Sciences","Biological and Agricultural Engineering","","False","4","91","#E69F00","False",""
"akota2","Arun Kumar Kota","College of Engineering","Mechanical and Aerospace Engineering","","False","4","64","#0072B2","False",""
"hwade","Harald Ade","College of Sciences","Physics","","False","16","385","#009E73","False",""
"dmberube","David Berube","College of Humanities and Social Sciences","Communication","","False","2","19","#CC79A7","False",""
"smsulli2","Seth Sullivant","College of Sciences","Mathematics","","False","4","65","#009E73","False",""
"nlu2","Ning Lu","College of Engineering","Electrical and Computer Engineering","","False","6","155","#0072B2","False",""
"merusso","Marc Russo","College of Design","Media Arts, Design and Technology","","False","1","4","#E74C3C","False",""
"dslalush","David Lalush","College of Engineering","Biomedical Engineering","","False","2","80","#0072B2","False",""
"ebbreits","Edward Breitschwerdt","College of Veterinary Medicine","Clinical Sciences","","False","20","318","#56B4E9","False",""
"skomarn","Slavko Komarnytsky","College of Agriculture and Life Sciences","Kannapolis Research","","False","3","70","#E69F00","False",""
"rkmeente","Ross Meentemeyer","College of Natural Resources","Center for Geospatial Analytics","","False","5","127","#9B59B6","False",""
"drobenou","Daniel Obenour","College of Engineering","Civil, Construction and Environmental Engineering","","False","3","50","#0072B2","False",""
"ljbobay","Louis-Marie Bobay","College of Sciences","Biological Sciences","","False","2","44","#009E73","False",""
"mnpeters","Nils Peterson","College of Natural Resources","Forestry and Environmental Resources","","False","3","130","#9B59B6","False",""
"rhli2","Ronald Li","College of Veterinary Medicine","Clinical Sciences","","False","2","47","#56B4E9","False",""
"hschmit2","Hans Peter Schmitz","College of Humanities and Social Sciences","Political Science & Public Administration [in the School of Public and International Affairs]","","False","3","38","#CC79A7","False",""
"tdefranc","Teresa DeFrancesco","College of Veterinary Medicine","Clinical Sciences","","False","2","70","#56B4E9","False",""
"rhe","Ruoying He","College of Sciences","Marine, Earth, and Atmospheric Sciences","","False","5","126","#009E73","False",""
"egmedlin","Emily Martin","College of Veterinary Medicine","Clinical Sciences","","False","1","10","#56B4E9","False",""
"drtarpy","David Tarpy","College of Agriculture and Life Sciences","Applied Ecology","","False","7","117","#E69F00","False",""
"lwwhite","Leonard White","College of Engineering","Future Renewable Electric Energy Delivery and Management Systems Center (The)","","False","1","4","#0072B2","False",""
"jabuckel","Jeffrey Buckel","College of Agriculture and Life Sciences","Applied Ecology","","False","3","87","#E69F00","False",""
"stefansk","Len Stefanski","College of Sciences","Statistics","","False","4","28","#009E73","False",""
"jaluff","Jennifer Luff","College of Veterinary Medicine","Population Health and Pathobiology","","False","1","19","#56B4E9","False",""
"ruzsoy","Reha Uzsoy","College of Engineering","Edward P. Fitts Department of Industrial & Systems Engineering","","False","8","112","#0072B2","False",""
"kaunocic","Kinga Unocic","College of Engineering","Materials Science and Engineering","","False","8","160","#0072B2","False",""
"fncastel","Felix Castellano","College of Sciences","Chemistry","","False","17","241","#009E73","False",""
"lrbass","Lisa Bass","College of Education","Educational Leadership, Policy, and Human Development","","False","2","9","#D55E00","False",""
"lsgoodel","Suzie Goodell","College of Agriculture and Life Sciences","Food, Bioprocessing, and Nutrition Sciences","","False","3","65","#E69F00","False",""
"nccrook","Nathan Crook","College of Engineering","Chemical and Biomolecular Engineering","","False","1","54","#0072B2","False",""
"wyu2","Wensong Yu","College of Engineering","Future Renewable Electric Energy Delivery and Management Systems Center (The)","","False","1","75","#0072B2","False",""
"aercume","Ayse Ercumen","College of Natural Resources","Forestry and Environmental Resources","","False","1","84","#9B59B6","False",""
"mdkoci","Matt Koci","College of Agriculture and Life Sciences","Prestage Department of Poultry Science","","False","2","47","#E69F00","False",""
"aavilac","Amanda Avila Cardoso","College of Agriculture and Life Sciences","Crop and Soil Sciences","","False","1","60","#E69F00","False",""
"rjhurley","Ryan Hurley","College of Humanities and Social Sciences","Communication","","False","1","13","#CC79A7","False",""
"rmschoen","Regina Schoenfeld","College of Veterinary Medicine","Molecular Biomedical Sciences","","False","4","58","#56B4E9","False",""
"rslewis","Ramsey Lewis","College of Agriculture and Life Sciences","Crop and Soil Sciences","","False","4","76","#E69F00","False",""
"sscaag","Aziz Amoozegar","College of Agriculture and Life Sciences","Crop and Soil Sciences","","False","2","34","#E69F00","False",""
"narayan","Jagdish Narayan","College of Engineering","Materials Science and Engineering","","False","28","257","#0072B2","False",""
"twgannon","Travis Gannon","College of Agriculture and Life Sciences","Crop and Soil Sciences","","False","6","68","#E69F00","False",""
"aaysu","Aydin Aysu","College of Engineering","Electrical and Computer Engineering","","False","5","74","#0072B2","False",""
"rseraci","Rudi Seracino","College of Engineering","Civil, Construction and Environmental Engineering","","False","4","65","#0072B2","False",""
"avazque2","Abraham Vazquez-Guardado","College of Engineering","Electrical and Computer Engineering","","False","1","68","#0072B2","False",""
"dgruehn","Daniel Gruehn","College of Humanities and Social Sciences","Psychology","","False","1","19","#CC79A7","False",""
"skuttal","Sandeep Kuttal","College of Engineering","Computer Science","","False","3","43","#0072B2","False",""
"gyang9","Ge Yang","College of Engineering","Nuclear Engineering","","False","6","93","#0072B2","False",""
"gngaile","Gracious Ngaile","College of Engineering","Mechanical and Aerospace Engineering","","False","4","58","#0072B2","False",""
"pdbradfo","Philip Bradford","Wilson College of Textiles","Textile Engineering, Chemistry and Science","","False","6","81","#1ABC9C","False",""
"nmlavoin","Nathalie Lavoine","College of Natural Resources","Forest Biomaterials","","False","1","38","#9B59B6","False",""
"jayoder","Jeff Yoder","College of Sciences","Biological Sciences","","False","3","83","#009E73","False",""
"sklambet","Stephanie Mathews","College of Sciences","Biological Sciences","","False","1","21","#009E73","False",""
"dzbaron","Dror Baron","College of Engineering","Electrical and Computer Engineering","","False","4","62","#0072B2","False",""
"spark","Sunkyu Park","College of Natural Resources","Forest Biomaterials","","False","10","139","#9B59B6","False",""
"wmrand","Bill Rand","Poole College of Management","Marketing","","False","5","49","#F0E442","False",""
"ejlobato","Edgar Lobaton","College of Engineering","Electrical and Computer Engineering","","False","3","109","#0072B2","False",""
"pcfyfe","Paul Fyfe","College of Humanities and Social Sciences","English","","False","3","24","#CC79A7","False",""
"kmgross2","Kathryn Grossman","College of Humanities and Social Sciences","Sociology and Anthropology","","False","1","6","#CC79A7","False",""
"iyoon","Intae Yoon","College of Humanities and Social Sciences","Social Work","","False","2","12","#CC79A7","False",""
"dsjones5","Daniela Jones","College of Agriculture and Life Sciences","Biological and Agricultural Engineering","","False","1","25","#E69F00","False",""
"jcdietri","Casey Dietrich","College of Engineering","Civil, Construction and Environmental Engineering","","False","5","47","#0072B2","False",""
"japiedra","Jorge Piedrahita","College of Veterinary Medicine","Molecular Biomedical Sciences","","False","7","75","#56B4E9","False",""
"apapani","Andrew Papanicolaou","College of Sciences","Mathematics","","False","2","28","#009E73","False",""
"kwk","Ki Kim","College of Engineering","Electrical and Computer Engineering","","False","5","107","#0072B2","False",""
"mmaguilo","Maricar Aguilos","College of Natural Resources","Forestry and Environmental Resources","","False","1","49","#9B59B6","False",""
"jtuck","James Tuck","College of Engineering","Electrical and Computer Engineering","","False","1","45","#0072B2","False",""
"smenega","Stefano Menegatti","College of Engineering","Chemical and Biomolecular Engineering","","False","1","115","#0072B2","False",""
"hdakroyd","Duane Akroyd","College of Education","Educational Leadership, Policy, and Human Development","","False","2","6","#D55E00","False",""
"tran","Hien Tran","College of Sciences","Mathematics","","False","1","62","#009E73","False",""
"kito","Kazufumi Ito","College of Sciences","Mathematics","","False","4","69","#009E73","False",""
"mthuo","Martin Thuo","College of Engineering","Materials Science and Engineering","","False","6","131","#0072B2","False",""
"rmdodswo","Robin Dodsworth","College of Humanities and Social Sciences","English","","False","1","26","#CC79A7","False",""
"rblanger","Brian Langerhans","College of Sciences","Biological Sciences","","False","5","49","#009E73","False",""
"jliu38","Jun Liu","College of Engineering","Mechanical and Aerospace Engineering","","False","3","73","#0072B2","False",""
"dmnielse","Dahlia Nielsen","College of Sciences","Biological Sciences","","False","4","24","#009E73","False",""
"icarbon","Ignazio Carbone","College of Agriculture and Life Sciences","Entomology and Plant Pathology","","False","5","89","#E69F00","False",""
"mtchu","Moody Chu","College of Sciences","Mathematics","","False","2","48","#009E73","False",""
"cgastro","Claudia Gastrow","College of Humanities and Social Sciences","Sociology and Anthropology","","False","1","19","#CC79A7","False",""
"srmilla","Susana Milla-Lewis","College of Agriculture and Life Sciences","Crop and Soil Sciences","","False","5","78","#E69F00","False",""
"tmschaef","Thomas Schaefer","College of Sciences","Physics","","False","6","91","#009E73","False",""
"wekrause","Wendy Krause","Wilson College of Textiles","Textile Engineering, Chemistry and Science","","False","1","29","#1ABC9C","False",""
"mkanters","Michael Kanters","College of Natural Resources","Parks, Recreation and Tourism Management","","False","1","20","#9B59B6","False",""
"lgtateos","Laura Tateosian","College of Natural Resources","Center for Geospatial Analytics","","False","1","22","#9B59B6","False",""
"khan","Saad Khan","College of Engineering","Chemical and Biomolecular Engineering","","False","8","178","#0072B2","False",""
"rdutta","Rudra Dutta","College of Engineering","Computer Science","","False","1","74","#0072B2","False",""
"fli5","Fanxing Li","College of Engineering","Chemical and Biomolecular Engineering","","False","4","170","#0072B2","False",""
"xgu","Xiaohui Gu","College of Engineering","Computer Science","","False","2","33","#0072B2","False",""
"jjcarro3","Jennifer Carroll","College of Humanities and Social Sciences","Sociology and Anthropology","","False","1","61","#CC79A7","False",""
"jminogu","James Minogue","College of Education","Teacher Education and Learning Sciences","","False","2","23","#D55E00","False",""
"mdparker","Matthew Parker","College of Sciences","Marine, Earth, and Atmospheric Sciences","","False","3","64","#009E73","False",""
"msmorril","Melinda Morrill","Poole College of Management","Economics","","False","2","37","#F0E442","False",""
"dpgenere","David Genereux","College of Sciences","Marine, Earth, and Atmospheric Sciences","","False","2","40","#009E73","False",""
"ttheis","Thomas Theis","College of Sciences","Chemistry","","False","6","119","#009E73","False",""
"gbuckner","Gregory Buckner","College of Engineering","Mechanical and Aerospace Engineering","","False","2","67","#0072B2","False",""
"gvalacc","Giuseppe Valacchi","College of Agriculture and Life Sciences","Kannapolis Research","","False","6","248","#E69F00","False",""
"kowalsky","Mervyn Kowalsky","College of Engineering","Civil, Construction and Environmental Engineering","","False","5","71","#0072B2","False",""
"paulf","Paul Franzon","College of Engineering","Electrical and Computer Engineering","","False","19","194","#0072B2","False",""
"ssoyars","Sanem Soyarslan","College of Humanities and Social Sciences","Philosophy and Religious Studies","","False","1","9","#CC79A7","False",""
"tlstinso","Timothy Stinson","College of Humanities and Social Sciences","English","","False","1","12","#CC79A7","False",""
"amaity","Arnab Maity","College of Sciences","Statistics","","False","7","75","#009E73","False",""
"jlnietfe","John Nietfeld","College of Education","Teacher Education and Learning Sciences","","False","2","39","#D55E00","False",""
"mcaner","Mehmet Caner","Poole College of Management","Economics","","False","2","24","#F0E442","False",""
"tmbarnes","Tiffany Barnes","College of Engineering","Computer Science","","False","3","173","#0072B2","False",""
"ajkeung","Albert Keung","College of Engineering","Chemical and Biomolecular Engineering","","False","1","54","#0072B2","False",""
"galewbar","Gregory Lewbart","College of Veterinary Medicine","Clinical Sciences","","False","3","160","#56B4E9","False",""
"thinton","Timothy Hinton","College of Humanities and Social Sciences","Philosophy and Religious Studies","","False","1","14","#CC79A7","False",""
"yslee","Yuan-Shin Lee","College of Engineering","Edward P. Fitts Department of Industrial & Systems Engineering","","False","2","52","#0072B2","False",""
"clanzas","Cristina Lanzas","College of Veterinary Medicine","Population Health and Pathobiology","","False","4","79","#56B4E9","False",""
"dosmond","Deanna Osmond","College of Agriculture and Life Sciences","Crop and Soil Sciences","","False","2","89","#E69F00","False",""
"jjacosta","Juan Acosta Jaramillo","College of Natural Resources","Forestry and Environmental Resources","","False","1","34","#9B59B6","False",""
"jodle","Jack Odle","College of Agriculture and Life Sciences","Animal Science","","False","9","158","#E69F00","False",""
"jmpolla3","Jeffrey Pollack","Poole College of Management","Management, Innovation and Entrepreneurship","","False","7","91","#F0E442","False",""
"dsun4","Dali Sun","College of Sciences","Physics","","False","3","88","#009E73","False",""
"miorizz","Massimo Iorizzo","College of Agriculture and Life Sciences","Horticultural Science","","False","6","115","#E69F00","False",""
"qwei3","Qingshan Wei","College of Engineering","Chemical and Biomolecular Engineering","","False","5","97","#0072B2","False",""
"wdavis","William Davis","College of Engineering","Electrical and Computer Engineering","","False","5","66","#0072B2","False",""
"madesouc","Michaela DeSoucey","College of Humanities and Social Sciences","Sociology and Anthropology","","False","1","29","#CC79A7","False",""
"oapetrit","Olivia Petritz","College of Veterinary Medicine","Clinical Sciences","","False","5","44","#56B4E9","False",""
"jhkelley","John Kelley","College of Sciences","Physics","","False","10","74","#009E73","False",""
"owduckwo","Owen Duckworth","College of Agriculture and Life Sciences","Crop and Soil Sciences","","False","3","83","#E69F00","False",""
"adpierce","April Fogleman","College of Agriculture and Life Sciences","Food, Bioprocessing, and Nutrition Sciences","","False","1","16","#E69F00","False",""
"ebeltra2","Eduardo Beltranena","College of Agriculture and Life Sciences","Animal Science","","False","8","122","#E69F00","False",""
"cpedging","Cyndi Edgington","College of Education","Science, Technology, Engineering, & Mathematics Education","","False","2","7","#D55E00","False",""
"blnowell","Branda Nowell","College of Humanities and Social Sciences","Political Science & Public Administration [in the School of Public and International Affairs]","","False","1","46","#CC79A7","False",""
"dlrober4","David Roberts","College of Engineering","Computer Science","","False","4","49","#0072B2","False",""
"dmkearns","Devin Kearns","College of Education","Teacher Education and Learning Sciences","","False","3","57","#D55E00","False",""
"emschlie","Erin Schliep","College of Sciences","Statistics","","False","2","49","#009E73","False",""
"sagui","Celeste Sagui","College of Sciences","Physics","","False","3","58","#009E73","False",""
"jdbohlma","Jonathan Bohlmann","Poole College of Management","Marketing","","False","1","12","#F0E442","False",""
"bjreadin","Benjamin Reading","College of Agriculture and Life Sciences","Applied Ecology","","False","6","58","#E69F00","False",""
"hwang18","Hong Wang","College of Sciences","Physics","","False","3","48","#009E73","False",""
"pojiamb","Peter Ojiambo","College of Agriculture and Life Sciences","Entomology and Plant Pathology","","False","2","93","#E69F00","False",""
"rasdorf","William Rasdorf","College of Engineering","Civil, Construction and Environmental Engineering","","False","1","77","#0072B2","False",""
"lwang5","Lingjuan Li","College of Agriculture and Life Sciences","Biological and Agricultural Engineering","","False","6","51","#E69F00","False",""
"wfhunt","William Hunt","College of Agriculture and Life Sciences","Biological and Agricultural Engineering","","False","20","234","#E69F00","False",""
"hvtafres","Hooman Tafreshi","College of Engineering","Mechanical and Aerospace Engineering","","False","9","150","#0072B2","False",""
"birgand","Francois Birgand","College of Agriculture and Life Sciences","Biological and Agricultural Engineering","","False","6","69","#E69F00","False",""
"bwiegman","Brian Wiegmann","College of Agriculture and Life Sciences","Entomology and Plant Pathology","","False","3","66","#E69F00","False",""
"rkgupta2","Rajeev Gupta","College of Engineering","Materials Science and Engineering","","False","8","127","#0072B2","False",""
"bfair","Barbara Fair","College of Agriculture and Life Sciences","Horticultural Science","","False","1","2","#E69F00","False",""
"eooviedo","Edgar Oviedo-Rondon","College of Agriculture and Life Sciences","Prestage Department of Poultry Science","","False","6","91","#E69F00","False",""
"jgenzer","Jan Genzer","College of Engineering","Chemical and Biomolecular Engineering","","False","10","233","#0072B2","False",""
"kstapel","Katharina Stapelmann","College of Engineering","Nuclear Engineering","","False","4","88","#0072B2","False",""
"mpsingh","Munindar Singh","College of Engineering","Computer Science","","False","16","230","#0072B2","False",""
"bernholc","Jerzy Bernholc","College of Sciences","Physics","","False","1","79","#009E73","False",""
"pmcavoy","Paula McAvoy","College of Education","Teacher Education and Learning Sciences","","False","2","11","#D55E00","False",""
"sleblan","Sharonda LeBlanc","College of Sciences","Physics","","False","1","13","#009E73","False",""
"alee29","Andrew Lee","College of Engineering","Mechanical and Aerospace Engineering","","False","2","33","#0072B2","False",""
"jfeng2","Jing Feng","College of Humanities and Social Sciences","Psychology","","False","1","41","#CC79A7","False",""
"hsgill2","Harvinder Gill","College of Engineering","Chemical and Biomolecular Engineering","","False","2","83","#0072B2","False",""
"jfpatric","Jason Patrick","College of Engineering","Civil, Construction and Environmental Engineering","","False","1","27","#0072B2","False",""
"thsieh3","Tzung Fu Hsieh","College of Agriculture and Life Sciences","Plant and Microbial Biology","","False","2","47","#E69F00","False",""
"gconant","Gavin Conant","College of Sciences","Biological Sciences","","False","5","80","#009E73","False",""
"jvveliad","Victor Veliadis","College of Engineering","Electrical and Computer Engineering","","False","6","93","#0072B2","False",""
"murty","Korukonda Murty","College of Engineering","Nuclear Engineering","","False","10","113","#0072B2","False",""
"amhardis","Annie Hardison-Moody","College of Agriculture and Life Sciences","Agricultural and Human Sciences","","False","1","43","#E69F00","False",""
"yzhu7","Yong Zhu","College of Engineering","Mechanical and Aerospace Engineering","","False","7","214","#0072B2","False",""
"thassan","Tasnim Hassan","College of Engineering","Civil, Construction and Environmental Engineering","","False","6","71","#0072B2","False",""
"vmcatete","Veronica Catete","College of Engineering","Computer Science","","False","1","76","#0072B2","False",""
"xjjeng","Xinge Jeng","College of Sciences","Statistics","","False","1","24","#009E73","False",""
"jwhiteh2","Justin Whitehill","College of Natural Resources","Forestry and Environmental Resources","","False","3","28","#9B59B6","False",""
"skais","Sabre Kais","College of Engineering","Electrical and Computer Engineering","","False","11","142","#0072B2","False",""
"vnaraya3","Venkateswaran Narayanaswamy","College of Engineering","Mechanical and Aerospace Engineering","","False","3","93","#0072B2","False",""
"spark26","Soonhye Park","College of Education","Science, Technology, Engineering, & Mathematics Education","","False","3","54","#D55E00","False",""
"cmbyrd3","Christy Byrd","College of Education","Teacher Education and Learning Sciences","","False","1","40","#D55E00","False",""
"rebaynes","Ronald Baynes","College of Veterinary Medicine","Population Health and Pathobiology","","False","5","131","#56B4E9","False",""
"mscastil","Miguel Castillo","College of Agriculture and Life Sciences","Crop and Soil Sciences","","False","2","48","#E69F00","False",""
"sgallen","Steven Allen","Poole College of Management","Economics","","False","1","8","#F0E442","False",""
"idiazmu","Ilenys Perez Diaz","College of Agriculture and Life Sciences","Food, Bioprocessing, and Nutrition Sciences","","False","2","38","#E69F00","False",""
"rtian2","Renran Tian","College of Engineering","Edward P. Fitts Department of Industrial & Systems Engineering","","False","2","57","#0072B2","False",""
"jerudolp","Julia Rudolph","College of Humanities and Social Sciences","History","","False","3","14","#CC79A7","False",""
"jyin8","Jie Yin","College of Engineering","Mechanical and Aerospace Engineering","","False","1","85","#0072B2","False",""
"pjearly","Peter Early","College of Veterinary Medicine","Clinical Sciences","","False","1","37","#56B4E9","False",""
"bdhansen","Bernie Hansen","College of Veterinary Medicine","Clinical Sciences","","False","4","37","#56B4E9","False",""
"hsheese","H  Sebastian Heese","Poole College of Management","Information Technology, Analytics, & Operations","","False","3","49","#F0E442","False",""
"jaosborn","Jason Osborne","College of Sciences","Statistics","","False","10","80","#009E73","False",""
"zhilin","Zhilin Li","College of Sciences","Mathematics","","False","5","111","#009E73","False",""
"jkpacifi","Krishna Pacifici","College of Natural Resources","Forestry and Environmental Resources","","False","3","70","#9B59B6","False",""
"aanevzor","Alexander Nevzorov","College of Sciences","Chemistry","","False","2","42","#009E73","False",""
"gary","Gary Lackmann","College of Sciences","Marine, Earth, and Atmospheric Sciences","","False","6","65","#009E73","False",""
"sitar","Zlatko Sitar","College of Engineering","Materials Science and Engineering","","False","21","226","#0072B2","False",""
"jshen3","Jialong Shen","Wilson College of Textiles","Textile Engineering, Chemistry and Science","","False","1","38","#1ABC9C","False",""
"glmille3","Grady Miller","College of Agriculture and Life Sciences","Crop and Soil Sciences","","False","4","66","#E69F00","False",""
"csdepern","Christopher DePerno","College of Natural Resources","Forestry and Environmental Resources","","False","14","135","#9B59B6","False",""
"mbgoshe","Michael Goshe","College of Agriculture and Life Sciences","Molecular and Structural Biochemistry","","False","3","46","#E69F00","False",""
"jryu","Jong Eun Ryu","College of Engineering","Mechanical and Aerospace Engineering","","False","1","89","#0072B2","False",""
"cjohns28","Corey Johnson","College of Natural Resources","Parks, Recreation and Tourism Management","","False","8","92","#9B59B6","False",""
"fjlouws","Frank Louws","College of Agriculture and Life Sciences","Horticultural Science","","False","3","89","#E69F00","False",""
"jlgage","Joseph Gage","College of Agriculture and Life Sciences","Crop and Soil Sciences","","False","1","24","#E69F00","False",""
"aaiyyer","Anantha Aiyyer","College of Sciences","Marine, Earth, and Atmospheric Sciences","","False","3","44","#009E73","False",""
"smlukic","Srdjan Lukic","College of Engineering","Electrical and Computer Engineering","","False","7","107","#0072B2","False",""
"baquroll","Barbara Qurollo","College of Veterinary Medicine","Clinical Sciences","","False","2","48","#56B4E9","False",""
"gflist","George List","College of Engineering","Civil, Construction and Environmental Engineering","","False","3","65","#0072B2","False",""
"rparaju","Rajan Parajuli","College of Natural Resources","Forestry and Environmental Resources","","False","1","75","#9B59B6","False",""
"vlindsa","Vincent Lindsay","College of Sciences","Chemistry","","False","5","51","#009E73","False",""
"jcallair","Jason Allaire","College of Humanities and Social Sciences","Psychology","","False","4","54","#CC79A7","False",""
"tghosh","Tushar Ghosh","Wilson College of Textiles","Textile Engineering, Chemistry and Science","","False","1","51","#1ABC9C","False",""
"amgrunde","Amy Grunden","College of Agriculture and Life Sciences","North Carolina Agricultural Research Service","","False","2","60","#E69F00","False",""
"mmuller2","Marie Muller","College of Engineering","Mechanical and Aerospace Engineering","","False","1","51","#0072B2","False",""
"vikasper","Verena Kasper-Marienberg","College of Humanities and Social Sciences","History","","False","2","10","#CC79A7","False",""
"ksbunds","Kyle Bunds","College of Natural Resources","Parks, Recreation and Tourism Management","","False","3","51","#9B59B6","False",""
"wjasper","Warren Jasper","Wilson College of Textiles","Textile Engineering, Chemistry and Science","","False","3","33","#1ABC9C","False",""
"glmathew","Gary Mathews","College of Humanities and Social Sciences","World Languages and Cultures","","False","1","1","#CC79A7","False",""
"slbenne2","Sara Bennett","College of Veterinary Medicine","Clinical Sciences","","False","1","10","#56B4E9","False",""
"bwhipker","Brian Whipker","College of Agriculture and Life Sciences","Horticultural Science","","False","3","62","#E69F00","False",""
"slin23","Shih-Chun Lin","College of Engineering","Electrical and Computer Engineering","","False","2","60","#0072B2","False",""
"bwbeeler","Benjamin Beeler","College of Engineering","Nuclear Engineering","","False","2","63","#0072B2","False",""
"misra","Kailash Misra","College of Sciences","Mathematics","","False","3","40","#009E73","False",""
"liclarke","Laura Clarke","College of Sciences","Physics","","False","3","37","#009E73","False",""
"kaharfou","Khaled Abdel Harfoush","College of Engineering","Computer Science","","False","3","20","#0072B2","False",""
"srhopkin","Skylar Hopkins","College of Agriculture and Life Sciences","Applied Ecology","","False","1","25","#E69F00","False",""
"hroessn","Holly Roessner","College of Veterinary Medicine","Clinical Sciences","","False","1","11","#56B4E9","False",""
"efimenko","Kirill Efimenko","College of Engineering","Chemical and Biomolecular Engineering","","False","2","45","#0072B2","False",""
"mjscott3","Maxwell Scott","College of Agriculture and Life Sciences","Entomology and Plant Pathology","","False","3","82","#E69F00","False",""
"sgaddam4","Shobhan Gaddameedhi","College of Sciences","Biological Sciences","","False","2","52","#009E73","False",""
"mkatti","Madhusudan Katti","College of Humanities and Social Sciences","Interdisciplinary Studies","","False","3","41","#CC79A7","False",""
"bspace","Brian Space","College of Sciences","Chemistry","","False","14","131","#009E73","False",""
"sdkirby","Sarah Kirby","College of Agriculture and Life Sciences","Agricultural and Human Sciences","","False","2","9","#E69F00","False",""
"jbtracy","Joseph Tracy","College of Engineering","Materials Science and Engineering","","False","10","88","#0072B2","False",""
"avsaveli","Alexei Saveliev","College of Engineering","Mechanical and Aerospace Engineering","","False","1","45","#0072B2","False",""
"amknowl3","Anna Gibson","College of Humanities and Social Sciences","English","","False","1","6","#CC79A7","False",""
"choyo","Cathrine Hoyo","College of Sciences","Biological Sciences","","False","7","153","#009E73","False",""
"eadenhar","Emiel Den Hartog","Wilson College of Textiles","Textile Engineering, Chemistry and Science","","False","3","71","#1ABC9C","False",""
"jeapen","Jacob Eapen","College of Engineering","Nuclear Engineering","","False","3","30","#0072B2","False",""
"rhernan2","Raquel Hernandez","College of Agriculture and Life Sciences","Molecular and Structural Biochemistry","","False","1","31","#E69F00","False",""
"wliu25","Wusheng Liu","College of Agriculture and Life Sciences","Horticultural Science","","False","3","42","#E69F00","False",""
"celeprev","Catherine LePrevost","College of Agriculture and Life Sciences","Applied Ecology","","False","1","45","#E69F00","False",""
"jahoppin","Jane Hoppin","College of Sciences","Biological Sciences","","False","17","205","#009E73","False",""
"ahjhala","Arnav Jhala","College of Engineering","Computer Science","","False","2","42","#0072B2","False",""
"jpwang","Jack Wang","College of Natural Resources","Forestry and Environmental Resources","","False","3","54","#9B59B6","False",""
"hhuang11","He Huang","College of Engineering","Biomedical Engineering","","False","7","216","#0072B2","False",""
"lmgonza4","Liara Gonzalez","College of Veterinary Medicine","Clinical Sciences","","False","1","48","#56B4E9","False",""
"hmitaso","Helena Mitasova","College of Sciences","Marine, Earth, and Atmospheric Sciences","","False","6","95","#009E73","False",""
"mmfarazm","Mohammad Farazmand","College of Sciences","Mathematics","","False","2","44","#009E73","False",""
"yxu11","Yingjiao Xu","Wilson College of Textiles","Textile and Apparel, Technology and Management","","False","3","52","#1ABC9C","False",""
"hshuang","Hsiao-Ying Shadow Huang","College of Engineering","Mechanical and Aerospace Engineering","","False","5","56","#0072B2","False",""
"klmarti3","Katie Martin","College of Natural Resources","Forestry and Environmental Resources","","False","1","30","#9B59B6","False",""
"dxlascel","Duncan Lascelles","College of Veterinary Medicine","Clinical Sciences","","False","18","226","#56B4E9","False",""
"mbreen3","Matthew Breen","College of Veterinary Medicine","Molecular Biomedical Sciences","","False","6","123","#56B4E9","False",""
"lyons","Kevin Lyons","College of Engineering","Mechanical and Aerospace Engineering","","False","3","24","#0072B2","False",""
"megruen","Margaret Gruen","College of Veterinary Medicine","Clinical Sciences","","False","3","97","#56B4E9","False",""
"ktate","Kathryn Stevenson","College of Natural Resources","Parks, Recreation and Tourism Management","","False","1","75","#9B59B6","False",""
"pfitz","Patrick Fitzgerald","College of Design","Media Arts, Design and Technology","","False","1","1","#E74C3C","False",""
"hmhassan","Hosni Hassan","College of Agriculture and Life Sciences","Prestage Department of Poultry Science","","False","2","34","#E69F00","False",""
"kakosenk","Kama Kosenko","College of Humanities and Social Sciences","Communication","","False","3","30","#CC79A7","False",""
"ihusain2","Iqbal Husain","College of Engineering","Electrical and Computer Engineering","","False","11","200","#0072B2","False",""
"ksjayara","Koralalage Jayaratne","College of Agriculture and Life Sciences","Agricultural and Human Sciences","","False","1","20","#E69F00","False",""
"rgfranks","Robert Franks","College of Agriculture and Life Sciences","Plant and Microbial Biology","","False","5","34","#E69F00","False",""
"xshen5","Xipeng Shen","College of Engineering","Computer Science","","False","7","160","#0072B2","False",""
"syang24","Shu Yang","College of Sciences","Statistics","","False","2","91","#009E73","False",""
"fathi","Yahya Fathi","College of Engineering","Edward P. Fitts Department of Industrial & Systems Engineering","","False","1","25","#0072B2","False",""
"mpairis","Monique Pairis-Garcia","College of Veterinary Medicine","Population Health and Pathobiology","","False","2","78","#56B4E9","False",""
"kgarcia2","Kevin Garcia","College of Agriculture and Life Sciences","Crop and Soil Sciences","","False","4","67","#E69F00","False",""
"pferket","Peter Ferket","College of Agriculture and Life Sciences","Prestage Department of Poultry Science","","False","4","80","#E69F00","False",""
"ahross","Ann Ross","College of Sciences","Biological Sciences","","False","3","78","#009E73","False",""
"ajbandod","Amay Bandodkar","College of Engineering","Electrical and Computer Engineering","","False","5","83","#0072B2","False",""
"mgpapich","Mark Papich","College of Veterinary Medicine","Molecular Biomedical Sciences","","False","16","247","#56B4E9","False",""
"mmmoore4","Marguerite Moore","Wilson College of Textiles","Textile and Apparel, Technology and Management","","False","1","18","#1ABC9C","False",""
"ahk","Hamid Krim","College of Engineering","Electrical and Computer Engineering","","False","9","135","#0072B2","False",""
"memayorg","Maria Mayorga","College of Engineering","Engineering Research","","False","6","85","#0072B2","False",""
"dfarfur","Dima Farfurnik","College of Engineering","Electrical and Computer Engineering","","False","1","24","#0072B2","False",""
"smbelch2","Scott Belcher","College of Sciences","Biological Sciences","","False","2","69","#009E73","False",""
"ajjaeger","Audrey Jaeger","College of Education","Educational Leadership, Policy, and Human Development","","False","1","42","#D55E00","False",""
"tdpark","Travis Park","College of Agriculture and Life Sciences","Agricultural and Human Sciences","","False","1","6","#E69F00","False",""
"hzheng23","Haotian Zheng","College of Agriculture and Life Sciences","Food, Bioprocessing, and Nutrition Sciences","","False","2","39","#E69F00","False",""
"sbshah3","Sanjay Shah","College of Agriculture and Life Sciences","Biological and Agricultural Engineering","","False","10","54","#E69F00","False",""
"kmmurph1","Kathryn Murphy","College of Veterinary Medicine","Clinical Sciences","","False","1","11","#56B4E9","False",""
"jonr","Jonathan Schultheis","College of Agriculture and Life Sciences","Horticultural Science","","False","2","61","#E69F00","False",""
"rllongla","Richard Longland","College of Sciences","Physics","","False","5","72","#009E73","False",""
"assuryaw","Amol Suryawanshi","College of Veterinary Medicine","Population Health and Pathobiology","","False","1","52","#56B4E9","False",""
"sshasha2","Sara Shashaani","College of Engineering","Edward P. Fitts Department of Industrial & Systems Engineering","","False","1","36","#0072B2","False",""
"xwang97","Xiaoqiu Wang","College of Agriculture and Life Sciences","Animal Science","","False","2","52","#E69F00","False",""
"tsgordo2","Tammrah Gordon","College of Humanities and Social Sciences","History","","False","1","5","#CC79A7","False",""
"mroe","R  Michael Roe","College of Agriculture and Life Sciences","Entomology and Plant Pathology","","False","3","75","#E69F00","False",""
"xli24","Xu Li","College of Agriculture and Life Sciences","Plant and Microbial Biology","","False","3","38","#E69F00","False",""
"slchen2","Stefanie Chen","College of Sciences","Biological Sciences","","False","1","21","#009E73","False",""
"cpmorris","Cassie Lilly","College of Sciences","Chemistry","","False","2","13","#009E73","False",""
"macowley","Michael Cowley","College of Sciences","Biological Sciences","","False","1","30","#009E73","False",""
"classen","John Classen","College of Agriculture and Life Sciences","Biological and Agricultural Engineering","","False","3","40","#E69F00","False",""
"dlaylor","David Aylor","College of Sciences","Biological Sciences","","False","3","35","#009E73","False",""
"amlocke2","Anna Locke","College of Agriculture and Life Sciences","Crop and Soil Sciences","","False","1","35","#E69F00","False",""
"smcoster","Stacy DeCoster","College of Humanities and Social Sciences","Sociology and Anthropology","","False","3","29","#CC79A7","False",""
"czakas","Christina Zakas","College of Sciences","Biological Sciences","","False","1","25","#009E73","False",""
"rychirko","Rada Chirkova","College of Engineering","Computer Science","","False","2","35","#0072B2","False",""
"blkirkma","Bradley Kirkman","Poole College of Management","Management, Innovation and Entrepreneurship","","False","4","76","#F0E442","False",""
"nmccart","Neil McCarthy","College of Veterinary Medicine","Molecular Biomedical Sciences","","False","2","12","#56B4E9","False",""
"jher","Jiwoong Her","College of Veterinary Medicine","Clinical Sciences","","False","1","35","#56B4E9","False",""
"jducoste","Joel Ducoste","College of Engineering","Engineering Research","","False","4","93","#0072B2","False",""
"kanderso","Kenneth Anderson","College of Agriculture and Life Sciences","Prestage Department of Poultry Science","","False","7","107","#E69F00","False",""
"sheber","Steffen Heber","College of Engineering","Computer Science","","False","1","24","#0072B2","False",""
"ddreisig","Dominic Reisig","College of Agriculture and Life Sciences","Entomology and Plant Pathology","","False","5","186","#E69F00","False",""
"gabr","Mohammed Gabr","College of Engineering","Civil, Construction and Environmental Engineering","","False","4","124","#0072B2","False",""
"awhitfi","Anna Whitfield","College of Agriculture and Life Sciences","Entomology and Plant Pathology","","False","4","110","#E69F00","False",""
"arescobe","Adolfo Escobedo","College of Engineering","Edward P. Fitts Department of Industrial & Systems Engineering","","False","1","22","#0072B2","False",""
"cjthomas","Carrie Thomas","College of Sciences","Marine, Earth, and Atmospheric Sciences","","False","2","11","#009E73","False",""
"mrhyman","Michael Hyman","College of Agriculture and Life Sciences","Plant and Microbial Biology","","False","2","34","#E69F00","False",""
"bmmorten","Brina Montoya","College of Engineering","Civil, Construction and Environmental Engineering","","False","5","105","#0072B2","False",""
"csgalik","Christopher Galik","College of Humanities and Social Sciences","Political Science & Public Administration [in the School of Public and International Affairs]","","False","1","42","#CC79A7","False",""
"eaison","Elon Ison","College of Sciences","Chemistry","","False","4","49","#009E73","False",""
"mastanko","Michael Stanko","Poole College of Management","Marketing","","False","3","17","#F0E442","False",""
"tghashg","Troy Ghashghaei","College of Veterinary Medicine","Molecular Biomedical Sciences","","False","1","45","#56B4E9","False",""
"mmpop","Margareta Thomson","College of Education","Teacher Education and Learning Sciences","","False","5","28","#D55E00","False",""
"krmunana","Karen Munana","College of Veterinary Medicine","Clinical Sciences","","False","4","69","#56B4E9","False",""
"arumyan","Artem Rumyantsev","College of Engineering","Chemical and Biomolecular Engineering","","False","2","45","#0072B2","False",""
"jburk","JoAnn Burkholder","College of Agriculture and Life Sciences","Center for Applied Aquatic Ecology","","False","1","59","#E69F00","False",""
"sdneuper","Shevaun Neupert","College of Humanities and Social Sciences","Psychology","","False","5","105","#CC79A7","False",""
"vskokov","Vladimir Skokov","College of Sciences","Physics","","False","18","222","#009E73","False",""
"martinjd","James Martin","College of Sciences","Chemistry","","False","3","46","#009E73","False",""
"jlsnowde","Joy Little","College of Sciences","Biological Sciences","","False","3","16","#009E73","False",""
"lvschnab","Lauren Schnabel","College of Veterinary Medicine","Clinical Sciences","","False","4","102","#56B4E9","False",""
"skrish16","Srinivasan Krishnamurthy","Poole College of Management","Finance","","False","1","10","#F0E442","False",""
"jsbaker4","Justin Baker","College of Natural Resources","Forestry and Environmental Resources","","False","4","84","#9B59B6","False",""
"jpkerns","James Kerns","College of Agriculture and Life Sciences","Entomology and Plant Pathology","","False","1","47","#E69F00","False",""
"peaveret","Paige Averett","College of Humanities and Social Sciences","Social Work","","False","3","53","#CC79A7","False",""
"mcricker","Matt Ricker","College of Agriculture and Life Sciences","Crop and Soil Sciences","","False","1","27","#E69F00","False",""
"mmmanfra","Meghan Manfra","College of Education","Teacher Education and Learning Sciences","","False","1","13","#D55E00","False",""
"xilin","Lin Xi","College of Agriculture and Life Sciences","Animal Science","","False","9","121","#E69F00","False",""
"jastern","Joshua Stern","College of Veterinary Medicine","College of Veterinary Medicine Administration","","False","6","149","#56B4E9","False",""
"jwalgenb","James Walgenbach","College of Agriculture and Life Sciences","Entomology and Plant Pathology","","False","3","47","#E69F00","False",""
"mkpeed","Katie Sheats","College of Veterinary Medicine","College of Veterinary Medicine Administration","","False","1","42","#56B4E9","False",""
"mlardons","Marcelo Ardon","College of Natural Resources","Forestry and Environmental Resources","","False","1","67","#9B59B6","False",""
"wgao5","Wei Gao","Wilson College of Textiles","Textile Engineering, Chemistry and Science","","False","2","63","#1ABC9C","False",""
"hzhou","Huiyang Zhou","College of Engineering","Electrical and Computer Engineering","","False","4","86","#0072B2","False",""
"mddickey","Michael Dickey","College of Engineering","Chemical and Biomolecular Engineering","","False","9","320","#0072B2","False",""
"tjpandol","Tamara Pandolfo","College of Natural Resources","Forestry and Environmental Resources","","False","1","13","#9B59B6","False",""
"fmeille","Flora Meilleur","College of Agriculture and Life Sciences","Molecular and Structural Biochemistry","","False","5","90","#E69F00","False",""
"anveleva","Anka Veleva","College of Engineering","Biomedical Engineering","","False","1","10","#0072B2","False",""
"ardequei","Anderson de Queiroz","College of Engineering","Civil, Construction and Environmental Engineering","","False","2","64","#0072B2","False",""
"dcdorman","David Dorman","College of Veterinary Medicine","Molecular Biomedical Sciences","","False","5","91","#56B4E9","False",""
"wlu4","Wenbin Lu","College of Sciences","Statistics","","False","5","111","#009E73","False",""
"caharms","Craig Harms","College of Veterinary Medicine","Clinical Sciences","","False","7","147","#56B4E9","False",""
"svincent","Steven Vincent","College of Humanities and Social Sciences","History","","False","4","29","#CC79A7","False",""
"fwu","Fen Wu","College of Engineering","Mechanical and Aerospace Engineering","","False","6","137","#0072B2","False",""
"cbaker5","Christa Baker","College of Sciences","Biological Sciences","","False","1","17","#009E73","False",""
"awmeade","Adam Meade","College of Humanities and Social Sciences","Psychology","","False","5","50","#CC79A7","False",""
"cdsteve3","Clint Stevenson","College of Agriculture and Life Sciences","Food, Bioprocessing, and Nutrition Sciences","","False","2","10","#E69F00","False",""
"pdsicili","Paul Siciliano","College of Agriculture and Life Sciences","Animal Science","","False","6","42","#E69F00","False",""
"zsbrown2","Zachary Brown","College of Agriculture and Life Sciences","Agricultural and Resource Economics","","False","4","45","#E69F00","False",""
"mayousse","Mohamed Youssef","College of Agriculture and Life Sciences","Biological and Agricultural Engineering","","False","6","72","#E69F00","False",""
"lkbradle","Lucy Bradley","College of Agriculture and Life Sciences","Horticultural Science","","False","3","18","#E69F00","False",""
"lwdavis","Lynn Worley-Davis","College of Agriculture and Life Sciences","Prestage Department of Poultry Science","","False","1","8","#E69F00","False",""
"msolufse","Mette Olufsen","College of Sciences","Mathematics","","False","2","73","#009E73","False",""
"tlallen2","Tania Allen","College of Design","Media Arts, Design and Technology","","False","1","5","#E74C3C","False",""
"qyxiang","Qiuyun Xiang","College of Agriculture and Life Sciences","Plant and Microbial Biology","","False","7","78","#E69F00","False",""
"akrings","Alexander Krings","College of Agriculture and Life Sciences","Plant and Microbial Biology","","False","2","27","#E69F00","False",""
"dlgray2","DeLeon Gray","College of Education","Teacher Education and Learning Sciences","","False","1","26","#D55E00","False",""
"mabolha","Milad Abolhasani","College of Engineering","Chemical and Biomolecular Engineering","","False","2","119","#0072B2","False",""
"yliu292","Yin Liu","College of Engineering","Materials Science and Engineering","","False","2","43","#0072B2","False",""
"rclark","Robert Clark","Poole College of Management","Economics","","False","5","85","#F0E442","False",""
"bwkeene","Bruce Keene","College of Veterinary Medicine","Clinical Sciences","","False","3","72","#56B4E9","False",""
"jimielke","Jeffrey Mielke","College of Humanities and Social Sciences","English","","False","4","45","#CC79A7","False",""
"mnguddat","Murthy Guddati","College of Engineering","Civil, Construction and Environmental Engineering","","False","2","76","#0072B2","False",""
"dbmorais","Duarte Morais","College of Natural Resources","Parks, Recreation and Tourism Management","","False","2","43","#9B59B6","False",""
"mrojasp","Marcela Pierce","College of Agriculture and Life Sciences","Plant and Microbial Biology","","False","1","27","#E69F00","False",""
"mhreiski","Michael Reiskind","College of Agriculture and Life Sciences","Entomology and Plant Pathology","","False","5","76","#E69F00","False",""
"jrbochin","Jason Bochinski","College of Sciences","Physics","","False","3","24","#009E73","False",""
"wahoffma","William Hoffmann","College of Agriculture and Life Sciences","Plant and Microbial Biology","","False","5","84","#E69F00","False",""
"gmachad","Gustavo Machado","College of Veterinary Medicine","Population Health and Pathobiology","","False","4","193","#56B4E9","False",""
"ntdinh","Nam Dinh","College of Engineering","Nuclear Engineering","","False","1","81","#0072B2","False",""
"desaloni","Daniel Saloni","College of Natural Resources","Forest Biomaterials","","False","2","51","#9B59B6","False",""
"prhess","Paul Hess","College of Veterinary Medicine","Clinical Sciences","","False","5","36","#56B4E9","False",""
"sscmjv","Michael Vepraskas","College of Agriculture and Life Sciences","Crop and Soil Sciences","","False","2","38","#E69F00","False",""
"wditto","William Ditto","College of Sciences","Physics","","False","2","87","#009E73","False",""
"gilligan","John Gilligan","College of Engineering","Nuclear Engineering","","False","1","9","#0072B2","False",""
"iguvenc","Ismail Guvenc","College of Engineering","Electrical and Computer Engineering","","False","1","154","#0072B2","False",""
"knappe","Detlef Knappe","College of Engineering","Civil, Construction and Environmental Engineering","","False","1","99","#0072B2","False",""
"sdfrank","Steven Frank","College of Agriculture and Life Sciences","Entomology and Plant Pathology","","False","5","72","#E69F00","False",""
"thomas","Melvin Thomas","College of Humanities and Social Sciences","Sociology and Anthropology","","False","1","15","#CC79A7","False",""
"mhpoore","Matt Poore","College of Agriculture and Life Sciences","Animal Science","","False","1","99","#E69F00","False",""
"mtnance","Mark Nance","College of Humanities and Social Sciences","Political Science & Public Administration [in the School of Public and International Affairs]","","False","2","11","#CC79A7","False",""
"fang","Shu-Cherng Fang","College of Engineering","Edward P. Fitts Department of Industrial & Systems Engineering","","False","15","142","#0072B2","False",""
"muth","John Muth","College of Engineering","Electrical and Computer Engineering","","False","5","72","#0072B2","False",""
"yhe29","Yingchen He","College of Humanities and Social Sciences","Psychology","","False","2","21","#CC79A7","False",""
"zholmes","Zakiya Leggett","College of Natural Resources","Forestry and Environmental Resources","","False","2","38","#9B59B6","False",""
"blhughes","Brian Hughes","College of Engineering","Electrical and Computer Engineering","","False","1","22","#0072B2","False",""
"lmquesad","Lina Quesada","College of Agriculture and Life Sciences","Entomology and Plant Pathology","","False","2","98","#E69F00","False",""
"baran","Mesut Baran","College of Engineering","Electrical and Computer Engineering","","False","2","59","#0072B2","False",""
"kim","Youngsoo Kim","College of Engineering","Civil, Construction and Environmental Engineering","","False","11","187","#0072B2","False",""
"tnaziz","Tarek Aziz","College of Engineering","Civil, Construction and Environmental Engineering","","False","1","16","#0072B2","False",""
"zguo32","Zhishan Guo","College of Engineering","Computer Science","","False","3","127","#0072B2","False",""
"mdamori","Marcelo D'Amorim","College of Engineering","Computer Science","","False","3","55","#0072B2","False",""
"tckraft","Tim Kraft","Poole College of Management","Information Technology, Analytics, & Operations","","False","2","15","#F0E442","False",""
"cdavis24","Catherine Davis","College of Sciences","Marine, Earth, and Atmospheric Sciences","","False","1","36","#009E73","False",""
"emzechma","Emily Berglund","College of Engineering","Civil, Construction and Environmental Engineering","","False","13","167","#0072B2","False",""
"sjcarrie","Sarah Carrier","College of Education","Teacher Education and Learning Sciences","","False","1","44","#D55E00","False",""
"amanzon","Anna Manzoni","College of Humanities and Social Sciences","Sociology and Anthropology","","False","2","26","#CC79A7","False",""
"aharris5","Angela Harris","College of Engineering","Civil, Construction and Environmental Engineering","","False","1","41","#0072B2","False",""
"cahintz","Cassie Castorena","College of Engineering","Civil, Construction and Environmental Engineering","","False","2","88","#0072B2","False",""
"hfell","Harrison Fell","College of Agriculture and Life Sciences","Agricultural and Resource Economics","","False","1","31","#E69F00","False",""
"jing","Naihuan Jing","College of Sciences","Mathematics","","False","10","203","#009E73","False",""
"mcoady","Maria Coady","College of Education","Education","","False","1","40","#D55E00","False",""
"jwstalli","Jonathan Stallrich","College of Sciences","Statistics","","False","3","41","#009E73","False",""
"kbadler","Kenneth Adler","College of Veterinary Medicine","Molecular Biomedical Sciences","","False","4","49","#56B4E9","False",""
"egnichol","Elizabeth Nichols","College of Natural Resources","Forestry and Environmental Resources","","False","1","34","#9B59B6","False",""
"clmarian","Christopher Mariani","College of Veterinary Medicine","Clinical Sciences","","False","3","67","#56B4E9","False",""
"aihawari","Ayman Hawari","College of Engineering","Nuclear Engineering","","False","1","64","#0072B2","False",""
"apschmid","Andrew Schmidt","Poole College of Management","Accounting","","False","1","9","#F0E442","False",""
"zikry","Mohammed Zikry","College of Engineering","Mechanical and Aerospace Engineering","","False","15","180","#0072B2","False",""
"crcongre","Curtis Congreve","College of Sciences","Marine, Earth, and Atmospheric Sciences","","False","2","27","#009E73","False",""
"klhepwor","Kate Hepworth","College of Veterinary Medicine","Clinical Sciences","","False","4","35","#56B4E9","False",""
"rriehn","Robert Riehn","College of Sciences","Physics","","False","3","53","#009E73","False",""
"sjbracke","Susan Barcinas","College of Education","Educational Leadership, Policy, and Human Development","","False","1","11","#D55E00","False",""
"tjmenzie","Timothy Menzies","College of Engineering","Computer Science","","False","4","172","#0072B2","False",""
"tyeh","Ting-Feng Yeh","College of Natural Resources","Forest Biomaterials","","False","2","4","#9B59B6","False",""
"rcollaz","Ramon Collazo","College of Engineering","Materials Science and Engineering","","False","18","225","#0072B2","False",""
"jpknelle","James Kneller","College of Sciences","Physics","","False","7","60","#009E73","False",""
"mliu10","Ming Liu","College of Engineering","Biomedical Engineering","","False","2","44","#0072B2","False",""
"lvbociu","Lorena Bociu","College of Sciences","Mathematics","","False","3","38","#009E73","False",""
"pdswartz","Paul Swartz","College of Agriculture and Life Sciences","Molecular and Structural Biochemistry","","False","3","25","#E69F00","False",""
"mwnolan","Michael Nolan","College of Veterinary Medicine","Clinical Sciences","","False","3","74","#56B4E9","False",""
"capoole2","Chad Poole","College of Agriculture and Life Sciences","Biological and Agricultural Engineering","","False","1","7","#E69F00","False",""
"wpetry","Will Petry","College of Agriculture and Life Sciences","Plant and Microbial Biology","","False","1","23","#E69F00","False",""
"gkennedy","George Kennedy","College of Agriculture and Life Sciences","Entomology and Plant Pathology","","False","6","89","#E69F00","False",""
"flowers","William Flowers","College of Agriculture and Life Sciences","Animal Science","","False","4","39","#E69F00","False",""
"bourham","Mohamed Bourham","College of Engineering","Nuclear Engineering","","False","4","100","#0072B2","False",""
"ktrayman","Kasie Raymann","College of Agriculture and Life Sciences","Plant and Microbial Biology","","False","1","25","#E69F00","False",""
"yzhan296","Yang Zhang","Wilson College of Textiles","Textile Engineering, Chemistry and Science","","False","1","54","#1ABC9C","False",""
"kwwegman","Karl Wegmann","College of Sciences","Marine, Earth, and Atmospheric Sciences","","False","6","90","#009E73","False",""
"stsynkov","Semyon Tsynkov","College of Sciences","Mathematics","","False","3","86","#009E73","False",""
"sjmcdona","Steve McDonald","College of Humanities and Social Sciences","Sociology and Anthropology","","False","4","41","#CC79A7","False",""
"bolonyai","Agnes Bolonyai","College of Humanities and Social Sciences","English","","False","1","8","#CC79A7","False",""
"nmeskhi","Nicholas Meskhidze","College of Sciences","Marine, Earth, and Atmospheric Sciences","","False","5","63","#009E73","False",""
"cebarbie","Carla Barbieri","College of Natural Resources","Parks, Recreation and Tourism Management","","False","3","68","#9B59B6","False",""
"chhaigle","Candace Haigler","College of Agriculture and Life Sciences","Crop and Soil Sciences","","False","4","62","#E69F00","False",""
"mgamcsi","Michael Gamcsik","College of Engineering","Biomedical Engineering","","False","1","16","#0072B2","False",""
"yzhou19","Amanda Zhou","College of Sciences","Biological Sciences","","False","3","72","#009E73","False",""
"tvyoung","Tamara Young","College of Education","Educational Leadership, Policy, and Human Development","","False","2","11","#D55E00","False",""
"dyanistr","Dmitriy Anistratov","College of Engineering","Nuclear Engineering","","False","1","29","#0072B2","False",""
"fgould","Fred Gould","College of Agriculture and Life Sciences","Entomology and Plant Pathology","","False","9","100","#E69F00","False",""
"jmcasper","Jonathan Casper","College of Natural Resources","Parks, Recreation and Tourism Management","","False","4","62","#9B59B6","False",""
"mfbykova","Marina Bykova","College of Humanities and Social Sciences","Philosophy and Religious Studies","","False","2","76","#CC79A7","False",""
"ascafur","Alessandra Scafuro","College of Engineering","Computer Science","","False","3","23","#0072B2","False",""
"pkolar","Praveen Kolar","College of Agriculture and Life Sciences","Biological and Agricultural Engineering","","False","5","49","#E69F00","False",""
"lkromo","Lynsey Romo","College of Humanities and Social Sciences","Communication","","False","3","51","#CC79A7","False",""
"kmjennin","Katherine Jennings","College of Agriculture and Life Sciences","Horticultural Science","","False","6","127","#E69F00","False",""
"kmoliver","Kevin Oliver","College of Education","Teacher Education and Learning Sciences","","False","1","30","#D55E00","False",""
"mrblanch","Meg Blanchard","College of Education","Science, Technology, Engineering, & Mathematics Education","","False","2","34","#D55E00","False",""
"moorman","Christopher Moorman","College of Natural Resources","Forestry and Environmental Resources","","False","8","177","#9B59B6","False",""
"mgorgero","Marsha Gordon","College of Humanities and Social Sciences","English","","False","2","40","#CC79A7","False",""
