"id","name","college","dept","title","is_asst","pub_year","pub_total","color","is_cfep","cfep_cluster"
"fyyamane","Yalcin Yamaner","College of Engineering","Electrical and Computer Engineering","","False","10","76","#0072B2","False",""
"ycheng20","Alice Cheng","College of Humanities and Social Sciences","Communication","","False","3","74","#CC79A7","False",""
"eesantis","Erik Santiso","College of Engineering","Chemical and Biomolecular Engineering","","False","4","63","#0072B2","False",""
"mkleine","Manuel Kleiner","College of Agriculture and Life Sciences","Plant and Microbial Biology","","False","8","122","#E69F00","False",""
"drpanthe","Dilip Panthee","College of Agriculture and Life Sciences","Horticultural Science","","False","4","79","#E69F00","False",""
"nrvinuez","Nelson Vinueza Benitez","Wilson College of Textiles","Textile Engineering, Chemistry and Science","","False","3","54","#1ABC9C","False",""
"rbrober2","Reade Roberts","College of Sciences","Biological Sciences","","False","1","33","#009E73","False",""
"zcang","Zixuan Cang","College of Sciences","Mathematics","","False","3","32","#009E73","False",""
"eglazer","Phoebe Glazer","College of Sciences","Chemistry","","False","5","37","#009E73","False",""
"jakamins","Jessica Kaminsky","College of Engineering","Civil, Construction and Environmental Engineering","","False","7","76","#0072B2","False",""
"rwgonzal","Ronalds Gonzalez","College of Natural Resources","Forest Biomaterials","","False","6","95","#9B59B6","False",""
"wshi3","Wei Shi","College of Agriculture and Life Sciences","Crop and Soil Sciences","","False","3","66","#E69F00","False",""
"amcabasm","Ashly Cabas Mijares","College of Engineering","Civil, Construction and Environmental Engineering","","False","4","18","#0072B2","False",""
"achakra2","Aranya Chakrabortty","College of Engineering","Electrical and Computer Engineering","","False","13","196","#0072B2","False",""
"dpellet","Denis Pelletier","Poole College of Management","Economics","","False","1","19","#F0E442","False",""
"rbarker","Roger Barker","Wilson College of Textiles","Textile Engineering, Chemistry and Science","","False","3","40","#1ABC9C","False",""
"acmclaug","Anne McLaughlin","College of Humanities and Social Sciences","Psychology","","False","6","107","#CC79A7","False",""
"armoorh2","Andy Moorhead","College of Veterinary Medicine","Clinical Sciences","","False","6","52","#56B4E9","False",""
"hliu4","H C Liu","College of Agriculture and Life Sciences","Animal Science","","False","4","38","#E69F00","False",""
"imgimeno","Isabel Gimeno","College of Veterinary Medicine","Population Health and Pathobiology","","False","1","50","#56B4E9","False",""
"agopalar","Ashok Gopalarathnam","College of Engineering","Mechanical and Aerospace Engineering","","False","1","48","#0072B2","False",""
"jcao22","Jie Cao","College of Agriculture and Life Sciences","Applied Ecology","","False","5","51","#E69F00","False",""
"mchi","Min Chi","College of Engineering","Computer Science","","False","2","53","#0072B2","False",""
"cmaltec","Christian Maltecca","College of Agriculture and Life Sciences","Animal Science","","False","24","214","#E69F00","False",""
"frey","Chris Frey","College of Engineering","Engineering Research","","False","5","132","#0072B2","False",""
"seshelto","Sarah Shelton","College of Engineering","Biomedical Engineering","","False","3","43","#0072B2","False",""
"lester","James Lester","College of Engineering","Computer Science","","False","11","150","#0072B2","False",""
"xjiang5","Xiaoning Jiang","College of Engineering","Mechanical and Aerospace Engineering","","False","17","372","#0072B2","False",""
"kaltofen","Erich Kaltofen","College of Sciences","Mathematics","","False","2","61","#009E73","False",""
"pmperkin","Penelope Perkins-Veazie","College of Agriculture and Life Sciences","Horticultural Science","","False","6","110","#E69F00","False",""
"jbudhat","Januka Budhathoki Uprety","Wilson College of Textiles","Textile Engineering, Chemistry and Science","","False","5","38","#1ABC9C","False",""
"cflynch","Collin Lynch","College of Engineering","Computer Science","","False","2","43","#0072B2","False",""
"mjbradsh","Michael Bradshaw","College of Agriculture and Life Sciences","Entomology and Plant Pathology","","False","3","67","#E69F00","False",""
"kdgriege","Khara Grieger","College of Agriculture and Life Sciences","Applied Ecology","","False","1","76","#E69F00","False",""
"cbcoope3","Caren Cooper","College of Natural Resources","Forestry and Environmental Resources","","False","3","87","#9B59B6","False",""
"klan2","Kai Lan","College of Natural Resources","Forest Biomaterials","","False","1","47","#9B59B6","False",""
"mcsrougi","Melissa Srougi","College of Veterinary Medicine","Molecular Biomedical Sciences","","False","1","26","#56B4E9","False",""
"mlila","Mary Lila","College of Agriculture and Life Sciences","Kannapolis Research","","False","15","202","#E69F00","False",""
"rgcarbon","Ruben Carbonell","College of Engineering","Golden Leaf Biomanufacturing Training and Education Center","","False","1","83","#0072B2","False",""
"cwong9","Chau-Wai Wong","College of Engineering","Electrical and Computer Engineering","","False","3","46","#0072B2","False",""
"skoenig","Sebastian Koenig","College of Sciences","Physics","","False","3","46","#009E73","False",""
"hallen","Hans Hallen","College of Sciences","Physics","","False","2","58","#009E73","False",""
"sastage","Scott Stage","College of Humanities and Social Sciences","Psychology","","False","1","10","#CC79A7","False",""
"jmgray2","Josh Gray","College of Natural Resources","Forestry and Environmental Resources","","False","3","47","#9B59B6","False",""
"bgilger","Brian Gilger","College of Veterinary Medicine","Clinical Sciences","","False","7","162","#56B4E9","False",""
"bbcutts","Bethany Cutts","College of Natural Resources","Parks, Recreation and Tourism Management","","False","3","55","#9B59B6","False",""
"gxu3","Guozhou Xu","College of Agriculture and Life Sciences","Molecular and Structural Biochemistry","","False","2","10","#E69F00","False",""
"arkendal","Allison Kendall","College of Veterinary Medicine","Clinical Sciences","","False","1","18","#56B4E9","False",""
"lpal","Lokendra Pal","College of Natural Resources","Forest Biomaterials","","False","3","96","#9B59B6","False",""
"apgriesh","Andrew Grieshop","College of Engineering","Civil, Construction and Environmental Engineering","","False","8","67","#0072B2","False",""
"rlcook","Rachel Cook","College of Natural Resources","Forestry and Environmental Resources","","False","5","74","#9B59B6","False",""
"rfguerre","Rafael Guerrero","College of Sciences","Biological Sciences","","False","5","47","#009E73","False",""
"rjnaraya","Roger Narayan","College of Engineering","Biomedical Engineering","","False","9","288","#0072B2","False",""
"closburn","Chris Osburn","College of Sciences","Marine, Earth, and Atmospheric Sciences","","False","6","124","#009E73","False",""
"jkuzma","Jennifer Kuzma","College of Humanities and Social Sciences","Political Science & Public Administration [in the School of Public and International Affairs]","","False","8","85","#CC79A7","False",""
"cmtherio","Casey Theriot","College of Veterinary Medicine","Population Health and Pathobiology","","False","3","63","#56B4E9","False",""
"ryu5","Ruozhou Yu","College of Engineering","Computer Science","","False","7","63","#0072B2","False",""
"sepratt2","Shannon Phillips","College of Agriculture and Life Sciences","Animal Science","","False","9","53","#E69F00","False",""
"klebert","Kim Ebert","College of Humanities and Social Sciences","Sociology and Anthropology","","False","2","21","#CC79A7","False",""
"sozawa","Sarah Ozawa","College of Veterinary Medicine","Clinical Sciences","","False","3","33","#56B4E9","False",""
"glcomsto","Gary Comstock","College of Humanities and Social Sciences","Philosophy and Religious Studies","","False","1","42","#CC79A7","False",""
"jmgluck","Jessica Gluck","Wilson College of Textiles","Textile Engineering, Chemistry and Science","","False","2","32","#1ABC9C","False",""
"srporter","Stephen Porter","College of Education","Educational Leadership, Policy, and Human Development","","False","2","26","#D55E00","False",""
"vfscharf","Valery Scharf","College of Veterinary Medicine","Clinical Sciences","","False","1","51","#56B4E9","False",""
"oyozalti","Osman Ozaltin","College of Engineering","Edward P. Fitts Department of Industrial & Systems Engineering","","False","7","39","#0072B2","False",""
"msashwel","Melissa Merrill","College of Agriculture and Life Sciences","Animal Science","","False","1","28","#E69F00","False",""
"mquddus","Md Abdul Quddus","Wilson College of Textiles","Textile Engineering, Chemistry and Science","","False","4","12","#1ABC9C","False",""
"acmyers3","Amanda Mills","Wilson College of Textiles","Textile Engineering, Chemistry and Science","","False","4","27","#1ABC9C","False",""
"msano2","Mike Sano","College of Veterinary Medicine","Molecular Biomedical Sciences","","False","4","43","#56B4E9","False",""
"eekrupa","Erin Krupa","College of Education","Science, Technology, Engineering, & Mathematics Education","","False","1","31","#D55E00","False",""
"forestry","Joseph Roise","College of Natural Resources","Forestry and Environmental Resources","","False","1","16","#9B59B6","False",""
"agfikes","Audrey Fikes","College of Sciences","Chemistry","","False","1","6","#009E73","False",""
"mpgreen2","Matthew Green","College of Sciences","Physics","","False","11","94","#009E73","False",""
"clee45","Chin Ho Lee","College of Engineering","Computer Science","","False","1","20","#0072B2","False",""
"dmwalls","Douglas Walls","College of Humanities and Social Sciences","English","","False","3","10","#CC79A7","False",""
"thlabean","Thomas LaBean","College of Engineering","Materials Science and Engineering","","False","2","57","#0072B2","False",""
"shultz","David Shultz","College of Sciences","Chemistry","","False","2","59","#009E73","False",""
"shu4","Shuijin Hu","College of Agriculture and Life Sciences","Entomology and Plant Pathology","","False","19","183","#E69F00","False",""
"fgarcia4","Fernando Garcia Menendez","College of Engineering","Civil, Construction and Environmental Engineering","","False","3","41","#0072B2","False",""
"jrfletc2","Josh Fletcher","College of Veterinary Medicine","Population Health and Pathobiology","","False","1","8","#56B4E9","False",""
"bssirota","Brent Sirota","College of Humanities and Social Sciences","History","","False","2","27","#CC79A7","False",""
"hjburges","Helen Burgess","College of Humanities and Social Sciences","English","","False","1","15","#CC79A7","False",""
"yencho","Craig Yencho","College of Agriculture and Life Sciences","Horticultural Science","","False","8","109","#E69F00","False",""
"ranji","Ranji Ranjithan","College of Engineering","Civil, Construction and Environmental Engineering","","False","2","66","#0072B2","False",""
"aecarso2","Ashley Brown","College of Engineering","Biomedical Engineering","","False","7","103","#0072B2","False",""
"kmitchel","Karlyn Mitchell","Poole College of Management","Finance","","False","1","7","#F0E442","False",""
"dbeggles","David Eggleston","College of Sciences","Marine, Earth, and Atmospheric Sciences","","False","6","70","#009E73","False",""
"odvelev","Orlin Velev","College of Engineering","Chemical and Biomolecular Engineering","","False","14","202","#0072B2","False",""
"dsshowal","D  Scott Showalter","Poole College of Management","Accounting","","False","2","8","#F0E442","False",""
"dpapp","David Papp","College of Sciences","Mathematics","","False","3","41","#009E73","False",""
"scho3","Soolyeon Cho","College of Design","College of Design Administration","","False","9","33","#E74C3C","False",""
"lmwidman","Laura Widman","College of Humanities and Social Sciences","Psychology","","False","3","102","#CC79A7","False",""
"svenkat4","Suresh Venkatesh","College of Engineering","Electrical and Computer Engineering","","False","2","45","#0072B2","False",""
"mwking2","Martin King","Wilson College of Textiles","Textile Engineering, Chemistry and Science","","False","1","72","#1ABC9C","False",""
"sppalmta","Scott Palmtag","College of Engineering","Nuclear Engineering","","False","2","30","#0072B2","False",""
"xpeng5","Xinxia Peng","College of Veterinary Medicine","Molecular Biomedical Sciences","","False","1","60","#56B4E9","False",""
"lawilli3","Laurie Williams","College of Engineering","Computer Science","","False","6","101","#0072B2","False",""
"mco","Mehmet Ozturk","College of Engineering","Electrical and Computer Engineering","","False","2","27","#0072B2","False",""
"mhenrik","Michala de Linde Henriksen","College of Veterinary Medicine","Clinical Sciences","","False","1","57","#56B4E9","False",""
"mtang8","Minh Tang","College of Sciences","Statistics","","False","6","57","#009E73","False",""
"nbbandil","Nonoy Bandillo","College of Agriculture and Life Sciences","Crop and Soil Sciences","","False","3","47","#E69F00","False",""
"cxu24","Cheryl Xu","College of Engineering","Mechanical and Aerospace Engineering","","False","4","90","#0072B2","False",""
"jkern","Jordan Kern","College of Engineering","Edward P. Fitts Department of Industrial & Systems Engineering","","False","2","39","#0072B2","False",""
"jmalonso","Jose Alonso Bellver","College of Agriculture and Life Sciences","Plant and Microbial Biology","","False","2","72","#E69F00","False",""
"msharar","Mahmoud Sharara","College of Agriculture and Life Sciences","Biological and Agricultural Engineering","","False","1","30","#E69F00","False",""
"skrhea","Sarah Rhea","College of Veterinary Medicine","Population Health and Pathobiology","","False","3","33","#56B4E9","False",""
"xwu27","Xu Wu","College of Engineering","Nuclear Engineering","","False","2","37","#0072B2","False",""
"mnavramo","Maria Avramova","College of Engineering","Nuclear Engineering","","False","6","85","#0072B2","False",""
"franzen","Stefan Franzen","College of Sciences","Chemistry","","False","2","129","#009E73","False",""
"kjpeters","Kara Peters","College of Engineering","Engineering Research","","False","15","157","#0072B2","False",""
"chwang2","Chanmi Hwang","Wilson College of Textiles","Textile and Apparel, Technology and Management","","False","1","22","#1ABC9C","False",""
"bjchapma","Benjamin Chapman","College of Agriculture and Life Sciences","Agricultural and Human Sciences","","False","3","45","#E69F00","False",""
"btoconno","Brendan O'Connor","College of Engineering","Mechanical and Aerospace Engineering","","False","10","87","#0072B2","False",""
"rashirwa","Rohan Shirwaiker","College of Engineering","Edward P. Fitts Department of Industrial & Systems Engineering","","False","5","55","#0072B2","False",""
"aismirno","Alexej Smirnov","College of Sciences","Chemistry","","False","14","127","#009E73","False",""
"tdwalke2","Trevor Walker","College of Natural Resources","Forestry and Environmental Resources","","False","1","19","#9B59B6","False",""
"wchang6","Wei-Chen Chang","College of Sciences","Chemistry","","False","2","76","#009E73","False",""
"jtsuji","Jun Ninomiya-Tsuji","College of Sciences","Biological Sciences","","False","3","52","#009E73","False",""
"mrahe","Michael Rahe","College of Veterinary Medicine","Population Health and Pathobiology","","False","4","31","#56B4E9","False",""
"amelsha","Ahmed El-Shafei","Wilson College of Textiles","Textile Engineering, Chemistry and Science","","False","13","134","#1ABC9C","False",""
"nwising","Nina Balke","College of Engineering","Materials Science and Engineering","","False","10","143","#0072B2","False",""
"kameikle","Kelly Meiklejohn","College of Veterinary Medicine","Population Health and Pathobiology","","False","3","46","#56B4E9","False",""
"drotenb","Dorith Rotenberg","College of Agriculture and Life Sciences","Entomology and Plant Pathology","","False","2","60","#E69F00","False",""
"tnguye13","Tien Khai Nguyen","College of Sciences","Mathematics","","False","2","45","#009E73","False",""
"stefansk","Len Stefanski","College of Sciences","Statistics","","False","1","28","#009E73","False",""
"nsharm23","Nitin Sharma","College of Engineering","Biomedical Engineering","","False","9","125","#0072B2","False",""
"falexal","Alex Albert","College of Engineering","Civil, Construction and Environmental Engineering","","False","4","57","#0072B2","False",""
"nduquew","Natalia Duque-Wilckens","College of Sciences","Biological Sciences","","False","1","16","#009E73","False",""
"anharr25","Autumn Harris","College of Veterinary Medicine","Clinical Sciences","","False","1","43","#56B4E9","False",""
"dklittle","Deborah Littlejohn","College of Design","Graphic Design & Industrial Design","","False","1","3","#E74C3C","False",""
"lalucia","Lucian Lucia","College of Natural Resources","Forest Biomaterials","","False","30","313","#9B59B6","False",""
"sthakur","Siddhartha Thakur","College of Veterinary Medicine","Population Health and Pathobiology","","False","3","100","#56B4E9","False",""
"dvashae","Daryoosh Vashaee","College of Engineering","Electrical and Computer Engineering","","False","10","210","#0072B2","False",""
"agupta1","Abhinav Gupta","College of Engineering","Civil, Construction and Environmental Engineering","","False","6","67","#0072B2","False",""
"aalexan3","Alen Alexanderian","College of Sciences","Mathematics","","False","6","48","#009E73","False",""
"hubbe","Martin Hubbe","College of Natural Resources","Forest Biomaterials","","False","8","137","#9B59B6","False",""
"jsking5","John King","College of Natural Resources","Forestry and Environmental Resources","","False","8","102","#9B59B6","False",""
"daley","Dennis Daley","College of Humanities and Social Sciences","Political Science & Public Administration [in the School of Public and International Affairs]","","False","3","12","#CC79A7","False",""
"jsstoneb","Jeffrey Stonebraker","Poole College of Management","Information Technology, Analytics, & Operations","","False","1","32","#F0E442","False",""
"rbarran","Rodolphe Barrangou","College of Agriculture and Life Sciences","Food, Bioprocessing, and Nutrition Sciences","","False","18","237","#E69F00","False",""
"chuang35","Joey Huang","College of Education","Teacher Education and Learning Sciences","","False","1","15","#D55E00","False",""
"njhostet","Nathan Hostetter","College of Agriculture and Life Sciences","Applied Ecology","","False","1","30","#E69F00","False",""
"asaibab","Arvind Krishna Saibaba","College of Sciences","Mathematics","","False","4","52","#009E73","False",""
"lmclaug2","Levi McLaughlin","College of Humanities and Social Sciences","Philosophy and Religious Studies","","False","2","34","#CC79A7","False",""
"bejacks2","Brian Jackson","College of Agriculture and Life Sciences","Horticultural Science","","False","3","48","#E69F00","False",""
"rsazdan","Radmila Sazdanovic","College of Sciences","Mathematics","","False","3","53","#009E73","False",""
"lwalker3","Lin Walker","College of Agriculture and Life Sciences","Prestage Department of Poultry Science","","False","1","15","#E69F00","False",""
"wgknolle","Whitney Knollenberg","College of Natural Resources","Parks, Recreation and Tourism Management","","False","2","51","#9B59B6","False",""
"cswalke4","Christopher Walker","College of Veterinary Medicine","Molecular Biomedical Sciences","","False","4","26","#56B4E9","False",""
"aoh","Annie Oh","College of Veterinary Medicine","Clinical Sciences","","False","1","21","#56B4E9","False",""
"bwtaylo3","Brad Taylor","College of Agriculture and Life Sciences","Applied Ecology","","False","1","30","#E69F00","False",""
"kmathews","Kyle Mathews","College of Veterinary Medicine","Clinical Sciences","","False","1","66","#56B4E9","False",""
"dhpoole","Daniel Poole","College of Agriculture and Life Sciences","Animal Science","","False","1","51","#E69F00","False",""
"lrs","Laura Severin","College of Humanities and Social Sciences","English","","False","1","3","#CC79A7","False",""
"bcjohns2","Bonnie Fusarelli","College of Education","Educational Leadership, Policy, and Human Development","","False","1","10","#D55E00","False",""
"myang26","Minliang Yang","College of Agriculture and Life Sciences","Food, Bioprocessing, and Nutrition Sciences","","False","1","27","#E69F00","False",""
"kbflores","Kevin Flores","College of Sciences","Mathematics","","False","2","42","#009E73","False",""
"xlin35","Xingcheng Lin","College of Sciences","Physics","","False","1","56","#009E73","False",""
"hsarmstr","Helen Armstrong","College of Design","Graphic Design & Industrial Design","","False","1","5","#E74C3C","False",""
"astaicu","Ana-Maria Staicu","College of Sciences","Statistics","","False","8","68","#009E73","False",""
"jbelmon2","Julio Monti Belmonte","College of Sciences","Physics","","False","3","29","#009E73","False",""
"slvaden","Shelly Vaden","College of Veterinary Medicine","Clinical Sciences","","False","8","84","#56B4E9","False",""
"hcui9","Hantao Cui","College of Engineering","Electrical and Computer Engineering","","False","5","70","#0072B2","False",""
"cproulx","Caroline Proulx","College of Sciences","Chemistry","","False","2","42","#009E73","False",""
"bkgoodwi","Barry Goodwin","College of Agriculture and Life Sciences","Agricultural and Resource Economics","","False","2","76","#E69F00","False",""
"ksaul","Katherine Saul","College of Engineering","Mechanical and Aerospace Engineering","","False","2","76","#0072B2","False",""
"lsguerta","Lucie Guertault","College of Agriculture and Life Sciences","Biological and Agricultural Engineering","","False","5","25","#E69F00","False",""
"mjlewis","Melissa Lewis","College of Veterinary Medicine","Clinical Sciences","","False","5","55","#56B4E9","False",""
"rbhayes","Robert Hayes","College of Engineering","Nuclear Engineering","","False","4","61","#0072B2","False",""
"skmishra","Santosh Mishra","College of Veterinary Medicine","Molecular Biomedical Sciences","","False","2","35","#56B4E9","False",""
"tnwilli7","Tova Williams Cherry","Wilson College of Textiles","Textile Engineering, Chemistry and Science","","False","1","10","#1ABC9C","False",""
"vmbakerr","Michelle Russell","College of Humanities and Social Sciences","Psychology","","False","1","14","#CC79A7","False",""
"spontak","Richard Spontak","College of Engineering","Chemical and Biomolecular Engineering","","False","13","144","#0072B2","False",""
"gbyrd","Greg Byrd","College of Engineering","Electrical and Computer Engineering","","False","2","53","#0072B2","False",""
"bmrao","Balaji Rao","College of Engineering","Chemical and Biomolecular Engineering","","False","5","67","#0072B2","False",""
"mdlorenz","Marce Lorenzen","College of Agriculture and Life Sciences","Entomology and Plant Pathology","","False","3","49","#E69F00","False",""
"ksmulvey","Kelly Lynn Mulvey","College of Humanities and Social Sciences","Psychology","","False","4","138","#CC79A7","False",""
"mbedward","Michael Edwards","College of Natural Resources","Parks, Recreation and Tourism Management","","False","5","57","#9B59B6","False",""
"hdwester","Hans Westermeyer","College of Veterinary Medicine","Clinical Sciences","","False","2","43","#56B4E9","False",""
"vgcarraw","Virginia Stage","College of Agriculture and Life Sciences","Agricultural and Human Sciences","","False","5","60","#E69F00","False",""
"kbchen2","Karen Chen","College of Engineering","Edward P. Fitts Department of Industrial & Systems Engineering","","False","1","46","#0072B2","False",""
"akemper","Lex Kemper","College of Sciences","College of Sciences Administration","","False","8","125","#009E73","False",""
"scshanno","Steven Shannon","College of Engineering","Nuclear Engineering","","False","3","56","#0072B2","False",""
"arellis","Alan Ellis","College of Humanities and Social Sciences","Social Work","","False","4","72","#CC79A7","False",""
"nmatsud","Noboru Matsuda","College of Engineering","Computer Science","","False","1","34","#0072B2","False",""
"drsheehy","Donald Sheehy","College of Engineering","Computer Science","","False","1","29","#0072B2","False",""
"amikael","Aram Mikaelyan","College of Agriculture and Life Sciences","Entomology and Plant Pathology","","False","1","37","#E69F00","False",""
"erthomas","Erik Thomas","College of Humanities and Social Sciences","English","","False","1","15","#CC79A7","False",""
"cmjones6","Corey Jones","College of Sciences","Mathematics","","False","1","40","#009E73","False",""
"oaharrys","Ola Lars Harrysson","College of Engineering","Edward P. Fitts Department of Industrial & Systems Engineering","","False","3","61","#0072B2","False",""
"fldelosr","Francis de los Reyes","College of Engineering","Civil, Construction and Environmental Engineering","","False","7","93","#0072B2","False",""
"lgrace2","Landon Grace","College of Engineering","Mechanical and Aerospace Engineering","","False","2","36","#0072B2","False",""
"randers6","Robin Anderson","College of Education","Science, Technology, Engineering, & Mathematics Education","","False","1","8","#D55E00","False",""
"agduffy","Alli Duffy","College of Sciences","Biological Sciences","","False","1","12","#009E73","False",""
"cjmattin","Carolyn Mattingly","College of Sciences","Biological Sciences","","False","2","59","#009E73","False",""
"macubeta","Marc Cubeta","College of Agriculture and Life Sciences","Entomology and Plant Pathology","","False","1","64","#E69F00","False",""
"mtulbure","Mirela Tulbure","College of Natural Resources","Forestry and Environmental Resources","","False","4","55","#9B59B6","False",""
"candice","Ioannis Viniotis","College of Engineering","Electrical and Computer Engineering","","False","2","23","#0072B2","False",""
"sbhatta4","Subhashish Bhattacharya","College of Engineering","Electrical and Computer Engineering","","False","51","632","#0072B2","False",""
"lkhanley","Linda Hanley-Bowdoin","College of Agriculture and Life Sciences","Plant and Microbial Biology","","False","4","54","#E69F00","False",""
"ejakubi","Elena Jakubikova","College of Sciences","Chemistry","","False","3","85","#009E73","False",""
"jlswann","Julie Swann","College of Engineering","Edward P. Fitts Department of Industrial & Systems Engineering","","False","2","100","#0072B2","False",""
"dbdoughe","Daniel Dougherty","College of Sciences","Physics","","False","6","70","#009E73","False",""
"jmbradl5","Justin Bradley","College of Engineering","Computer Science","","False","1","50","#0072B2","False",""
"magazdik","Michaela Gazdik Stofer","College of Sciences","Biological Sciences","","False","2","14","#009E73","False",""
"mjovano","Milena Jovanovic","College of Sciences","Chemistry","","False","1","24","#009E73","False",""
"sesuter","Steven Suter","College of Veterinary Medicine","Clinical Sciences","","False","1","52","#56B4E9","False",""
"sflim","Shuang Fang Lim","College of Sciences","Physics","","False","2","22","#009E73","False",""
"jjrice","Jacelyn Rice-Boayue","College of Engineering","Civil, Construction and Environmental Engineering","","False","1","15","#0072B2","False",""
"szgurbuz","Sevgi Gurbuz","College of Engineering","Electrical and Computer Engineering","","False","5","125","#0072B2","False",""
"zwang94","Zhenxuan Wang","College of Agriculture and Life Sciences","Agricultural and Resource Economics","","False","1","9","#E69F00","False",""
"ericro","Eric Rotenberg","College of Engineering","Electrical and Computer Engineering","","False","2","39","#0072B2","False",""
"jhu35","Jingjie Hu","College of Engineering","Mechanical and Aerospace Engineering","","False","3","31","#0072B2","False",""
"xie","Lian Xie","College of Sciences","Marine, Earth, and Atmospheric Sciences","","False","1","78","#009E73","False",""
"aneilso","Andrew Neilson","College of Agriculture and Life Sciences","Kannapolis Research","","False","8","122","#E69F00","False",""
"gsseiler","Gabriela Seiler","College of Veterinary Medicine","Molecular Biomedical Sciences","","False","2","36","#56B4E9","False",""
"sdcarson","Sue Carson","College of Agriculture and Life Sciences","Plant and Microbial Biology","","False","1","19","#E69F00","False",""
"sptou","Sandra Tou","College of Veterinary Medicine","Clinical Sciences","","False","6","30","#56B4E9","False",""
"aeroglu","Abdulkerim Eroglu","College of Agriculture and Life Sciences","Kannapolis Research","","False","1","24","#E69F00","False",""
"drasmus","David Rasmussen","College of Agriculture and Life Sciences","Entomology and Plant Pathology","","False","3","57","#E69F00","False",""
"hall","Carol Hall","College of Engineering","Chemical and Biomolecular Engineering","","False","13","152","#0072B2","False",""
"iherrma","Ina Herrmann","College of Veterinary Medicine","Clinical Sciences","","False","5","20","#56B4E9","False",""
"jbearp","Julie Earp","Poole College of Management","Information Technology, Analytics, & Operations","","False","1","14","#F0E442","False",""
"mrodrig","Marcelo Rodriguez","College of Veterinary Medicine","Molecular Biomedical Sciences","","False","1","16","#56B4E9","False",""
"aybozkur","Alper Bozkurt","College of Engineering","Electrical and Computer Engineering","","False","8","122","#0072B2","False",""
"techekk","Tarek Echekki","College of Engineering","Mechanical and Aerospace Engineering","","False","3","72","#0072B2","False",""
"wasandov","William Sandoval","College of Education","Science, Technology, Engineering, & Mathematics Education","","False","2","33","#D55E00","False",""
"arbinder","Andy Binder","College of Humanities and Social Sciences","Communication","","False","2","25","#CC79A7","False",""
"sghosh2","Sujit Ghosh","College of Sciences","Statistics","","False","4","118","#009E73","False",""
"kesaker","Korinn Saker","College of Veterinary Medicine","College of Veterinary Medicine Administration","","False","1","15","#56B4E9","False",""
"tfang2","Tiegang Fang","College of Engineering","Mechanical and Aerospace Engineering","","False","1","163","#0072B2","False",""
"wftb","William Thompson","College of Agriculture and Life Sciences","Plant and Microbial Biology","","False","2","26","#E69F00","False",""
"wyuan2","Wenqiao Yuan","College of Agriculture and Life Sciences","Biological and Agricultural Engineering","","False","9","73","#E69F00","False",""
"teshrive","Thomas Shriver","College of Humanities and Social Sciences","Sociology and Anthropology","","False","5","60","#CC79A7","False",""
"plmarsha","Patricia Marshall","College of Education","Teacher Education and Learning Sciences","","False","1","12","#D55E00","False",""
"rjreardo","Robert Reardon","College of Humanities and Social Sciences","Political Science & Public Administration [in the School of Public and International Affairs]","","False","2","6","#CC79A7","False",""
"kaboys","Kathryn Boys","College of Agriculture and Life Sciences","Agricultural and Resource Economics","","False","2","33","#E69F00","False",""
"blondin","John Blondin","College of Sciences","Physics","","False","4","46","#009E73","False",""
"raatwell","Rachel Vann","College of Agriculture and Life Sciences","Crop and Soil Sciences","","False","4","45","#E69F00","False",""
"rleon","Ramon Leon Gonzalez","College of Agriculture and Life Sciences","Crop and Soil Sciences","","False","9","170","#E69F00","False",""
"jbbarcen","Jose Bruno-Barcena","College of Agriculture and Life Sciences","Plant and Microbial Biology","","False","1","42","#E69F00","False",""
"elleitho","Lonnie Leithold","College of Sciences","Marine, Earth, and Atmospheric Sciences","","False","1","11","#009E73","False",""
"rouskas","Georgios Rouskas","College of Engineering","Computer Science","","False","5","89","#0072B2","False",""
"seyuter","Sandra Yuter","College of Sciences","Marine, Earth, and Atmospheric Sciences","","False","1","71","#009E73","False",""
"xduan4","Xiaolin Duan","College of Humanities and Social Sciences","History","","False","1","5","#CC79A7","False",""
"dxie","Deyu Xie","College of Agriculture and Life Sciences","Plant and Microbial Biology","","False","8","98","#E69F00","False",""
"rrunocic","Raymond Unocic","College of Engineering","Materials Science and Engineering","","False","16","209","#0072B2","False",""
"godwin","John Godwin","College of Sciences","Biological Sciences","","False","2","52","#009E73","False",""
"mlmastro","Michael Mastromauro","College of Veterinary Medicine","Clinical Sciences","","False","1","7","#56B4E9","False",""
"kvpierce","Kursten Pierce","College of Veterinary Medicine","Clinical Sciences","","False","1","24","#56B4E9","False",""
"dcmuddim","David Muddiman","College of Sciences","Chemistry","","False","16","307","#009E73","False",""
"leung","Yu-Fai Leung","College of Natural Resources","Parks, Recreation and Tourism Management","","False","5","67","#9B59B6","False",""
"mtanigu","Masahiko Taniguchi","College of Sciences","Chemistry","","False","5","111","#009E73","False",""
"tzagenc","Tom Zagenczyk","Poole College of Management","Management, Innovation and Entrepreneurship","","False","2","65","#F0E442","False",""
"vvvolpe","Vanessa Volpe","College of Humanities and Social Sciences","Psychology","","False","2","64","#CC79A7","False",""
"kogan","Kemafor Ogan","College of Engineering","Computer Science","","False","2","33","#0072B2","False",""
"jkmillha","John Millhauser","College of Humanities and Social Sciences","Sociology and Anthropology","","False","2","26","#CC79A7","False",""
"rjmera","Robert Mera","College of Sciences","Marine, Earth, and Atmospheric Sciences","","False","1","9","#009E73","False",""
"mbryant","Matthew Bryant","College of Engineering","Mechanical and Aerospace Engineering","","False","6","130","#0072B2","False",""
"ajbirken","Adam Birkenheuer","College of Veterinary Medicine","Clinical Sciences","","False","4","97","#56B4E9","False",""
"efrissma","Emilie Rissman","College of Sciences","Biological Sciences","","False","3","47","#009E73","False",""
"jemeitze","John Meitzen","College of Sciences","Biological Sciences","","False","2","55","#009E73","False",""
"jjpawlak","Joel Pawlak","College of Natural Resources","Forest Biomaterials","","False","1","77","#9B59B6","False",""
"wlu2","Wenchang Lu","College of Sciences","Physics","","False","3","51","#009E73","False",""
"ackiassa","Corey Kiassat","College of Engineering","Edward P. Fitts Department of Industrial & Systems Engineering","","False","1","9","#0072B2","False",""
"wguezas","Wesley Klewerton Guez Assuncao","College of Engineering","Computer Science","","False","3","113","#0072B2","False",""
"tadrake","Timothy Drake","College of Education","Educational Leadership, Policy, and Human Development","","False","4","28","#D55E00","False",""
"iabolotn","Igor Bolotnov","College of Engineering","Nuclear Engineering","","False","9","64","#0072B2","False",""
"yxiao34","Yi Xiao","College of Sciences","Chemistry","","False","1","83","#009E73","False",""
"igmikhal","Irina Mikhalevich","College of Humanities and Social Sciences","Philosophy and Religious Studies","","False","4","16","#CC79A7","False",""
"jcbonner","James Bonner","College of Sciences","Biological Sciences","","False","3","48","#009E73","False",""
"jjohns24","Jeremiah Johnson","College of Engineering","Civil, Construction and Environmental Engineering","","False","7","69","#0072B2","False",""
"beasleym","Mark Beasley","Poole College of Management","Accounting","","False","1","11","#F0E442","False",""
"impeszle","Ilona Peszlen","College of Natural Resources","Forest Biomaterials","","False","1","31","#9B59B6","False",""
"cjcrosbi","Christopher Crosbie","College of Humanities and Social Sciences","English","","False","1","14","#CC79A7","False",""
"jlburne5","Jennifer Burnette","College of Humanities and Social Sciences","Psychology","","False","7","88","#CC79A7","False",""
"wjsagues","Joe Sagues","College of Agriculture and Life Sciences","Biological and Agricultural Engineering","","False","1","35","#E69F00","False",""
"smfergu2","Scott Ferguson","College of Engineering","Mechanical and Aerospace Engineering","","False","3","49","#0072B2","False",""
"xxu","Xu Xu","College of Engineering","Edward P. Fitts Department of Industrial & Systems Engineering","","False","6","71","#0072B2","False",""
"jkmattin","John Mattingly","College of Engineering","Nuclear Engineering","","False","3","50","#0072B2","False",""
"aseyam","Abdel-Fattah Seyam","Wilson College of Textiles","Textile and Apparel, Technology and Management","","False","1","63","#1ABC9C","False",""
"acgurbuz","Ali Gurbuz","College of Engineering","Electrical and Computer Engineering","","False","3","136","#0072B2","False",""
"dsmurray","Seth Murray","College of Humanities and Social Sciences","Interdisciplinary Studies","","False","1","7","#CC79A7","False",""
"jredward","Jack Edwards","College of Engineering","Mechanical and Aerospace Engineering","","False","4","57","#0072B2","False",""
"lmitas","Lubos Mitas","College of Sciences","Physics","","False","2","80","#009E73","False",""
"slpigg","Stacey Pigg","College of Humanities and Social Sciences","English","","False","1","14","#CC79A7","False",""
"nkisaacs","Nathaniel Isaacson","College of Humanities and Social Sciences","World Languages and Cultures","","False","1","18","#CC79A7","False",""
"mvoynov","Maxim Voynov","College of Sciences","Chemistry","","False","5","45","#009E73","False",""
"rshamey","Renzo Shamey","Wilson College of Textiles","Textile Engineering, Chemistry and Science","","False","2","60","#1ABC9C","False",""
"vpaneja","Viney Aneja","College of Sciences","Marine, Earth, and Atmospheric Sciences","","False","5","74","#009E73","False",""
"wwang","Wenye Wang","College of Engineering","Electrical and Computer Engineering","","False","6","87","#0072B2","False",""
"coby","Coby Schal","College of Agriculture and Life Sciences","Entomology and Plant Pathology","","False","9","229","#E69F00","False",""
"rhhaefen","Roger von Haefen","College of Agriculture and Life Sciences","Agricultural and Resource Economics","","False","1","25","#E69F00","False",""
"mdrake","MaryAnne Drake","College of Agriculture and Life Sciences","Food, Bioprocessing, and Nutrition Sciences","","False","13","264","#E69F00","False",""
"aschnet","Astrid Schnetzer","College of Sciences","Marine, Earth, and Atmospheric Sciences","","False","2","45","#009E73","False",""
"bsunderw","Benjamin Underwood","College of Engineering","Civil, Construction and Environmental Engineering","","False","10","175","#0072B2","False",""
"gcmclaug","Gail McLaughlin","College of Sciences","Physics","","False","1","95","#009E73","False",""
"jmdole","John Dole","College of Agriculture and Life Sciences","Horticultural Science","","False","4","81","#E69F00","False",""
"eghohmei","Emily Griffith","College of Sciences","Statistics","","False","11","90","#009E73","False",""
"rrvatsav","Ranga Vatsavai","College of Engineering","Computer Science","","False","4","50","#0072B2","False",""
"rghosh8","Raja Ghosh","College of Sciences","Chemistry","","False","2","34","#009E73","False",""
"hwsedero","Heike Inge Sederoff","College of Agriculture and Life Sciences","Plant and Microbial Biology","","False","4","48","#E69F00","False",""
"ytsuji","Yoshiaki Tsuji","College of Sciences","Biological Sciences","","False","1","30","#009E73","False",""
"efg","Ed Gehringer","College of Engineering","Computer Science","","False","2","101","#0072B2","False",""
"dricket","David Ricketts","College of Engineering","Electrical and Computer Engineering","","False","9","101","#0072B2","False",""
"dyeun","Do Young Eun","College of Engineering","Electrical and Computer Engineering","","False","3","41","#0072B2","False",""
"fmartin3","Florence Martin","College of Education","Teacher Education and Learning Sciences","","False","3","135","#D55E00","False",""
"rsmith","Ralph Smith","College of Sciences","Mathematics","","False","13","107","#009E73","False",""
"alstiele","Amy Stewart","College of Veterinary Medicine","Molecular Biomedical Sciences","","False","3","17","#56B4E9","False",""
"rmjetton","Robert Jetton","College of Natural Resources","Forestry and Environmental Resources","","False","3","27","#9B59B6","False",""
"vdublje","Veljko Dubljevic","College of Humanities and Social Sciences","Philosophy and Religious Studies","","False","7","103","#CC79A7","False",""
"lrlarson","Lincoln Larson","College of Natural Resources","Parks, Recreation and Tourism Management","","False","7","144","#9B59B6","False",""
"tlidman","Tye Lidman","College of Sciences","Mathematics","","False","5","33","#009E73","False",""
"shossei9","S  Mohammad Hosseinian","College of Engineering","Edward P. Fitts Department of Industrial & Systems Engineering","","False","2","19","#0072B2","False",""
"nmnascon","Nanette Nascone-Yoder","College of Veterinary Medicine","Molecular Biomedical Sciences","","False","2","34","#56B4E9","False",""
"hstohl","Hollylynne Lee","College of Education","Science, Technology, Engineering, & Mathematics Education","","False","5","43","#D55E00","False",""
"szeng","Zhaobang Zeng","College of Agriculture and Life Sciences","Horticultural Science","","False","2","42","#E69F00","False",""
"tabirkla","Thomas Birkland","College of Humanities and Social Sciences","Political Science & Public Administration [in the School of Public and International Affairs]","","False","2","43","#CC79A7","False",""
"mrburche","Michael Burchell","College of Agriculture and Life Sciences","Biological and Agricultural Engineering","","False","4","42","#E69F00","False",""
"hong","Hoon Hong","College of Sciences","Mathematics","","False","1","53","#009E73","False",""
"mgferzli","Miriam Ferzli","College of Sciences","Biological Sciences","","False","2","10","#009E73","False",""
"dmfoster","Derek Foster","College of Veterinary Medicine","Population Health and Pathobiology","","False","5","70","#56B4E9","False",""
"lrfishe1","Loren Fisher","College of Agriculture and Life Sciences","North Carolina Agricultural Research Service","","False","2","20","#E69F00","False",""
"kcmarsde","Kurt Marsden","College of Sciences","Biological Sciences","","False","1","29","#009E73","False",""
"kzering","Kelly Zering","College of Agriculture and Life Sciences","Agricultural and Resource Economics","","False","1","5","#E69F00","False",""
"rxu22","Ruijuan Xu","College of Engineering","Materials Science and Engineering","","False","6","47","#0072B2","False",""
"prwestmo","Phil Westmoreland","College of Engineering","Chemical and Biomolecular Engineering","","False","4","69","#0072B2","False",""
"rchiech","Ryan Chiechi","College of Sciences","Chemistry","","False","5","132","#009E73","False",""
"jpliu","Paul Liu","College of Sciences","Marine, Earth, and Atmospheric Sciences","","False","8","65","#009E73","False",""
"jegoodwi","Jean Goodwin","College of Humanities and Social Sciences","Communication","","False","1","23","#CC79A7","False",""
"jnbocarr","Jason Bocarro","College of Natural Resources","Parks, Recreation and Tourism Management","","False","5","62","#9B59B6","False",""
"skim22","Sung Woo Kim","College of Agriculture and Life Sciences","Animal Science","","False","27","405","#E69F00","False",""
"tpaulet","Tate Paulette","College of Humanities and Social Sciences","History","","False","2","6","#CC79A7","False",""
"drbohnen","DelWayne Bohnenstiehl","College of Sciences","Marine, Earth, and Atmospheric Sciences","","False","4","79","#009E73","False",""
"gcope","William Cope","College of Agriculture and Life Sciences","Applied Ecology","","False","7","99","#E69F00","False",""
"jhu3","Jianxin Hu","College of Design","Architecture","","False","1","6","#E74C3C","False",""
"evheugte","Eric VanHeugten","College of Agriculture and Life Sciences","Animal Science","","False","2","43","#E69F00","False",""
"jcbegeny","John Begeny","College of Humanities and Social Sciences","Psychology","","False","2","56","#CC79A7","False",""
"jdong","Jingyan Dong","College of Engineering","Edward P. Fitts Department of Industrial & Systems Engineering","","False","6","110","#0072B2","False",""
"kdaniel","Karen Daniels","College of Sciences","Physics","","False","10","105","#009E73","False",""
"jjbaryck","Joe Barycki","College of Agriculture and Life Sciences","Molecular and Structural Biochemistry","","False","1","23","#E69F00","False",""
"mbfisher","Matthew Fisher","College of Engineering","Biomedical Engineering","","False","6","82","#0072B2","False",""
"jvukoma","Jelena Vukomanovic","College of Natural Resources","Parks, Recreation and Tourism Management","","False","1","38","#9B59B6","False",""
"amishr25","Aura Mishra","College of Humanities and Social Sciences","Psychology","","False","1","20","#CC79A7","False",""
"arabiei","Afsaneh Rabiei","College of Engineering","Mechanical and Aerospace Engineering","","False","2","94","#0072B2","False",""
"ecrisci","Elisa Crisci","College of Veterinary Medicine","Population Health and Pathobiology","","False","1","63","#56B4E9","False",""
"dljorda2","David Jordan","College of Agriculture and Life Sciences","Crop and Soil Sciences","","False","7","177","#E69F00","False",""
"hdai","Huaiyu Dai","College of Engineering","Electrical and Computer Engineering","","False","18","202","#0072B2","False",""
"hgb","Helga Braunbeck","College of Humanities and Social Sciences","World Languages and Cultures","","False","1","7","#CC79A7","False",""
"crji","Chueng Ji","College of Sciences","Physics","","False","7","116","#009E73","False",""
"jljone21","Jacob Jones","College of Engineering","Materials Science and Engineering","","False","32","315","#0072B2","False",""
"ajwest2","Andre West","Wilson College of Textiles","Textiles Extension Education For Economic Development","","False","1","18","#1ABC9C","False",""
"elseekam","Erin Seekamp","College of Natural Resources","Parks, Recreation and Tourism Management","","False","7","88","#9B59B6","False",""
"pgkoupi","Paschalis Gkoupidenis","College of Engineering","Electrical and Computer Engineering","","False","2","55","#0072B2","False",""
"rmrejesu","Roderick Rejesus","College of Agriculture and Life Sciences","Agricultural and Resource Economics","","False","2","68","#E69F00","False",""
"sasha","Alexandra Duel-Hallen","College of Engineering","Electrical and Computer Engineering","","False","2","33","#0072B2","False",""
"warobin3","Walter Robinson","College of Sciences","Marine, Earth, and Atmospheric Sciences","","False","3","46","#009E73","False",""
"khan6","Kevin Han","College of Engineering","Civil, Construction and Environmental Engineering","","False","4","70","#0072B2","False",""
"eshim","Eunkyoung Shim","Wilson College of Textiles","Textile Engineering, Chemistry and Science","","False","2","48","#1ABC9C","False",""
"dbbuchwa","David Buchwalter","College of Sciences","Biological Sciences","","False","9","71","#009E73","False",""
"ehyland","Ethan Hyland","College of Sciences","Marine, Earth, and Atmospheric Sciences","","False","5","77","#009E73","False",""
"ooralka","Omer Oralkan","College of Engineering","Electrical and Computer Engineering","","False","10","161","#0072B2","False",""
"amjacob","Anna Egalite","College of Education","Educational Leadership, Policy, and Human Development","","False","4","34","#D55E00","False",""
"yshin8","Yeonjong Shin","College of Sciences","Mathematics","","False","3","22","#009E73","False",""
"cboi","Cristiana Boi","College of Engineering","Chemical and Biomolecular Engineering","","False","2","66","#0072B2","False",""
"avkuznet","Andrey Kuznetsov","College of Engineering","Mechanical and Aerospace Engineering","","False","6","283","#0072B2","False",""
"dazaharo","David Zaharoff","College of Engineering","Biomedical Engineering","","False","3","48","#0072B2","False",""
"mdschulm","Michael Schulman","College of Agriculture and Life Sciences","Agricultural and Human Sciences","","False","1","23","#E69F00","False",""
"bcallah","Benjamin Callahan","College of Veterinary Medicine","Population Health and Pathobiology","","False","3","50","#56B4E9","False",""
"ysaini","Yogesh Saini","College of Veterinary Medicine","Population Health and Pathobiology","","False","2","54","#56B4E9","False",""
"drmatthe","Delisia Matthews","Wilson College of Textiles","Textile and Apparel, Technology and Management","","False","2","9","#1ABC9C","False",""
"dfcall","Douglas Call","College of Engineering","Civil, Construction and Environmental Engineering","","False","2","63","#0072B2","False",""
"krwening","Keith Weninger","College of Sciences","Physics","","False","4","81","#009E73","False",""
"mmwillia","Mary Elting","College of Sciences","Physics","","False","4","30","#009E73","False",""
"segaiter","Seth Gaiters","College of Humanities and Social Sciences","Philosophy and Religious Studies","","False","1","2","#CC79A7","False",""
"cjdohert","Colleen Doherty","College of Agriculture and Life Sciences","Molecular and Structural Biochemistry","","False","3","50","#E69F00","False",""
"king","Russell King","College of Engineering","Edward P. Fitts Department of Industrial & Systems Engineering","","False","1","35","#0072B2","False",""
"dofreyte","Donald Freytes","College of Engineering","Biomedical Engineering","","False","3","49","#0072B2","False",""
"rawalsh","Rebecca Walsh","College of Humanities and Social Sciences","English","","False","1","3","#CC79A7","False",""
"sghosal","Subhashis Ghoshal","College of Sciences","Statistics","","False","5","51","#009E73","False",""
"dkaoumi","Djamel Kaoumi","College of Engineering","Nuclear Engineering","","False","8","84","#0072B2","False",""
"rjricha2","Robert Richardson","College of Agriculture and Life Sciences","Crop and Soil Sciences","","False","1","42","#E69F00","False",""
"mdlamber","Misty Lambert","College of Agriculture and Life Sciences","Agricultural and Human Sciences","","False","2","21","#E69F00","False",""
"cdelgad","Cesar Delgado","College of Education","Science, Technology, Engineering, & Mathematics Education","","False","2","38","#D55E00","False",""
"psitthi","Panchan Sitthicharoenchai","College of Veterinary Medicine","Population Health and Pathobiology","","False","3","18","#56B4E9","False",""
"reirwin","Rebecca Irwin","College of Agriculture and Life Sciences","Applied Ecology","","False","9","135","#E69F00","False",""
"njolby","Natasha Olby","College of Veterinary Medicine","Clinical Sciences","","False","12","179","#56B4E9","False",""
"ahajbab","Ali Hajbabaie","College of Engineering","Civil, Construction and Environmental Engineering","","False","4","71","#0072B2","False",""
"mopeters","Matthew Peterson","College of Design","Graphic Design & Industrial Design","","False","1","22","#E74C3C","False",""
"cdguillu","Christophe Guilluy","College of Veterinary Medicine","Molecular Biomedical Sciences","","False","2","27","#56B4E9","False",""
"cdhoggan","Chad Hoggan","College of Education","Educational Leadership, Policy, and Human Development","","False","6","55","#D55E00","False",""
"mmbooker","Matthew Booker","College of Humanities and Social Sciences","History","","False","1","17","#CC79A7","False",""
"knivanov","Kostadin Ivanov","College of Engineering","Nuclear Engineering","","False","4","107","#0072B2","False",""
"raghilad","Reza Ghiladi","College of Sciences","Chemistry","","False","6","97","#009E73","False",""
"anbryan2","Alyssa Rockenbach","College of Education","Educational Leadership, Policy, and Human Development","","False","5","59","#D55E00","False",""
"wabauer","William Bauer","College of Humanities and Social Sciences","Philosophy and Religious Studies","","False","1","16","#CC79A7","False",""
"ddavis6","Dennis Davis","College of Education","Teacher Education and Learning Sciences","","False","6","38","#D55E00","False",""
"fisik","Fikret Isik","College of Natural Resources","Forestry and Environmental Resources","","False","6","90","#9B59B6","False",""
"laramir2","Alonso Ramirez","College of Agriculture and Life Sciences","Applied Ecology","","False","2","93","#E69F00","False",""
"ccjacob5","Carrie Jacobs","College of Veterinary Medicine","Clinical Sciences","","False","1","16","#56B4E9","False",""
"yuan","Fuh-Gwo Yuan","College of Engineering","Mechanical and Aerospace Engineering","","False","10","153","#0072B2","False",""
"jtascenc","Trino Ascencio-Ibanez","College of Agriculture and Life Sciences","Molecular and Structural Biochemistry","","False","1","23","#E69F00","False",""
"gilmarti","David Gilmartin","College of Humanities and Social Sciences","History","","False","2","28","#CC79A7","False",""
"atbliksl","Anthony Blikslager","College of Veterinary Medicine","College of Veterinary Medicine Administration","","False","14","210","#56B4E9","False",""
"eozlu","Ekrem Ozlu","College of Agriculture and Life Sciences","Crop and Soil Sciences","","False","3","35","#E69F00","False",""
"ipsen","Ilse Ipsen","College of Sciences","Mathematics","","False","1","64","#009E73","False",""
"mpourgh","Moe Pourghaz","College of Engineering","Civil, Construction and Environmental Engineering","","False","3","70","#0072B2","False",""
"dlirving","Douglas Irving","College of Engineering","Materials Science and Engineering","","False","3","81","#0072B2","False",""
"nfrazie2","Nishani Frazier","College of Humanities and Social Sciences","History","","False","1","7","#CC79A7","False",""
"nreadin","Nathan Reading","College of Sciences","Mathematics","","False","4","45","#009E73","False",""
"iuroeder","Ian Roederer","College of Sciences","Physics","","False","6","129","#009E73","False",""
"pbiziko","Petra Bizikova","College of Veterinary Medicine","Clinical Sciences","","False","2","37","#56B4E9","False",""
"vaugust","Veronica Augustyn","College of Engineering","Materials Science and Engineering","","False","5","76","#0072B2","False",""
"enford","Ericka Ford","Wilson College of Textiles","Textile Engineering, Chemistry and Science","","False","3","32","#1ABC9C","False",""
"hashraf2","Hudson Ashrafi","College of Agriculture and Life Sciences","Horticultural Science","","False","3","63","#E69F00","False",""
"davidian","Marie Davidian","College of Sciences","Statistics","","False","6","85","#009E73","False",""
"fedkiw","Peter Fedkiw","College of Engineering","Chemical and Biomolecular Engineering","","False","3","43","#0072B2","False",""
"mjburke3","Megan Burke","College of Veterinary Medicine","Clinical Sciences","","False","1","11","#56B4E9","False",""
"rgmarti3","Ryan Martin","College of Sciences","Statistics","","False","6","78","#009E73","False",""
"tawalkow","Temple Walkowiak","College of Education","Teacher Education and Learning Sciences","","False","4","18","#D55E00","False",""
"klfelder","Kelly Oten","College of Natural Resources","Forestry and Environmental Resources","","False","1","20","#9B59B6","False",""
"fbreid","Frederick Breidt","College of Agriculture and Life Sciences","Food, Bioprocessing, and Nutrition Sciences","","False","1","47","#E69F00","False",""
"jahipp","Aaron Hipp","College of Natural Resources","Parks, Recreation and Tourism Management","","False","12","148","#9B59B6","False",""
"wchen43","Weijian Chen","College of Sciences","Physics","","False","1","22","#009E73","False",""
"jhou8","Jason Hou","College of Engineering","Nuclear Engineering","","False","1","35","#0072B2","False",""
"ajstewa5","Amanda Stewart","College of Humanities and Social Sciences","Political Science & Public Administration [in the School of Public and International Affairs]","","False","5","30","#CC79A7","False",""
"lezanno","Lindsay Zanno","College of Sciences","Biological Sciences","","False","2","77","#009E73","False",""
"mgerard","Mathew Gerard","College of Veterinary Medicine","Molecular Biomedical Sciences","","False","1","16","#56B4E9","False",""
"lacraig","Lee Craig","Poole College of Management","Economics","","False","1","23","#F0E442","False",""
"mbecchi","Michela Becchi","College of Engineering","Electrical and Computer Engineering","","False","3","41","#0072B2","False",""
"fawrigh2","Fred Wright","College of Sciences","Statistics","","False","12","120","#009E73","False",""
"jmhaugh","Jason Haugh","College of Engineering","Chemical and Biomolecular Engineering","","False","2","72","#0072B2","False",""
"lcolpog","Luke Gatiboni","College of Agriculture and Life Sciences","Crop and Soil Sciences","","False","14","121","#E69F00","False",""
"mjstruet","Michael Struett","College of Humanities and Social Sciences","Political Science & Public Administration [in the School of Public and International Affairs]","","False","1","22","#CC79A7","False",""
"acfahren","Adam Fahrenholz","College of Agriculture and Life Sciences","Prestage Department of Poultry Science","","False","3","36","#E69F00","False",""
"mheiran","Dariush M Heiranian","College of Engineering","Mechanical and Aerospace Engineering","","False","2","24","#0072B2","False",""
"jcollazo","Jaime Collazo","College of Agriculture and Life Sciences","Applied Ecology","","False","3","75","#E69F00","False",""
"agdean","Alexander Dean","College of Engineering","Electrical and Computer Engineering","","False","1","23","#0072B2","False",""
"munsal","Mithat Unsal","College of Sciences","Physics","","False","5","60","#009E73","False",""
"rjschwar","Roy Schwartzman","College of Humanities and Social Sciences","Communication","","False","1","17","#CC79A7","False",""
"bejin","Byoungho Jin","Wilson College of Textiles","Textile and Apparel, Technology and Management","","False","12","111","#1ABC9C","False",""
"rcmayer","Roger Mayer","Poole College of Management","Management, Innovation and Entrepreneurship","","False","1","21","#F0E442","False",""
"aakedrow","April Kedrowicz","College of Veterinary Medicine","Clinical Sciences","","False","4","36","#56B4E9","False",""
"gblank","Gary Blank","College of Natural Resources","Forestry and Environmental Resources","","False","1","8","#9B59B6","False",""
"asoldat","Arianna Soldati","College of Sciences","Marine, Earth, and Atmospheric Sciences","","False","1","23","#009E73","False",""
"jldowdy","Jamie Alexander","College of Agriculture and Life Sciences","Agricultural and Human Sciences","","False","1","5","#E69F00","False",""
"ajplanch","Antonio Planchart","College of Sciences","Biological Sciences","","False","2","29","#009E73","False",""
"kdaykin","Kirsten Kramer","College of Sciences","Chemistry","","False","1","2","#009E73","False",""
"lhoggar","Lori Hoggard","College of Humanities and Social Sciences","Psychology","","False","3","28","#CC79A7","False",""
"jlgreer2","Joanna Koch","College of Education","Teacher Education and Learning Sciences","","False","1","1","#D55E00","False",""
"ataylor","Andrew Taylor","College of Humanities and Social Sciences","Political Science & Public Administration [in the School of Public and International Affairs]","","False","1","22","#CC79A7","False",""
"asagema","Andrew Sageman-Furnas","College of Sciences","Mathematics","","False","1","14","#009E73","False",""
"rheinig","Ronnie Heiniger","College of Agriculture and Life Sciences","Crop and Soil Sciences","","False","5","29","#E69F00","False",""
"smbennet","Sharon Joines","College of Design","College of Design Administration","","False","2","23","#E74C3C","False",""
"jjiang26","Jicai Jiang","College of Agriculture and Life Sciences","Animal Science","","False","4","68","#E69F00","False",""
"jbrown","David Brown","College of Sciences","Physics","","False","1","21","#009E73","False",""
"lhe8","Lingfeng He","College of Engineering","Nuclear Engineering","","False","8","170","#0072B2","False",""
"kay","Michael Kay","College of Engineering","Edward P. Fitts Department of Industrial & Systems Engineering","","False","1","31","#0072B2","False",""
"cchen49","Chao Chen","College of Sciences","Mathematics","","False","1","16","#009E73","False",""
"lxiao5","Luo Xiao","College of Sciences","Statistics","","False","7","42","#009E73","False",""
"gmkumar","Kumar Mahinthakumar","College of Engineering","Civil, Construction and Environmental Engineering","","False","4","71","#0072B2","False",""
"tismirno","Tatyana Smirnova","College of Sciences","Chemistry","","False","4","52","#009E73","False",""
"canson","Chris Anson","College of Humanities and Social Sciences","English","","False","8","53","#CC79A7","False",""
"pemozdzi","Paul Mozdziak","College of Agriculture and Life Sciences","Prestage Department of Poultry Science","","False","7","140","#E69F00","False",""
"jytzeng","Jung-Ying Tzeng","College of Sciences","Statistics","","False","4","65","#009E73","False",""
"mgjones3","Gail Jones","College of Education","Science, Technology, Engineering, & Mathematics Education","","False","6","85","#D55E00","False",""
"easchroe","Elena Schroeter","College of Sciences","Biological Sciences","","False","1","22","#009E73","False",""
"hwu15","Huaiyu Wu","College of Engineering","Mechanical and Aerospace Engineering","","False","1","52","#0072B2","False",""
"kgundog","Kenan Gundogdu","College of Sciences","Physics","","False","9","87","#009E73","False",""
"jhunt5","Jessica Hunt","College of Education","Teacher Education and Learning Sciences","","False","2","52","#D55E00","False",""
"cjohns26","Carla Johnson","College of Education","Science, Technology, Engineering, & Mathematics Education","","False","2","138","#D55E00","False",""
"jrbryan3","Jennifer Richmond-Bryant","College of Natural Resources","Forestry and Environmental Resources","","False","5","57","#9B59B6","False",""
"jjwierer","Jonathan Wierer","College of Engineering","Electrical and Computer Engineering","","False","4","73","#0072B2","False",""
"klstansb","Kim Stansbury","College of Humanities and Social Sciences","Social Work","","False","2","17","#CC79A7","False",""
"rsozzan","Rosangela Sozzani","College of Agriculture and Life Sciences","Plant and Microbial Biology","","False","7","87","#E69F00","False",""
"pcombet","Patrick Combettes","College of Sciences","Mathematics","","False","5","80","#009E73","False",""
"tschroe","Thomas Schroeder","Wilson College of Textiles","Textile Engineering, Chemistry and Science","","False","2","13","#1ABC9C","False",""
"jgookin","Jody Gookin","College of Veterinary Medicine","Clinical Sciences","","False","3","72","#56B4E9","False",""
"ssheth3","Seema Sheth","College of Agriculture and Life Sciences","Plant and Microbial Biology","","False","2","43","#E69F00","False",""
"atstepan","Anna Stepanova","College of Agriculture and Life Sciences","Plant and Microbial Biology","","False","3","68","#E69F00","False",""
"aryoung","Albert Young","College of Sciences","Physics","","False","6","115","#009E73","False",""
"fmuelle","Frank Mueller","College of Engineering","Computer Science","","False","3","107","#0072B2","False",""
"hdaniels","Harry Daniels","College of Agriculture and Life Sciences","Applied Ecology","","False","2","34","#E69F00","False",""
"ygyingli","Yaroslava Yingling","College of Engineering","Materials Science and Engineering","","False","9","140","#0072B2","False",""
"sspaul2","Stepan Paul","College of Sciences","Mathematics","","False","1","8","#009E73","False",""
"hjaimes","Hector Jaimes","College of Humanities and Social Sciences","World Languages and Cultures","","False","3","6","#CC79A7","False",""
"ebardak","Eleni Bardaka","College of Engineering","Civil, Construction and Environmental Engineering","","False","2","32","#0072B2","False",""
"eztaylor","Eileen Taylor","Poole College of Management","Accounting","","False","4","27","#F0E442","False",""
"gbai","Frank Bai","College of Agriculture and Life Sciences","Biological and Agricultural Engineering","","False","1","13","#E69F00","False",""
"screberg","Chris Reberg-Horton","College of Agriculture and Life Sciences","Crop and Soil Sciences","","False","5","102","#E69F00","False",""
"dpwarsin","Donald Warsing","Poole College of Management","Information Technology, Analytics, & Operations","","False","1","24","#F0E442","False",""
"slsimon","Sindee Simon","College of Engineering","Chemical and Biomolecular Engineering","","False","5","98","#0072B2","False",""
"rdmalhei","Ramon Malheiros","College of Agriculture and Life Sciences","Prestage Department of Poultry Science","","False","1","40","#E69F00","False",""
"llparril","Lisa Chapman","Wilson College of Textiles","Textile and Apparel, Technology and Management","","False","3","20","#1ABC9C","False",""
"jslindse","Jonathan Lindsey","College of Sciences","Chemistry","","False","13","263","#009E73","False",""
"gnp","Gregory Parsons","College of Engineering","Chemical and Biomolecular Engineering","","False","12","241","#0072B2","False",""
"jlheitma","Josh Heitman","College of Agriculture and Life Sciences","Crop and Soil Sciences","","False","14","168","#E69F00","False",""
"vfellner","Vivek Fellner","College of Agriculture and Life Sciences","Animal Science","","False","5","44","#E69F00","False",""
"jjadams2","Jacob Adams","College of Engineering","Electrical and Computer Engineering","","False","4","60","#0072B2","False",""
"sarumug","Sankarasubramanian Arumugam","College of Engineering","Civil, Construction and Environmental Engineering","","False","7","115","#0072B2","False",""
"smpuryea","Stephen Puryear","College of Humanities and Social Sciences","Philosophy and Religious Studies","","False","2","22","#CC79A7","False",""
"cfrohli","Carla Frohlich","College of Sciences","Physics","","False","7","64","#009E73","False",""
"dkgullin","Dana Gulling","College of Design","Architecture","","False","1","3","#E74C3C","False",""
"nnelson4","Natalie Nelson","College of Agriculture and Life Sciences","Biological and Agricultural Engineering","","False","2","65","#E69F00","False",""
"cmwilli5","Cranos Williams","College of Engineering","Electrical and Computer Engineering","","False","2","54","#0072B2","False",""
"kleonas","Karen Leonas","Wilson College of Textiles","Textile and Apparel, Technology and Management","","False","1","8","#1ABC9C","False",""
"rwkays","Roland Kays","College of Natural Resources","Forestry and Environmental Resources","","False","7","225","#9B59B6","False",""
"jcbivins","Jason Bivins","College of Humanities and Social Sciences","Philosophy and Religious Studies","","False","1","13","#CC79A7","False",""
"vkurapa","Vasu Kuraparthy","College of Agriculture and Life Sciences","Crop and Soil Sciences","","False","1","38","#E69F00","False",""
"n51nh301","William Adler","College of Humanities and Social Sciences","Philosophy and Religious Studies","","False","3","26","#CC79A7","False",""
"medbyrd","Medwick Byrd","College of Natural Resources","Forest Biomaterials","","False","1","1","#9B59B6","False",""
"cchen32","Crystal Lee","College of Education","Teacher Education and Learning Sciences","","False","1","20","#D55E00","False",""
"mwkudeno","Michael Kudenov","College of Engineering","Electrical and Computer Engineering","","False","11","120","#0072B2","False",""
"rgmaggi","Ricardo Maggi","College of Veterinary Medicine","Clinical Sciences","","False","3","149","#56B4E9","False",""
"mgilman","Mikhail Gilman","College of Sciences","Mathematics","","False","8","28","#009E73","False",""
"bjreich","Brian Reich","College of Sciences","Statistics","","False","12","198","#009E73","False",""
"swkullma","Seth Kullman","College of Sciences","Biological Sciences","","False","2","70","#009E73","False",""
"yyazmy","Yousry Azmy","College of Engineering","Nuclear Engineering","","False","2","32","#0072B2","False",""
"jaforre3","Jodi Forrester","College of Natural Resources","Forestry and Environmental Resources","","False","1","41","#9B59B6","False",""
"richardv","Richard Venditti","College of Natural Resources","Forest Biomaterials","","False","8","200","#9B59B6","False",""
"twu19","Tianfu Wu","College of Engineering","Electrical and Computer Engineering","","False","1","53","#0072B2","False",""
"rbhandfi","Robert Handfield","Poole College of Management","Information Technology, Analytics, & Operations","","False","8","102","#F0E442","False",""
"wboettch","William Boettcher","College of Humanities and Social Sciences","Political Science & Public Administration [in the School of Public and International Affairs]","","False","2","8","#CC79A7","False",""
"jcheng3","Jay Cheng","College of Agriculture and Life Sciences","Biological and Agricultural Engineering","","False","6","91","#E69F00","False",""
"akota2","Arun Kumar Kota","College of Engineering","Mechanical and Aerospace Engineering","","False","7","64","#0072B2","False",""
"hwade","Harald Ade","College of Sciences","Physics","","False","37","385","#009E73","False",""
"rghosh9","Ritwick Ghosh","College of Natural Resources","Forestry and Environmental Resources","","False","2","18","#9B59B6","False",""
"acbehler","Anna Behler","College of Humanities and Social Sciences","Psychology","","False","1","9","#CC79A7","False",""
"smsulli2","Seth Sullivant","College of Sciences","Mathematics","","False","1","65","#009E73","False",""
"nlu2","Ning Lu","College of Engineering","Electrical and Computer Engineering","","False","10","155","#0072B2","False",""
"rpendico","Ronald Endicott","College of Humanities and Social Sciences","Philosophy and Religious Studies","","False","1","7","#CC79A7","False",""
"aclark5","Alexis Clark","College of Humanities and Social Sciences","History","","False","3","18","#CC79A7","False",""
"dslalush","David Lalush","College of Engineering","Biomedical Engineering","","False","1","80","#0072B2","False",""
"ebbreits","Edward Breitschwerdt","College of Veterinary Medicine","Clinical Sciences","","False","14","318","#56B4E9","False",""
"csayde","Chadi Sayde","College of Agriculture and Life Sciences","Biological and Agricultural Engineering","","False","2","25","#E69F00","False",""
"skomarn","Slavko Komarnytsky","College of Agriculture and Life Sciences","Kannapolis Research","","False","7","70","#E69F00","False",""
"rkmeente","Ross Meentemeyer","College of Natural Resources","Center for Geospatial Analytics","","False","7","127","#9B59B6","False",""
"alwoodle","Alex Woodley","College of Agriculture and Life Sciences","Crop and Soil Sciences","","False","1","40","#E69F00","False",""
"drobenou","Daniel Obenour","College of Engineering","Civil, Construction and Environmental Engineering","","False","2","50","#0072B2","False",""
"kaharwoo","Karey Harwood","College of Humanities and Social Sciences","Philosophy and Religious Studies","","False","1","8","#CC79A7","False",""
"ljbobay","Louis-Marie Bobay","College of Sciences","Biological Sciences","","False","4","44","#009E73","False",""
"mlsichit","Mihail Sichitiu","College of Engineering","Electrical and Computer Engineering","","False","4","64","#0072B2","False",""
"mnpeters","Nils Peterson","College of Natural Resources","Forestry and Environmental Resources","","False","10","130","#9B59B6","False",""
"dhhenard","David Henard","Poole College of Management","Marketing","","False","1","10","#F0E442","False",""
"rhli2","Ronald Li","College of Veterinary Medicine","Clinical Sciences","","False","1","47","#56B4E9","False",""
"tdefranc","Teresa DeFrancesco","College of Veterinary Medicine","Clinical Sciences","","False","6","70","#56B4E9","False",""
"jdcoggbu","Jerrell Coggburn","College of Humanities and Social Sciences","Political Science & Public Administration [in the School of Public and International Affairs]","","False","7","40","#CC79A7","False",""
"rhe","Ruoying He","College of Sciences","Marine, Earth, and Atmospheric Sciences","","False","16","126","#009E73","False",""
"mshahza","Muhammad Shahzad","College of Engineering","Computer Science","","False","7","44","#0072B2","False",""
"cubbage","Frederick Cubbage","College of Natural Resources","Forestry and Environmental Resources","","False","11","115","#9B59B6","False",""
"egmedlin","Emily Martin","College of Veterinary Medicine","Clinical Sciences","","False","3","10","#56B4E9","False",""
"drtarpy","David Tarpy","College of Agriculture and Life Sciences","Applied Ecology","","False","10","117","#E69F00","False",""
"jlreyno4","James Reynolds","College of Engineering","Electrical and Computer Engineering","","False","2","17","#0072B2","False",""
"jabuckel","Jeffrey Buckel","College of Agriculture and Life Sciences","Applied Ecology","","False","3","87","#E69F00","False",""
"jmdegeze","Jillian De Gezelle","College of Agriculture and Life Sciences","Plant and Microbial Biology","","False","1","5","#E69F00","False",""
"aasmith7","Adrian Smith","College of Sciences","Biological Sciences","","False","1","16","#009E73","False",""
"jaluff","Jennifer Luff","College of Veterinary Medicine","Population Health and Pathobiology","","False","1","19","#56B4E9","False",""
"lwwhite","Leonard White","College of Engineering","Future Renewable Electric Energy Delivery and Management Systems Center (The)","","False","1","4","#0072B2","False",""
"mhennet","Diane Henneton","College of Humanities and Social Sciences","World Languages and Cultures","","False","1","4","#CC79A7","False",""
"ruzsoy","Reha Uzsoy","College of Engineering","Edward P. Fitts Department of Industrial & Systems Engineering","","False","6","112","#0072B2","False",""
"kaunocic","Kinga Unocic","College of Engineering","Materials Science and Engineering","","False","15","160","#0072B2","False",""
"fncastel","Felix Castellano","College of Sciences","Chemistry","","False","12","241","#009E73","False",""
"lsgoodel","Suzie Goodell","College of Agriculture and Life Sciences","Food, Bioprocessing, and Nutrition Sciences","","False","4","65","#E69F00","False",""
"wyu2","Wensong Yu","College of Engineering","Future Renewable Electric Energy Delivery and Management Systems Center (The)","","False","7","75","#0072B2","False",""
"aercume","Ayse Ercumen","College of Natural Resources","Forestry and Environmental Resources","","False","6","84","#9B59B6","False",""
"mdkoci","Matt Koci","College of Agriculture and Life Sciences","Prestage Department of Poultry Science","","False","4","47","#E69F00","False",""
"aavilac","Amanda Avila Cardoso","College of Agriculture and Life Sciences","Crop and Soil Sciences","","False","2","60","#E69F00","False",""
"rmschoen","Regina Schoenfeld","College of Veterinary Medicine","Molecular Biomedical Sciences","","False","9","58","#56B4E9","False",""
"twgannon","Travis Gannon","College of Agriculture and Life Sciences","Crop and Soil Sciences","","False","5","68","#E69F00","False",""
"rslewis","Ramsey Lewis","College of Agriculture and Life Sciences","Crop and Soil Sciences","","False","5","76","#E69F00","False",""
"sscaag","Aziz Amoozegar","College of Agriculture and Life Sciences","Crop and Soil Sciences","","False","1","34","#E69F00","False",""
"narayan","Jagdish Narayan","College of Engineering","Materials Science and Engineering","","False","9","257","#0072B2","False",""
"ryin","Rong Yin","Wilson College of Textiles","Textile Engineering, Chemistry and Science","","False","1","49","#1ABC9C","False",""
"elane3","Elizabeth Lane","College of Humanities and Social Sciences","Political Science & Public Administration [in the School of Public and International Affairs]","","False","1","12","#CC79A7","False",""
"zlyu3","Zhe Lyu","College of Agriculture and Life Sciences","Plant and Microbial Biology","","False","5","29","#E69F00","False",""
"aaysu","Aydin Aysu","College of Engineering","Electrical and Computer Engineering","","False","2","74","#0072B2","False",""
"rseraci","Rudi Seracino","College of Engineering","Civil, Construction and Environmental Engineering","","False","3","65","#0072B2","False",""
"avazque2","Abraham Vazquez-Guardado","College of Engineering","Electrical and Computer Engineering","","False","1","68","#0072B2","False",""
"dfrpp","David Ritchie","College of Agriculture and Life Sciences","Entomology and Plant Pathology","","False","1","15","#E69F00","False",""
"skuttal","Sandeep Kuttal","College of Engineering","Computer Science","","False","1","43","#0072B2","False",""
"gyang9","Ge Yang","College of Engineering","Nuclear Engineering","","False","6","93","#0072B2","False",""
"gngaile","Gracious Ngaile","College of Engineering","Mechanical and Aerospace Engineering","","False","6","58","#0072B2","False",""
"pdbradfo","Philip Bradford","Wilson College of Textiles","Textile Engineering, Chemistry and Science","","False","13","81","#1ABC9C","False",""
"sisalmon","Sonja Salmon","Wilson College of Textiles","Textile Engineering, Chemistry and Science","","False","3","36","#1ABC9C","False",""
"zli42","Zheng Li","College of Agriculture and Life Sciences","Agricultural and Resource Economics","","False","1","14","#E69F00","False",""
"janolans","Jennifer Nolan","College of Humanities and Social Sciences","English","","False","4","8","#CC79A7","False",""
"ccgoller","Carlos Goller","College of Sciences","Biological Sciences","","False","5","66","#009E73","False",""
"nmlavoin","Nathalie Lavoine","College of Natural Resources","Forest Biomaterials","","False","4","38","#9B59B6","False",""
"jayoder","Jeff Yoder","College of Sciences","Biological Sciences","","False","4","83","#009E73","False",""
"sklambet","Stephanie Mathews","College of Sciences","Biological Sciences","","False","1","21","#009E73","False",""
"dzbaron","Dror Baron","College of Engineering","Electrical and Computer Engineering","","False","5","62","#0072B2","False",""
"spark","Sunkyu Park","College of Natural Resources","Forest Biomaterials","","False","6","139","#9B59B6","False",""
"wmrand","Bill Rand","Poole College of Management","Marketing","","False","3","49","#F0E442","False",""
"ejlobato","Edgar Lobaton","College of Engineering","Electrical and Computer Engineering","","False","10","109","#0072B2","False",""
"pcfyfe","Paul Fyfe","College of Humanities and Social Sciences","English","","False","2","24","#CC79A7","False",""
"kmgross2","Kathryn Grossman","College of Humanities and Social Sciences","Sociology and Anthropology","","False","1","6","#CC79A7","False",""
"mlrodge2","Maria Rodgers","College of Sciences","Biological Sciences","","False","1","20","#009E73","False",""
"cmroland","Christopher Roland","College of Sciences","Physics","","False","3","49","#009E73","False",""
"jcdietri","Casey Dietrich","College of Engineering","Civil, Construction and Environmental Engineering","","False","2","47","#0072B2","False",""
"japiedra","Jorge Piedrahita","College of Veterinary Medicine","Molecular Biomedical Sciences","","False","6","75","#56B4E9","False",""
"nsui","Ning Sui","College of Agriculture and Life Sciences","Molecular and Structural Biochemistry","","False","1","11","#E69F00","False",""
"apapani","Andrew Papanicolaou","College of Sciences","Mathematics","","False","2","28","#009E73","False",""
"kwk","Ki Kim","College of Engineering","Electrical and Computer Engineering","","False","7","107","#0072B2","False",""
"jtuck","James Tuck","College of Engineering","Electrical and Computer Engineering","","False","3","45","#0072B2","False",""
"azkabukc","Ayse Kabukcuoglu Dur","Poole College of Management","Economics","","False","2","6","#F0E442","False",""
"hji5","Hangjie Ji","College of Sciences","Mathematics","","False","1","37","#009E73","False",""
"hdakroyd","Duane Akroyd","College of Education","Educational Leadership, Policy, and Human Development","","False","1","6","#D55E00","False",""
"smenega","Stefano Menegatti","College of Engineering","Chemical and Biomolecular Engineering","","False","2","115","#0072B2","False",""
"rpguiter","Raymond Guiteras","College of Agriculture and Life Sciences","Agricultural and Resource Economics","","False","2","16","#E69F00","False",""
"tran","Hien Tran","College of Sciences","Mathematics","","False","6","62","#009E73","False",""
"kito","Kazufumi Ito","College of Sciences","Mathematics","","False","1","69","#009E73","False",""
"mthuo","Martin Thuo","College of Engineering","Materials Science and Engineering","","False","8","131","#0072B2","False",""
"cmrobvei","Cynthia Robveille","College of Veterinary Medicine","Clinical Sciences","","False","1","17","#56B4E9","False",""
"rmdodswo","Robin Dodsworth","College of Humanities and Social Sciences","English","","False","4","26","#CC79A7","False",""
"rblanger","Brian Langerhans","College of Sciences","Biological Sciences","","False","1","49","#009E73","False",""
"jliu38","Jun Liu","College of Engineering","Mechanical and Aerospace Engineering","","False","2","73","#0072B2","False",""
"dmnielse","Dahlia Nielsen","College of Sciences","Biological Sciences","","False","2","24","#009E73","False",""
"icarbon","Ignazio Carbone","College of Agriculture and Life Sciences","Entomology and Plant Pathology","","False","6","89","#E69F00","False",""
"mtchu","Moody Chu","College of Sciences","Mathematics","","False","2","48","#009E73","False",""
"cgastro","Claudia Gastrow","College of Humanities and Social Sciences","Sociology and Anthropology","","False","1","19","#CC79A7","False",""
"srmilla","Susana Milla-Lewis","College of Agriculture and Life Sciences","Crop and Soil Sciences","","False","8","78","#E69F00","False",""
"tmschaef","Thomas Schaefer","College of Sciences","Physics","","False","10","91","#009E73","False",""
"wekrause","Wendy Krause","Wilson College of Textiles","Textile Engineering, Chemistry and Science","","False","3","29","#1ABC9C","False",""
"mkanters","Michael Kanters","College of Natural Resources","Parks, Recreation and Tourism Management","","False","1","20","#9B59B6","False",""
"hmjohns6","Heather Dretsch","Poole College of Management","Management, Innovation and Entrepreneurship","","False","1","4","#F0E442","False",""
"lgtateos","Laura Tateosian","College of Natural Resources","Center for Geospatial Analytics","","False","2","22","#9B59B6","False",""
"khan","Saad Khan","College of Engineering","Chemical and Biomolecular Engineering","","False","5","178","#0072B2","False",""
"rdutta","Rudra Dutta","College of Engineering","Computer Science","","False","5","74","#0072B2","False",""
"oozdemi","Ozgur Ozdemir","College of Engineering","Electrical and Computer Engineering","","False","2","35","#0072B2","False",""
"yliu335","Yuan Liu","College of Engineering","Electrical and Computer Engineering","","False","2","43","#0072B2","False",""
"fli5","Fanxing Li","College of Engineering","Chemical and Biomolecular Engineering","","False","6","170","#0072B2","False",""
"xgu","Xiaohui Gu","College of Engineering","Computer Science","","False","1","33","#0072B2","False",""
"jcdiebol","Jeffrey Diebold","College of Humanities and Social Sciences","Political Science & Public Administration [in the School of Public and International Affairs]","","False","2","7","#CC79A7","False",""
"jjcarro3","Jennifer Carroll","College of Humanities and Social Sciences","Sociology and Anthropology","","False","3","61","#CC79A7","False",""
"jminogu","James Minogue","College of Education","Teacher Education and Learning Sciences","","False","1","23","#D55E00","False",""
"mdparker","Matthew Parker","College of Sciences","Marine, Earth, and Atmospheric Sciences","","False","4","64","#009E73","False",""
"msmorril","Melinda Morrill","Poole College of Management","Economics","","False","3","37","#F0E442","False",""
"dpgenere","David Genereux","College of Sciences","Marine, Earth, and Atmospheric Sciences","","False","1","40","#009E73","False",""
"mchoudo","Mallory Choudoir","College of Agriculture and Life Sciences","Plant and Microbial Biology","","False","2","24","#E69F00","False",""
"shward","Stephanie Ward","College of Agriculture and Life Sciences","Animal Science","","False","1","3","#E69F00","False",""
"ttheis","Thomas Theis","College of Sciences","Chemistry","","False","12","119","#009E73","False",""
"rrkulkar","Ravi Kulkarni","College of Veterinary Medicine","Population Health and Pathobiology","","False","2","62","#56B4E9","False",""
"djhanson","Dana Hanson","College of Agriculture and Life Sciences","Food, Bioprocessing, and Nutrition Sciences","","False","1","15","#E69F00","False",""
"gbuckner","Gregory Buckner","College of Engineering","Mechanical and Aerospace Engineering","","False","1","67","#0072B2","False",""
"gvalacc","Giuseppe Valacchi","College of Agriculture and Life Sciences","Kannapolis Research","","False","18","248","#E69F00","False",""
"kowalsky","Mervyn Kowalsky","College of Engineering","Civil, Construction and Environmental Engineering","","False","2","71","#0072B2","False",""
"aemcgill","Alicia McGill","College of Humanities and Social Sciences","History","","False","1","10","#CC79A7","False",""
"paulf","Paul Franzon","College of Engineering","Electrical and Computer Engineering","","False","4","194","#0072B2","False",""
"eamckenn","Erin McKenney","College of Agriculture and Life Sciences","Applied Ecology","","False","4","39","#E69F00","False",""
"spavlid","Spyridon Pavlidis","College of Engineering","Electrical and Computer Engineering","","False","4","41","#0072B2","False",""
"amaity","Arnab Maity","College of Sciences","Statistics","","False","8","75","#009E73","False",""
"jlnietfe","John Nietfeld","College of Education","Teacher Education and Learning Sciences","","False","3","39","#D55E00","False",""
"dgkamper","Derek Kamper","College of Engineering","Biomedical Engineering","","False","4","53","#0072B2","False",""
"bcclift","Bryan Clift","College of Natural Resources","Parks, Recreation and Tourism Management","","False","2","46","#9B59B6","False",""
"tmbarnes","Tiffany Barnes","College of Engineering","Computer Science","","False","9","173","#0072B2","False",""
"tmharri7","Tara Harrison","College of Veterinary Medicine","Clinical Sciences","","False","4","63","#56B4E9","False",""
"bmasmith","Charles Smith","College of Sciences","Statistics","","False","1","13","#009E73","False",""
"galewbar","Gregory Lewbart","College of Veterinary Medicine","Clinical Sciences","","False","11","160","#56B4E9","False",""
"bgwalan","Bharat Gwalani","College of Engineering","Materials Science and Engineering","","False","10","147","#0072B2","False",""
"yslee","Yuan-Shin Lee","College of Engineering","Edward P. Fitts Department of Industrial & Systems Engineering","","False","9","52","#0072B2","False",""
"apullin","Allison Pullin","College of Agriculture and Life Sciences","Prestage Department of Poultry Science","","False","4","12","#E69F00","False",""
"rwmurray","Ryan Murray","College of Sciences","Mathematics","","False","3","23","#009E73","False",""
"bafloyd","Brian Floyd","College of Engineering","Electrical and Computer Engineering","","False","7","102","#0072B2","False",""
"clanzas","Cristina Lanzas","College of Veterinary Medicine","Population Health and Pathobiology","","False","5","79","#56B4E9","False",""
"dosmond","Deanna Osmond","College of Agriculture and Life Sciences","Crop and Soil Sciences","","False","14","89","#E69F00","False",""
"nrmamooz","Nadya Mamoozadeh","College of Agriculture and Life Sciences","Applied Ecology","","False","1","13","#E69F00","False",""
"alwelch","Amanda Ziegler","College of Veterinary Medicine","Molecular Biomedical Sciences","","False","1","31","#56B4E9","False",""
"jodle","Jack Odle","College of Agriculture and Life Sciences","Animal Science","","False","12","158","#E69F00","False",""
"jswarts","Jason Swarts","College of Humanities and Social Sciences","English","","False","1","29","#CC79A7","False",""
"jmpolla3","Jeffrey Pollack","Poole College of Management","Management, Innovation and Entrepreneurship","","False","6","91","#F0E442","False",""
"dsun4","Dali Sun","College of Sciences","Physics","","False","6","88","#009E73","False",""
"jzhan257","Jian Zhang","College of Veterinary Medicine","Molecular Biomedical Sciences","","False","2","7","#56B4E9","False",""
"miorizz","Massimo Iorizzo","College of Agriculture and Life Sciences","Horticultural Science","","False","8","115","#E69F00","False",""
"cyeh4","Chi-An Yeh","College of Engineering","Mechanical and Aerospace Engineering","","False","2","31","#0072B2","False",""
"qwei3","Qingshan Wei","College of Engineering","Chemical and Biomolecular Engineering","","False","5","97","#0072B2","False",""
"ssarka23","Susmita Sarkar","College of Engineering","Mechanical and Aerospace Engineering","","False","1","14","#0072B2","False",""
"wdavis","William Davis","College of Engineering","Electrical and Computer Engineering","","False","1","66","#0072B2","False",""
"jhkelley","John Kelley","College of Sciences","Physics","","False","3","74","#009E73","False",""
"sehollar","Seth Hollar","College of Engineering","Electrical and Computer Engineering","","False","1","1","#0072B2","False",""
"owduckwo","Owen Duckworth","College of Agriculture and Life Sciences","Crop and Soil Sciences","","False","7","83","#E69F00","False",""
"adpierce","April Fogleman","College of Agriculture and Life Sciences","Food, Bioprocessing, and Nutrition Sciences","","False","1","16","#E69F00","False",""
"mhoffma3","Mark Hoffmann","College of Agriculture and Life Sciences","Horticultural Science","","False","3","30","#E69F00","False",""
"ebeltra2","Eduardo Beltranena","College of Agriculture and Life Sciences","Animal Science","","False","8","122","#E69F00","False",""
"wtang23","Wentao Tang","College of Engineering","Chemical and Biomolecular Engineering","","False","3","49","#0072B2","False",""
"cpedging","Cyndi Edgington","College of Education","Science, Technology, Engineering, & Mathematics Education","","False","1","7","#D55E00","False",""
"blnowell","Branda Nowell","College of Humanities and Social Sciences","Political Science & Public Administration [in the School of Public and International Affairs]","","False","5","46","#CC79A7","False",""
"dlrober4","David Roberts","College of Engineering","Computer Science","","False","1","49","#0072B2","False",""
"dmkearns","Devin Kearns","College of Education","Teacher Education and Learning Sciences","","False","1","57","#D55E00","False",""
"emschlie","Erin Schliep","College of Sciences","Statistics","","False","4","49","#009E73","False",""
"kkcole2","Kirsti Cole","College of Humanities and Social Sciences","English","","False","3","22","#CC79A7","False",""
"cnwilli6","Nathan Williams","College of Natural Resources","Parks, Recreation and Tourism Management","","False","1","6","#9B59B6","False",""
"mtknauer","Mark Knauer","College of Agriculture and Life Sciences","Animal Science","","False","2","40","#E69F00","False",""
"jcdunne","Jeffrey Dunne","College of Agriculture and Life Sciences","Crop and Soil Sciences","","False","1","34","#E69F00","False",""
"jdbohlma","Jonathan Bohlmann","Poole College of Management","Marketing","","False","1","12","#F0E442","False",""
"sagui","Celeste Sagui","College of Sciences","Physics","","False","3","58","#009E73","False",""
"sorenson","Clyde Sorenson","College of Agriculture and Life Sciences","Entomology and Plant Pathology","","False","5","39","#E69F00","False",""
"bjreadin","Benjamin Reading","College of Agriculture and Life Sciences","Applied Ecology","","False","2","58","#E69F00","False",""
"xfang8","Xiaolei Fang","College of Engineering","Edward P. Fitts Department of Industrial & Systems Engineering","","False","1","31","#0072B2","False",""
"hwang18","Hong Wang","College of Sciences","Physics","","False","4","48","#009E73","False",""
"pojiamb","Peter Ojiambo","College of Agriculture and Life Sciences","Entomology and Plant Pathology","","False","10","93","#E69F00","False",""
"rasdorf","William Rasdorf","College of Engineering","Civil, Construction and Environmental Engineering","","False","5","77","#0072B2","False",""
"segarrig","Shelley Garrigan","College of Humanities and Social Sciences","World Languages and Cultures","","False","1","11","#CC79A7","False",""
"wfhunt","William Hunt","College of Agriculture and Life Sciences","Biological and Agricultural Engineering","","False","7","234","#E69F00","False",""
"hvtafres","Hooman Tafreshi","College of Engineering","Mechanical and Aerospace Engineering","","False","3","150","#0072B2","False",""
"birgand","Francois Birgand","College of Agriculture and Life Sciences","Biological and Agricultural Engineering","","False","6","69","#E69F00","False",""
"bwiegman","Brian Wiegmann","College of Agriculture and Life Sciences","Entomology and Plant Pathology","","False","1","66","#E69F00","False",""
"rkgupta2","Rajeev Gupta","College of Engineering","Materials Science and Engineering","","False","5","127","#0072B2","False",""
"eooviedo","Edgar Oviedo-Rondon","College of Agriculture and Life Sciences","Prestage Department of Poultry Science","","False","3","91","#E69F00","False",""
"jgenzer","Jan Genzer","College of Engineering","Chemical and Biomolecular Engineering","","False","15","233","#0072B2","False",""
"kstapel","Katharina Stapelmann","College of Engineering","Nuclear Engineering","","False","5","88","#0072B2","False",""
"magrimme","Marc Grimmett","College of Education","Educational Leadership, Policy, and Human Development","","False","1","11","#D55E00","False",""
"mpsingh","Munindar Singh","College of Engineering","Computer Science","","False","15","230","#0072B2","False",""
"nkcooke","Natalie Cooke","College of Agriculture and Life Sciences","Food, Bioprocessing, and Nutrition Sciences","","False","2","10","#E69F00","False",""
"bernholc","Jerzy Bernholc","College of Sciences","Physics","","False","5","79","#009E73","False",""
"jbraun2","James Braun","College of Engineering","Mechanical and Aerospace Engineering","","False","6","60","#0072B2","False",""
"pmcavoy","Paula McAvoy","College of Education","Teacher Education and Learning Sciences","","False","1","11","#D55E00","False",""
"sleblan","Sharonda LeBlanc","College of Sciences","Physics","","False","2","13","#009E73","False",""
"jlreaser","Jeffrey Reaser","College of Humanities and Social Sciences","English","","False","1","24","#CC79A7","False",""
"alee29","Andrew Lee","College of Engineering","Mechanical and Aerospace Engineering","","False","4","33","#0072B2","False",""
"jfeng2","Jing Feng","College of Humanities and Social Sciences","Psychology","","False","5","41","#CC79A7","False",""
"kha3","Kyung Hee Ha","College of Humanities and Social Sciences","World Languages and Cultures","","False","1","2","#CC79A7","False",""
"kmfoody","Kathleen Foody","College of Humanities and Social Sciences","Philosophy and Religious Studies","","False","1","5","#CC79A7","False",""
"hsgill2","Harvinder Gill","College of Engineering","Chemical and Biomolecular Engineering","","False","4","83","#0072B2","False",""
"chsiao2","Lilian Hsiao","College of Engineering","Chemical and Biomolecular Engineering","","False","4","43","#0072B2","False",""
"jfpatric","Jason Patrick","College of Engineering","Civil, Construction and Environmental Engineering","","False","2","27","#0072B2","False",""
"thsieh3","Tzung Fu Hsieh","College of Agriculture and Life Sciences","Plant and Microbial Biology","","False","4","47","#E69F00","False",""
"gconant","Gavin Conant","College of Sciences","Biological Sciences","","False","4","80","#009E73","False",""
"tpang","Tao Pang","College of Sciences","Mathematics","","False","3","37","#009E73","False",""
"nebuchle","Nick Buchler","College of Veterinary Medicine","Molecular Biomedical Sciences","","False","5","34","#56B4E9","False",""
"jvveliad","Victor Veliadis","College of Engineering","Electrical and Computer Engineering","","False","1","93","#0072B2","False",""
"murty","Korukonda Murty","College of Engineering","Nuclear Engineering","","False","11","113","#0072B2","False",""
"amhardis","Annie Hardison-Moody","College of Agriculture and Life Sciences","Agricultural and Human Sciences","","False","5","43","#E69F00","False",""
"yszhang","Y  Stacy Zhang","College of Sciences","Marine, Earth, and Atmospheric Sciences","","False","2","23","#009E73","False",""
"lcvanlan","Laurianne Van Landeghem","College of Veterinary Medicine","Molecular Biomedical Sciences","","False","2","29","#56B4E9","False",""
"hchen57","Hsuan Chen","College of Agriculture and Life Sciences","Horticultural Science","","False","1","25","#E69F00","False",""
"yzhu7","Yong Zhu","College of Engineering","Mechanical and Aerospace Engineering","","False","14","214","#0072B2","False",""
"thassan","Tasnim Hassan","College of Engineering","Civil, Construction and Environmental Engineering","","False","8","71","#0072B2","False",""
"vmcatete","Veronica Catete","College of Engineering","Computer Science","","False","3","76","#0072B2","False",""
"skais","Sabre Kais","College of Engineering","Electrical and Computer Engineering","","False","1","142","#0072B2","False",""
"vnaraya3","Venkateswaran Narayanaswamy","College of Engineering","Mechanical and Aerospace Engineering","","False","5","93","#0072B2","False",""
"spark26","Soonhye Park","College of Education","Science, Technology, Engineering, & Mathematics Education","","False","3","54","#D55E00","False",""
"cmbyrd3","Christy Byrd","College of Education","Teacher Education and Learning Sciences","","False","4","40","#D55E00","False",""
"rebaynes","Ronald Baynes","College of Veterinary Medicine","Population Health and Pathobiology","","False","6","131","#56B4E9","False",""
"mscastil","Miguel Castillo","College of Agriculture and Life Sciences","Crop and Soil Sciences","","False","3","48","#E69F00","False",""
"hluo2","Hong Luo","College of Engineering","Mechanical and Aerospace Engineering","","False","6","52","#0072B2","False",""
"idiazmu","Ilenys Perez Diaz","College of Agriculture and Life Sciences","Food, Bioprocessing, and Nutrition Sciences","","False","1","38","#E69F00","False",""
"rtian2","Renran Tian","College of Engineering","Edward P. Fitts Department of Industrial & Systems Engineering","","False","1","57","#0072B2","False",""
"areysan","Camilo Rey-Sanchez","College of Sciences","Marine, Earth, and Atmospheric Sciences","","False","5","37","#009E73","False",""
"jyin8","Jie Yin","College of Engineering","Mechanical and Aerospace Engineering","","False","4","85","#0072B2","False",""
"pjearly","Peter Early","College of Veterinary Medicine","Clinical Sciences","","False","2","37","#56B4E9","False",""
"zhilin","Zhilin Li","College of Sciences","Mathematics","","False","7","111","#009E73","False",""
"hsheese","H  Sebastian Heese","Poole College of Management","Information Technology, Analytics, & Operations","","False","2","49","#F0E442","False",""
"jaosborn","Jason Osborne","College of Sciences","Statistics","","False","3","80","#009E73","False",""
"ldfusare","Lance Fusarelli","College of Education","Educational Leadership, Policy, and Human Development","","False","5","37","#D55E00","False",""
"jkpacifi","Krishna Pacifici","College of Natural Resources","Forestry and Environmental Resources","","False","3","70","#9B59B6","False",""
"mfyfe","Margaret Simon","College of Humanities and Social Sciences","English","","False","1","11","#CC79A7","False",""
"aanevzor","Alexander Nevzorov","College of Sciences","Chemistry","","False","2","42","#009E73","False",""
"gary","Gary Lackmann","College of Sciences","Marine, Earth, and Atmospheric Sciences","","False","4","65","#009E73","False",""
"sitar","Zlatko Sitar","College of Engineering","Materials Science and Engineering","","False","14","226","#0072B2","False",""
"amwisema","Angela Wiseman","College of Education","Teacher Education and Learning Sciences","","False","1","22","#D55E00","False",""
"jshen3","Jialong Shen","Wilson College of Textiles","Textile Engineering, Chemistry and Science","","False","5","38","#1ABC9C","False",""
"glmille3","Grady Miller","College of Agriculture and Life Sciences","Crop and Soil Sciences","","False","2","66","#E69F00","False",""
"csdepern","Christopher DePerno","College of Natural Resources","Forestry and Environmental Resources","","False","13","135","#9B59B6","False",""
"wjwarner","Wendy Warner","College of Agriculture and Life Sciences","Agricultural and Human Sciences","","False","1","19","#E69F00","False",""
"mbgoshe","Michael Goshe","College of Agriculture and Life Sciences","Molecular and Structural Biochemistry","","False","3","46","#E69F00","False",""
"jryu","Jong Eun Ryu","College of Engineering","Mechanical and Aerospace Engineering","","False","8","89","#0072B2","False",""
"cjohns28","Corey Johnson","College of Natural Resources","Parks, Recreation and Tourism Management","","False","2","92","#9B59B6","False",""
"fjlouws","Frank Louws","College of Agriculture and Life Sciences","Horticultural Science","","False","6","89","#E69F00","False",""
"jlgage","Joseph Gage","College of Agriculture and Life Sciences","Crop and Soil Sciences","","False","2","24","#E69F00","False",""
"aaiyyer","Anantha Aiyyer","College of Sciences","Marine, Earth, and Atmospheric Sciences","","False","1","44","#009E73","False",""
"jdbloom","Dara Bloom","College of Agriculture and Life Sciences","Agricultural and Human Sciences","","False","1","26","#E69F00","False",""
"smlukic","Srdjan Lukic","College of Engineering","Electrical and Computer Engineering","","False","5","107","#0072B2","False",""
"ekautz","Elizabeth Kautz","College of Engineering","Nuclear Engineering","","False","2","87","#0072B2","False",""
"pflynn","Patrick Flynn","Poole College of Management","Management, Innovation and Entrepreneurship","","False","1","8","#F0E442","False",""
"aclark","Aaron Clark","College of Education","Science, Technology, Engineering, & Mathematics Education","","False","1","12","#D55E00","False",""
"baquroll","Barbara Qurollo","College of Veterinary Medicine","Clinical Sciences","","False","3","48","#56B4E9","False",""
"gflist","George List","College of Engineering","Civil, Construction and Environmental Engineering","","False","2","65","#0072B2","False",""
"rparaju","Rajan Parajuli","College of Natural Resources","Forestry and Environmental Resources","","False","2","75","#9B59B6","False",""
"vlindsa","Vincent Lindsay","College of Sciences","Chemistry","","False","1","51","#009E73","False",""
"jcallair","Jason Allaire","College of Humanities and Social Sciences","Psychology","","False","2","54","#CC79A7","False",""
"muse","Spencer Muse","College of Sciences","Statistics","","False","1","12","#009E73","False",""
"mgonza22","Maru Gonzalez","College of Agriculture and Life Sciences","Agricultural and Human Sciences","","False","1","21","#E69F00","False",""
"tghosh","Tushar Ghosh","Wilson College of Textiles","Textile Engineering, Chemistry and Science","","False","3","51","#1ABC9C","False",""
"amgrunde","Amy Grunden","College of Agriculture and Life Sciences","North Carolina Agricultural Research Service","","False","4","60","#E69F00","False",""
"pflaleic","Frederik Laleicke","College of Natural Resources","Forest Biomaterials","","False","1","9","#9B59B6","False",""
"jrzink","Jim Zink","College of Humanities and Social Sciences","Political Science & Public Administration [in the School of Public and International Affairs]","","False","1","11","#CC79A7","False",""
"jgpierce","Joshua Pierce","College of Sciences","Chemistry","","False","8","71","#009E73","False",""
"mmuller2","Marie Muller","College of Engineering","Mechanical and Aerospace Engineering","","False","2","51","#0072B2","False",""
"vikasper","Verena Kasper-Marienberg","College of Humanities and Social Sciences","History","","False","1","10","#CC79A7","False",""
"ksbunds","Kyle Bunds","College of Natural Resources","Parks, Recreation and Tourism Management","","False","8","51","#9B59B6","False",""
"wjasper","Warren Jasper","Wilson College of Textiles","Textile Engineering, Chemistry and Science","","False","3","33","#1ABC9C","False",""
"raflinch","Russell Flinchum","College of Design","Graphic Design & Industrial Design","","False","1","1","#E74C3C","False",""
"msuh2","Minyoung Suh","Wilson College of Textiles","Textile and Apparel, Technology and Management","","False","2","28","#1ABC9C","False",""
"bwhipker","Brian Whipker","College of Agriculture and Life Sciences","Horticultural Science","","False","2","62","#E69F00","False",""
"tjhorn","Tim Horn","College of Engineering","Mechanical and Aerospace Engineering","","False","2","56","#0072B2","False",""
"slin23","Shih-Chun Lin","College of Engineering","Electrical and Computer Engineering","","False","5","60","#0072B2","False",""
"bwbeeler","Benjamin Beeler","College of Engineering","Nuclear Engineering","","False","3","63","#0072B2","False",""
"jwb","John Baugh","College of Engineering","Civil, Construction and Environmental Engineering","","False","3","27","#0072B2","False",""
"misra","Kailash Misra","College of Sciences","Mathematics","","False","2","40","#009E73","False",""
"liclarke","Laura Clarke","College of Sciences","Physics","","False","3","37","#009E73","False",""
"kaharfou","Khaled Abdel Harfoush","College of Engineering","Computer Science","","False","2","20","#0072B2","False",""
"imali","Ivana Mali","College of Natural Resources","Forestry and Environmental Resources","","False","2","33","#9B59B6","False",""
"mjscott3","Maxwell Scott","College of Agriculture and Life Sciences","Entomology and Plant Pathology","","False","4","82","#E69F00","False",""
"sgaddam4","Shobhan Gaddameedhi","College of Sciences","Biological Sciences","","False","2","52","#009E73","False",""
"lmneal2","Luke Neal","College of Engineering","Chemical and Biomolecular Engineering","","False","2","49","#0072B2","False",""
"mkatti","Madhusudan Katti","College of Humanities and Social Sciences","Interdisciplinary Studies","","False","3","41","#CC79A7","False",""
"bspace","Brian Space","College of Sciences","Chemistry","","False","9","131","#009E73","False",""
"jbtracy","Joseph Tracy","College of Engineering","Materials Science and Engineering","","False","8","88","#0072B2","False",""
"johata","Jun Ohata","College of Sciences","Chemistry","","False","2","46","#009E73","False",""
"avsaveli","Alexei Saveliev","College of Engineering","Mechanical and Aerospace Engineering","","False","1","45","#0072B2","False",""
"amknowl3","Anna Gibson","College of Humanities and Social Sciences","English","","False","1","6","#CC79A7","False",""
"choyo","Cathrine Hoyo","College of Sciences","Biological Sciences","","False","7","153","#009E73","False",""
"eadenhar","Emiel Den Hartog","Wilson College of Textiles","Textile Engineering, Chemistry and Science","","False","7","71","#1ABC9C","False",""
"jeapen","Jacob Eapen","College of Engineering","Nuclear Engineering","","False","2","30","#0072B2","False",""
"ctfriend","Craig Friend","College of Humanities and Social Sciences","History","","False","1","7","#CC79A7","False",""
"celeprev","Catherine LePrevost","College of Agriculture and Life Sciences","Applied Ecology","","False","4","45","#E69F00","False",""
"jahoppin","Jane Hoppin","College of Sciences","Biological Sciences","","False","8","205","#009E73","False",""
"ahjhala","Arnav Jhala","College of Engineering","Computer Science","","False","2","42","#0072B2","False",""
"jpwang","Jack Wang","College of Natural Resources","Forestry and Environmental Resources","","False","2","54","#9B59B6","False",""
"hhuang11","He Huang","College of Engineering","Biomedical Engineering","","False","12","216","#0072B2","False",""
"lmgonza4","Liara Gonzalez","College of Veterinary Medicine","Clinical Sciences","","False","8","48","#56B4E9","False",""
"hmitaso","Helena Mitasova","College of Sciences","Marine, Earth, and Atmospheric Sciences","","False","1","95","#009E73","False",""
"mmfarazm","Mohammad Farazmand","College of Sciences","Mathematics","","False","6","44","#009E73","False",""
"yxu11","Yingjiao Xu","Wilson College of Textiles","Textile and Apparel, Technology and Management","","False","3","52","#1ABC9C","False",""
"hshuang","Hsiao-Ying Shadow Huang","College of Engineering","Mechanical and Aerospace Engineering","","False","5","56","#0072B2","False",""
"klmarti3","Katie Martin","College of Natural Resources","Forestry and Environmental Resources","","False","1","30","#9B59B6","False",""
"cheil","Caiti Heil","College of Sciences","Biological Sciences","","False","3","30","#009E73","False",""
"wtang8","Wenyuan Tang","College of Engineering","Electrical and Computer Engineering","","False","2","40","#0072B2","False",""
"dxlascel","Duncan Lascelles","College of Veterinary Medicine","Clinical Sciences","","False","15","226","#56B4E9","False",""
"mbreen3","Matthew Breen","College of Veterinary Medicine","Molecular Biomedical Sciences","","False","6","123","#56B4E9","False",""
"mvjoseph","Michael Joseph","College of Agriculture and Life Sciences","Prestage Department of Poultry Science","","False","3","25","#E69F00","False",""
"megruen","Margaret Gruen","College of Veterinary Medicine","Clinical Sciences","","False","5","97","#56B4E9","False",""
"ktate","Kathryn Stevenson","College of Natural Resources","Parks, Recreation and Tourism Management","","False","7","75","#9B59B6","False",""
"lubkin","Sharon Lubkin","College of Sciences","Mathematics","","False","1","32","#009E73","False",""
"hmhassan","Hosni Hassan","College of Agriculture and Life Sciences","Prestage Department of Poultry Science","","False","3","34","#E69F00","False",""
"kakosenk","Kama Kosenko","College of Humanities and Social Sciences","Communication","","False","1","30","#CC79A7","False",""
"ihusain2","Iqbal Husain","College of Engineering","Electrical and Computer Engineering","","False","22","200","#0072B2","False",""
"rgfranks","Robert Franks","College of Agriculture and Life Sciences","Plant and Microbial Biology","","False","1","34","#E69F00","False",""
"mtseifri","Martin Seifrid","College of Engineering","Materials Science and Engineering","","False","6","51","#0072B2","False",""
"jfbrazel","Joseph Brazel","Poole College of Management","Accounting","","False","1","18","#F0E442","False",""
"xshen5","Xipeng Shen","College of Engineering","Computer Science","","False","13","160","#0072B2","False",""
"syang24","Shu Yang","College of Sciences","Statistics","","False","5","91","#009E73","False",""
"mpairis","Monique Pairis-Garcia","College of Veterinary Medicine","Population Health and Pathobiology","","False","8","78","#56B4E9","False",""
"dasalvi","Deepti Salvi","College of Agriculture and Life Sciences","Food, Bioprocessing, and Nutrition Sciences","","False","4","50","#E69F00","False",""
"kgarcia2","Kevin Garcia","College of Agriculture and Life Sciences","Crop and Soil Sciences","","False","2","67","#E69F00","False",""
"jzhan256","Jing Zhang","College of Agriculture and Life Sciences","Horticultural Science","","False","5","28","#E69F00","False",""
"pferket","Peter Ferket","College of Agriculture and Life Sciences","Prestage Department of Poultry Science","","False","5","80","#E69F00","False",""
"ahross","Ann Ross","College of Sciences","Biological Sciences","","False","5","78","#009E73","False",""
"ekyoungs","Elsa Youngsteadt","College of Agriculture and Life Sciences","Applied Ecology","","False","4","45","#E69F00","False",""
"zqu5","Zhen Qu","College of Sciences","Marine, Earth, and Atmospheric Sciences","","False","1","36","#009E73","False",""
"ajbandod","Amay Bandodkar","College of Engineering","Electrical and Computer Engineering","","False","5","83","#0072B2","False",""
"gspowel2","Gareth Powell","College of Agriculture and Life Sciences","Entomology and Plant Pathology","","False","3","49","#E69F00","False",""
"mgpapich","Mark Papich","College of Veterinary Medicine","Molecular Biomedical Sciences","","False","13","247","#56B4E9","False",""
"ahk","Hamid Krim","College of Engineering","Electrical and Computer Engineering","","False","8","135","#0072B2","False",""
"memayorg","Maria Mayorga","College of Engineering","Engineering Research","","False","7","85","#0072B2","False",""
"dfarfur","Dima Farfurnik","College of Engineering","Electrical and Computer Engineering","","False","4","24","#0072B2","False",""
"smbelch2","Scott Belcher","College of Sciences","Biological Sciences","","False","5","69","#009E73","False",""
"alchen","Yuang Sung Chen","Poole College of Management","Accounting","","False","1","4","#F0E442","False",""
"ikalnin","Ilze Kalnina","Poole College of Management","Economics","","False","1","8","#F0E442","False",""
"menomot","Masataka Enomoto","College of Veterinary Medicine","Clinical Sciences","","False","1","27","#56B4E9","False",""
"pabroyle","Paul Broyles","College of Humanities and Social Sciences","English","","False","1","3","#CC79A7","False",""
"tdpark","Travis Park","College of Agriculture and Life Sciences","Agricultural and Human Sciences","","False","1","6","#E69F00","False",""
"kemahony","Kristen Mahony-Atallah","College of Humanities and Social Sciences","Psychology","","False","1","8","#CC79A7","False",""
"hzheng23","Haotian Zheng","College of Agriculture and Life Sciences","Food, Bioprocessing, and Nutrition Sciences","","False","1","39","#E69F00","False",""
"sbshah3","Sanjay Shah","College of Agriculture and Life Sciences","Biological and Agricultural Engineering","","False","3","54","#E69F00","False",""
"kmmurph1","Kathryn Murphy","College of Veterinary Medicine","Clinical Sciences","","False","1","11","#56B4E9","False",""
"tsmorril","Thayer Morrill","Poole College of Management","Economics","","False","2","24","#F0E442","False",""
"jonr","Jonathan Schultheis","College of Agriculture and Life Sciences","Horticultural Science","","False","5","61","#E69F00","False",""
"rllongla","Richard Longland","College of Sciences","Physics","","False","1","72","#009E73","False",""
"mmkinley","Maya Kinley-Hanlon","College of Sciences","Physics","","False","12","92","#009E73","False",""
"rjanaki","Ram Janakiraman","Poole College of Management","Marketing","","False","4","29","#F0E442","False",""
"alietz","Amanda Lietz","College of Engineering","Nuclear Engineering","","False","1","23","#0072B2","False",""
"claplan","Caroline Laplante","College of Veterinary Medicine","Molecular Biomedical Sciences","","False","1","20","#56B4E9","False",""
"xwang97","Xiaoqiu Wang","College of Agriculture and Life Sciences","Animal Science","","False","4","52","#E69F00","False",""
"flaggne","Florian Laggner","College of Engineering","Nuclear Engineering","","False","8","92","#0072B2","False",""
"mroe","R  Michael Roe","College of Agriculture and Life Sciences","Entomology and Plant Pathology","","False","4","75","#E69F00","False",""
"xli24","Xu Li","College of Agriculture and Life Sciences","Plant and Microbial Biology","","False","3","38","#E69F00","False",""
"kwagone","Kasey Wagoner","College of Sciences","Physics","","False","1","18","#009E73","False",""
"classen","John Classen","College of Agriculture and Life Sciences","Biological and Agricultural Engineering","","False","3","40","#E69F00","False",""
"dlaylor","David Aylor","College of Sciences","Biological Sciences","","False","2","35","#009E73","False",""
"amlocke2","Anna Locke","College of Agriculture and Life Sciences","Crop and Soil Sciences","","False","2","35","#E69F00","False",""
"kzhou22","Kaixiong Zhou","College of Engineering","Electrical and Computer Engineering","","False","3","39","#0072B2","False",""
"rychirko","Rada Chirkova","College of Engineering","Computer Science","","False","3","35","#0072B2","False",""
"blkirkma","Bradley Kirkman","Poole College of Management","Management, Innovation and Entrepreneurship","","False","3","76","#F0E442","False",""
"carendt","Carli Arendt","College of Sciences","Marine, Earth, and Atmospheric Sciences","","False","2","31","#009E73","False",""
"jher","Jiwoong Her","College of Veterinary Medicine","Clinical Sciences","","False","1","35","#56B4E9","False",""
"jducoste","Joel Ducoste","College of Engineering","Engineering Research","","False","8","93","#0072B2","False",""
"kanderso","Kenneth Anderson","College of Agriculture and Life Sciences","Prestage Department of Poultry Science","","False","4","107","#E69F00","False",""
"sheber","Steffen Heber","College of Engineering","Computer Science","","False","2","24","#0072B2","False",""
"wjiang8","Wen Jiang","College of Engineering","Nuclear Engineering","","False","5","67","#0072B2","False",""
"ddreisig","Dominic Reisig","College of Agriculture and Life Sciences","Entomology and Plant Pathology","","False","12","186","#E69F00","False",""
"gabr","Mohammed Gabr","College of Engineering","Civil, Construction and Environmental Engineering","","False","6","124","#0072B2","False",""
"awhitfi","Anna Whitfield","College of Agriculture and Life Sciences","Entomology and Plant Pathology","","False","3","110","#E69F00","False",""
"arescobe","Adolfo Escobedo","College of Engineering","Edward P. Fitts Department of Industrial & Systems Engineering","","False","1","22","#0072B2","False",""
"bmmorten","Brina Montoya","College of Engineering","Civil, Construction and Environmental Engineering","","False","3","105","#0072B2","False",""
"csgalik","Christopher Galik","College of Humanities and Social Sciences","Political Science & Public Administration [in the School of Public and International Affairs]","","False","6","42","#CC79A7","False",""
"eaison","Elon Ison","College of Sciences","Chemistry","","False","4","49","#009E73","False",""
"dknazov","David Knazovicky","College of Veterinary Medicine","Clinical Sciences","","False","1","17","#56B4E9","False",""
"mastanko","Michael Stanko","Poole College of Management","Marketing","","False","2","17","#F0E442","False",""
"oargell","Orlando Arguello-Miranda","College of Agriculture and Life Sciences","Plant and Microbial Biology","","False","1","21","#E69F00","False",""
"tghashg","Troy Ghashghaei","College of Veterinary Medicine","Molecular Biomedical Sciences","","False","4","45","#56B4E9","False",""
"mmpop","Margareta Thomson","College of Education","Teacher Education and Learning Sciences","","False","1","28","#D55E00","False",""
"krmunana","Karen Munana","College of Veterinary Medicine","Clinical Sciences","","False","4","69","#56B4E9","False",""
"arumyan","Artem Rumyantsev","College of Engineering","Chemical and Biomolecular Engineering","","False","4","45","#0072B2","False",""
"sdneuper","Shevaun Neupert","College of Humanities and Social Sciences","Psychology","","False","7","105","#CC79A7","False",""
"vskokov","Vladimir Skokov","College of Sciences","Physics","","False","15","222","#009E73","False",""
"martinjd","James Martin","College of Sciences","Chemistry","","False","2","46","#009E73","False",""
"jlsnowde","Joy Little","College of Sciences","Biological Sciences","","False","1","16","#009E73","False",""
"lvschnab","Lauren Schnabel","College of Veterinary Medicine","Clinical Sciences","","False","5","102","#56B4E9","False",""
"udur","Umut Dur","Poole College of Management","Economics","","False","2","33","#F0E442","False",""
"skrish16","Srinivasan Krishnamurthy","Poole College of Management","Finance","","False","1","10","#F0E442","False",""
"jboninf","Juliana Bonin Ferreira","College of Veterinary Medicine","Population Health and Pathobiology","","False","2","7","#56B4E9","False",""
"jsbaker4","Justin Baker","College of Natural Resources","Forestry and Environmental Resources","","False","3","84","#9B59B6","False",""
"jpkerns","James Kerns","College of Agriculture and Life Sciences","Entomology and Plant Pathology","","False","1","47","#E69F00","False",""
"peaveret","Paige Averett","College of Humanities and Social Sciences","Social Work","","False","6","53","#CC79A7","False",""
"twprice","Thomas Price","College of Engineering","Computer Science","","False","5","56","#0072B2","False",""
"xilin","Lin Xi","College of Agriculture and Life Sciences","Animal Science","","False","11","121","#E69F00","False",""
"jastern","Joshua Stern","College of Veterinary Medicine","College of Veterinary Medicine Administration","","False","7","149","#56B4E9","False",""
"jwalgenb","James Walgenbach","College of Agriculture and Life Sciences","Entomology and Plant Pathology","","False","4","47","#E69F00","False",""
"mkpeed","Katie Sheats","College of Veterinary Medicine","College of Veterinary Medicine Administration","","False","2","42","#56B4E9","False",""
"mlardons","Marcelo Ardon","College of Natural Resources","Forestry and Environmental Resources","","False","1","67","#9B59B6","False",""
"wgao5","Wei Gao","Wilson College of Textiles","Textile Engineering, Chemistry and Science","","False","8","63","#1ABC9C","False",""
"hzhou","Huiyang Zhou","College of Engineering","Electrical and Computer Engineering","","False","3","86","#0072B2","False",""
"anadkins","Amy Adkins","College of Engineering","Biomedical Engineering","","False","2","7","#0072B2","False",""
"mddickey","Michael Dickey","College of Engineering","Chemical and Biomolecular Engineering","","False","24","320","#0072B2","False",""
"tjpandol","Tamara Pandolfo","College of Natural Resources","Forestry and Environmental Resources","","False","1","13","#9B59B6","False",""
"fmeille","Flora Meilleur","College of Agriculture and Life Sciences","Molecular and Structural Biochemistry","","False","5","90","#E69F00","False",""
"ardequei","Anderson de Queiroz","College of Engineering","Civil, Construction and Environmental Engineering","","False","5","64","#0072B2","False",""
"dcdorman","David Dorman","College of Veterinary Medicine","Molecular Biomedical Sciences","","False","11","91","#56B4E9","False",""
"wlu4","Wenbin Lu","College of Sciences","Statistics","","False","7","111","#009E73","False",""
"caharms","Craig Harms","College of Veterinary Medicine","Clinical Sciences","","False","6","147","#56B4E9","False",""
"svincent","Steven Vincent","College of Humanities and Social Sciences","History","","False","3","29","#CC79A7","False",""
"fwu","Fen Wu","College of Engineering","Mechanical and Aerospace Engineering","","False","11","137","#0072B2","False",""
"awmeade","Adam Meade","College of Humanities and Social Sciences","Psychology","","False","2","50","#CC79A7","False",""
"cdsteve3","Clint Stevenson","College of Agriculture and Life Sciences","Food, Bioprocessing, and Nutrition Sciences","","False","2","10","#E69F00","False",""
"pdsicili","Paul Siciliano","College of Agriculture and Life Sciences","Animal Science","","False","6","42","#E69F00","False",""
"agorny","Adrienne Gorny","College of Agriculture and Life Sciences","Entomology and Plant Pathology","","False","2","30","#E69F00","False",""
"zsbrown2","Zachary Brown","College of Agriculture and Life Sciences","Agricultural and Resource Economics","","False","4","45","#E69F00","False",""
"mayousse","Mohamed Youssef","College of Agriculture and Life Sciences","Biological and Agricultural Engineering","","False","5","72","#E69F00","False",""
"rpatters","Robert Patterson","College of Agriculture and Life Sciences","Crop and Soil Sciences","","False","1","4","#E69F00","False",""
"lkbradle","Lucy Bradley","College of Agriculture and Life Sciences","Horticultural Science","","False","2","18","#E69F00","False",""
"aamassi","Aram Amassian","College of Engineering","Materials Science and Engineering","","False","7","78","#0072B2","False",""
"msolufse","Mette Olufsen","College of Sciences","Mathematics","","False","4","73","#009E73","False",""
"qyxiang","Qiuyun Xiang","College of Agriculture and Life Sciences","Plant and Microbial Biology","","False","4","78","#E69F00","False",""
"akrings","Alexander Krings","College of Agriculture and Life Sciences","Plant and Microbial Biology","","False","1","27","#E69F00","False",""
"dlgray2","DeLeon Gray","College of Education","Teacher Education and Learning Sciences","","False","3","26","#D55E00","False",""
"mabolha","Milad Abolhasani","College of Engineering","Chemical and Biomolecular Engineering","","False","8","119","#0072B2","False",""
"jcolehu","Jacqueline Cole","College of Engineering","Biomedical Engineering","","False","1","41","#0072B2","False",""
"yliu292","Yin Liu","College of Engineering","Materials Science and Engineering","","False","2","43","#0072B2","False",""
"bwkeene","Bruce Keene","College of Veterinary Medicine","Clinical Sciences","","False","5","72","#56B4E9","False",""
"jimielke","Jeffrey Mielke","College of Humanities and Social Sciences","English","","False","3","45","#CC79A7","False",""
"mahaider","Mansoor Haider","College of Sciences","Mathematics","","False","1","35","#009E73","False",""
"dbmorais","Duarte Morais","College of Natural Resources","Parks, Recreation and Tourism Management","","False","3","43","#9B59B6","False",""
"ejjasels","Edward Jaselskis","College of Engineering","Civil, Construction and Environmental Engineering","","False","3","56","#0072B2","False",""
"mnguddat","Murthy Guddati","College of Engineering","Civil, Construction and Environmental Engineering","","False","3","76","#0072B2","False",""
"mrojasp","Marcela Pierce","College of Agriculture and Life Sciences","Plant and Microbial Biology","","False","1","27","#E69F00","False",""
"mhreiski","Michael Reiskind","College of Agriculture and Life Sciences","Entomology and Plant Pathology","","False","4","76","#E69F00","False",""
"jrbochin","Jason Bochinski","College of Sciences","Physics","","False","3","24","#009E73","False",""
"wahoffma","William Hoffmann","College of Agriculture and Life Sciences","Plant and Microbial Biology","","False","7","84","#E69F00","False",""
"gmachad","Gustavo Machado","College of Veterinary Medicine","Population Health and Pathobiology","","False","23","193","#56B4E9","False",""
"ntdinh","Nam Dinh","College of Engineering","Nuclear Engineering","","False","3","81","#0072B2","False",""
"desaloni","Daniel Saloni","College of Natural Resources","Forest Biomaterials","","False","1","51","#9B59B6","False",""
"prhess","Paul Hess","College of Veterinary Medicine","Clinical Sciences","","False","3","36","#56B4E9","False",""
"sscmjv","Michael Vepraskas","College of Agriculture and Life Sciences","Crop and Soil Sciences","","False","1","38","#E69F00","False",""
"wditto","William Ditto","College of Sciences","Physics","","False","7","87","#009E73","False",""
"iguvenc","Ismail Guvenc","College of Engineering","Electrical and Computer Engineering","","False","10","154","#0072B2","False",""
"knappe","Detlef Knappe","College of Engineering","Civil, Construction and Environmental Engineering","","False","2","99","#0072B2","False",""
"sdfrank","Steven Frank","College of Agriculture and Life Sciences","Entomology and Plant Pathology","","False","5","72","#E69F00","False",""
"thomas","Melvin Thomas","College of Humanities and Social Sciences","Sociology and Anthropology","","False","3","15","#CC79A7","False",""
"mtnance","Mark Nance","College of Humanities and Social Sciences","Political Science & Public Administration [in the School of Public and International Affairs]","","False","4","11","#CC79A7","False",""
"dhsuchof","David Suchoff","College of Agriculture and Life Sciences","Crop and Soil Sciences","","False","1","41","#E69F00","False",""
"fang","Shu-Cherng Fang","College of Engineering","Edward P. Fitts Department of Industrial & Systems Engineering","","False","11","142","#0072B2","False",""
"muth","John Muth","College of Engineering","Electrical and Computer Engineering","","False","5","72","#0072B2","False",""
"rgolub","Robert Golub","College of Sciences","Physics","","False","1","28","#009E73","False",""
"yhe29","Yingchen He","College of Humanities and Social Sciences","Psychology","","False","1","21","#CC79A7","False",""
"zholmes","Zakiya Leggett","College of Natural Resources","Forestry and Environmental Resources","","False","1","38","#9B59B6","False",""
"blhughes","Brian Hughes","College of Engineering","Electrical and Computer Engineering","","False","1","22","#0072B2","False",""
"akhater","Akram Khater","College of Humanities and Social Sciences","Khayrallah Center for Lebanese Diaspora Studies ","","False","3","16","#CC79A7","False",""
"lmquesad","Lina Quesada","College of Agriculture and Life Sciences","Entomology and Plant Pathology","","False","5","98","#E69F00","False",""
"baran","Mesut Baran","College of Engineering","Electrical and Computer Engineering","","False","3","59","#0072B2","False",""
"kim","Youngsoo Kim","College of Engineering","Civil, Construction and Environmental Engineering","","False","12","187","#0072B2","False",""
"zguo32","Zhishan Guo","College of Engineering","Computer Science","","False","11","127","#0072B2","False",""
"dshamil3","Douglas Hamilton","College of Sciences","Marine, Earth, and Atmospheric Sciences","","False","1","87","#009E73","False",""
"mdamori","Marcelo D'Amorim","College of Engineering","Computer Science","","False","4","55","#0072B2","False",""
"tckraft","Tim Kraft","Poole College of Management","Information Technology, Analytics, & Operations","","False","1","15","#F0E442","False",""
"cdavis24","Catherine Davis","College of Sciences","Marine, Earth, and Atmospheric Sciences","","False","5","36","#009E73","False",""
"emzechma","Emily Berglund","College of Engineering","Civil, Construction and Environmental Engineering","","False","7","167","#0072B2","False",""
"sjcarrie","Sarah Carrier","College of Education","Teacher Education and Learning Sciences","","False","4","44","#D55E00","False",""
"cahintz","Cassie Castorena","College of Engineering","Civil, Construction and Environmental Engineering","","False","7","88","#0072B2","False",""
"aharris5","Angela Harris","College of Engineering","Civil, Construction and Environmental Engineering","","False","1","41","#0072B2","False",""
"dsihi","Debjani Sihi","College of Agriculture and Life Sciences","Plant and Microbial Biology","","False","2","48","#E69F00","False",""
"hfell","Harrison Fell","College of Agriculture and Life Sciences","Agricultural and Resource Economics","","False","3","31","#E69F00","False",""
"jing","Naihuan Jing","College of Sciences","Mathematics","","False","9","203","#009E73","False",""
"kemccool","Katie McCool","College of Veterinary Medicine","Clinical Sciences","","False","1","8","#56B4E9","False",""
"jwstalli","Jonathan Stallrich","College of Sciences","Statistics","","False","3","41","#009E73","False",""
"kbadler","Kenneth Adler","College of Veterinary Medicine","Molecular Biomedical Sciences","","False","1","49","#56B4E9","False",""
"egnichol","Elizabeth Nichols","College of Natural Resources","Forestry and Environmental Resources","","False","1","34","#9B59B6","False",""
"terteme","Tugce Ertem Eray","College of Humanities and Social Sciences","Communication","","False","1","23","#CC79A7","False",""
"clmarian","Christopher Mariani","College of Veterinary Medicine","Clinical Sciences","","False","3","67","#56B4E9","False",""
"aihawari","Ayman Hawari","College of Engineering","Nuclear Engineering","","False","5","64","#0072B2","False",""
"zikry","Mohammed Zikry","College of Engineering","Mechanical and Aerospace Engineering","","False","7","180","#0072B2","False",""
"crcongre","Curtis Congreve","College of Sciences","Marine, Earth, and Atmospheric Sciences","","False","3","27","#009E73","False",""
"crosslnd","Cathy Crossland","College of Education","Teacher Education and Learning Sciences","","False","1","2","#D55E00","False",""
"klhepwor","Kate Hepworth","College of Veterinary Medicine","Clinical Sciences","","False","1","35","#56B4E9","False",""
"rriehn","Robert Riehn","College of Sciences","Physics","","False","2","53","#009E73","False",""
"tjmenzie","Timothy Menzies","College of Engineering","Computer Science","","False","10","172","#0072B2","False",""
"whenck","William Enck","College of Engineering","Computer Science","","False","1","46","#0072B2","False",""
"rcollaz","Ramon Collazo","College of Engineering","Materials Science and Engineering","","False","15","225","#0072B2","False",""
"jpknelle","James Kneller","College of Sciences","Physics","","False","5","60","#009E73","False",""
"mliu10","Ming Liu","College of Engineering","Biomedical Engineering","","False","3","44","#0072B2","False",""
"lvbociu","Lorena Bociu","College of Sciences","Mathematics","","False","1","38","#009E73","False",""
"pdswartz","Paul Swartz","College of Agriculture and Life Sciences","Molecular and Structural Biochemistry","","False","2","25","#E69F00","False",""
"mwnolan","Michael Nolan","College of Veterinary Medicine","Clinical Sciences","","False","6","74","#56B4E9","False",""
"wpetry","Will Petry","College of Agriculture and Life Sciences","Plant and Microbial Biology","","False","3","23","#E69F00","False",""
"gkennedy","George Kennedy","College of Agriculture and Life Sciences","Entomology and Plant Pathology","","False","4","89","#E69F00","False",""
"clbird2","Carolyn Bird","College of Agriculture and Life Sciences","Agricultural and Human Sciences","","False","1","6","#E69F00","False",""
"flowers","William Flowers","College of Agriculture and Life Sciences","Animal Science","","False","3","39","#E69F00","False",""
"bourham","Mohamed Bourham","College of Engineering","Nuclear Engineering","","False","6","100","#0072B2","False",""
"ktrayman","Kasie Raymann","College of Agriculture and Life Sciences","Plant and Microbial Biology","","False","3","25","#E69F00","False",""
"yzhan296","Yang Zhang","Wilson College of Textiles","Textile Engineering, Chemistry and Science","","False","8","54","#1ABC9C","False",""
"kwwegman","Karl Wegmann","College of Sciences","Marine, Earth, and Atmospheric Sciences","","False","10","90","#009E73","False",""
"stsynkov","Semyon Tsynkov","College of Sciences","Mathematics","","False","11","86","#009E73","False",""
"dxu27","Dongkuan Xu","College of Engineering","Computer Science","","False","2","37","#0072B2","False",""
"bolonyai","Agnes Bolonyai","College of Humanities and Social Sciences","English","","False","1","8","#CC79A7","False",""
"nmeskhi","Nicholas Meskhidze","College of Sciences","Marine, Earth, and Atmospheric Sciences","","False","3","63","#009E73","False",""
"cebarbie","Carla Barbieri","College of Natural Resources","Parks, Recreation and Tourism Management","","False","2","68","#9B59B6","False",""
"yzhou19","Amanda Zhou","College of Sciences","Biological Sciences","","False","9","72","#009E73","False",""
"xfang3","Xiaomeng Fang","Wilson College of Textiles","Textile Engineering, Chemistry and Science","","False","2","29","#1ABC9C","False",""
"tvyoung","Tamara Young","College of Education","Educational Leadership, Policy, and Human Development","","False","2","11","#D55E00","False",""
"bgreaves","Brad Reaves","College of Engineering","Computer Science","","False","1","23","#0072B2","False",""
"dyanistr","Dmitriy Anistratov","College of Engineering","Nuclear Engineering","","False","3","29","#0072B2","False",""
"fgould","Fred Gould","College of Agriculture and Life Sciences","Entomology and Plant Pathology","","False","7","100","#E69F00","False",""
"jmcasper","Jonathan Casper","College of Natural Resources","Parks, Recreation and Tourism Management","","False","4","62","#9B59B6","False",""
"snassar","Sylvia Nassar","College of Education","Educational Leadership, Policy, and Human Development","","False","2","32","#D55E00","False",""
"mfbykova","Marina Bykova","College of Humanities and Social Sciences","Philosophy and Religious Studies","","False","4","76","#CC79A7","False",""
"ascafur","Alessandra Scafuro","College of Engineering","Computer Science","","False","3","23","#0072B2","False",""
"pkolar","Praveen Kolar","College of Agriculture and Life Sciences","Biological and Agricultural Engineering","","False","3","49","#E69F00","False",""
"kaharrel","Karyn Harrell","College of Veterinary Medicine","Clinical Sciences","","False","1","8","#56B4E9","False",""
"lkromo","Lynsey Romo","College of Humanities and Social Sciences","Communication","","False","3","51","#CC79A7","False",""
"kmjennin","Katherine Jennings","College of Agriculture and Life Sciences","Horticultural Science","","False","15","127","#E69F00","False",""
"kmoliver","Kevin Oliver","College of Education","Teacher Education and Learning Sciences","","False","1","30","#D55E00","False",""
"mrblanch","Meg Blanchard","College of Education","Science, Technology, Engineering, & Mathematics Education","","False","1","34","#D55E00","False",""
"moorman","Christopher Moorman","College of Natural Resources","Forestry and Environmental Resources","","False","23","177","#9B59B6","False",""
"mgorgero","Marsha Gordon","College of Humanities and Social Sciences","English","","False","1","40","#CC79A7","False",""
