"id","name","college","dept","title","is_asst","pub_year","pub_total","color","is_cfep","cfep_cluster"
"branson","Bruce Branson","Poole College of Management","Accounting","","False","1","6","#F0E442","False",""
"fyyamane","Yalcin Yamaner","College of Engineering","Electrical and Computer Engineering","","False","2","76","#0072B2","False",""
"ycheng20","Alice Cheng","College of Humanities and Social Sciences","Communication","","False","13","74","#CC79A7","False",""
"asanmig","Adriana San Miguel","College of Engineering","Chemical and Biomolecular Engineering","","False","1","55","#0072B2","False",""
"eesantis","Erik Santiso","College of Engineering","Chemical and Biomolecular Engineering","","False","1","63","#0072B2","False",""
"mkleine","Manuel Kleiner","College of Agriculture and Life Sciences","Plant and Microbial Biology","","False","6","122","#E69F00","False",""
"drpanthe","Dilip Panthee","College of Agriculture and Life Sciences","Horticultural Science","","False","4","79","#E69F00","False",""
"nrvinuez","Nelson Vinueza Benitez","Wilson College of Textiles","Textile Engineering, Chemistry and Science","","False","3","54","#1ABC9C","False",""
"rbrober2","Reade Roberts","College of Sciences","Biological Sciences","","False","3","33","#009E73","False",""
"zcang","Zixuan Cang","College of Sciences","Mathematics","","False","3","32","#009E73","False",""
"llbrongo","Lara Pacifici","College of Natural Resources","Forestry and Environmental Resources","","False","1","2","#9B59B6","False",""
"jakamins","Jessica Kaminsky","College of Engineering","Civil, Construction and Environmental Engineering","","False","11","76","#0072B2","False",""
"ccmeisne","Colten Meisner","College of Humanities and Social Sciences","Communication","","False","2","8","#CC79A7","False",""
"rwgonzal","Ronalds Gonzalez","College of Natural Resources","Forest Biomaterials","","False","12","95","#9B59B6","False",""
"fsantos2","Frederico Freitas","College of Humanities and Social Sciences","History","","False","1","17","#CC79A7","False",""
"hli73","Hui Li","College of Agriculture and Life Sciences","Crop and Soil Sciences","","False","8","23","#E69F00","False",""
"ldmcquee","LaTanya McQueen","College of Humanities and Social Sciences","English","","False","1","2","#CC79A7","False",""
"amcabasm","Ashly Cabas Mijares","College of Engineering","Civil, Construction and Environmental Engineering","","False","1","18","#0072B2","False",""
"achakra2","Aranya Chakrabortty","College of Engineering","Electrical and Computer Engineering","","False","8","196","#0072B2","False",""
"rbarker","Roger Barker","Wilson College of Textiles","Textile Engineering, Chemistry and Science","","False","7","40","#1ABC9C","False",""
"acmclaug","Anne McLaughlin","College of Humanities and Social Sciences","Psychology","","False","9","107","#CC79A7","False",""
"armoorh2","Andy Moorhead","College of Veterinary Medicine","Clinical Sciences","","False","3","52","#56B4E9","False",""
"mchi","Min Chi","College of Engineering","Computer Science","","False","6","53","#0072B2","False",""
"agopalar","Ashok Gopalarathnam","College of Engineering","Mechanical and Aerospace Engineering","","False","4","48","#0072B2","False",""
"jcao22","Jie Cao","College of Agriculture and Life Sciences","Applied Ecology","","False","3","51","#E69F00","False",""
"alkwansa","Albert Kwansa","College of Engineering","Materials Science and Engineering","","False","1","21","#0072B2","False",""
"cmaltec","Christian Maltecca","College of Agriculture and Life Sciences","Animal Science","","False","15","214","#E69F00","False",""
"frey","Chris Frey","College of Engineering","Engineering Research","","False","4","132","#0072B2","False",""
"japorter","Anne Porterfield","Wilson College of Textiles","Textile and Apparel, Technology and Management","","False","1","8","#1ABC9C","False",""
"seshelto","Sarah Shelton","College of Engineering","Biomedical Engineering","","False","4","43","#0072B2","False",""
"sksupak","Stacy Supak","College of Natural Resources","Center for Geospatial Analytics","","False","1","12","#9B59B6","False",""
"jggayles","Joy Gayles","College of Education","Educational Leadership, Policy, and Human Development","","False","1","25","#D55E00","False",""
"lester","James Lester","College of Engineering","Computer Science","","False","11","150","#0072B2","False",""
"xjiang5","Xiaoning Jiang","College of Engineering","Mechanical and Aerospace Engineering","","False","29","372","#0072B2","False",""
"kaltofen","Erich Kaltofen","College of Sciences","Mathematics","","False","2","61","#009E73","False",""
"pmperkin","Penelope Perkins-Veazie","College of Agriculture and Life Sciences","Horticultural Science","","False","4","110","#E69F00","False",""
"jbudhat","Januka Budhathoki Uprety","Wilson College of Textiles","Textile Engineering, Chemistry and Science","","False","2","38","#1ABC9C","False",""
"cflynch","Collin Lynch","College of Engineering","Computer Science","","False","6","43","#0072B2","False",""
"mjbradsh","Michael Bradshaw","College of Agriculture and Life Sciences","Entomology and Plant Pathology","","False","14","67","#E69F00","False",""
"fjliving","Frederick Livingston","College of Engineering","Edward P. Fitts Department of Industrial & Systems Engineering","","False","1","5","#0072B2","False",""
"kdgriege","Khara Grieger","College of Agriculture and Life Sciences","Applied Ecology","","False","11","76","#E69F00","False",""
"cbcoope3","Caren Cooper","College of Natural Resources","Forestry and Environmental Resources","","False","5","87","#9B59B6","False",""
"klan2","Kai Lan","College of Natural Resources","Forest Biomaterials","","False","4","47","#9B59B6","False",""
"mlila","Mary Lila","College of Agriculture and Life Sciences","Kannapolis Research","","False","11","202","#E69F00","False",""
"rgcarbon","Ruben Carbonell","College of Engineering","Golden Leaf Biomanufacturing Training and Education Center","","False","5","83","#0072B2","False",""
"cwong9","Chau-Wai Wong","College of Engineering","Electrical and Computer Engineering","","False","9","46","#0072B2","False",""
"rbordol","Rongmon Bordoloi","College of Sciences","Physics","","False","9","45","#009E73","False",""
"skoenig","Sebastian Koenig","College of Sciences","Physics","","False","4","46","#009E73","False",""
"hallen","Hans Hallen","College of Sciences","Physics","","False","2","58","#009E73","False",""
"adas8","Anupam Das","College of Engineering","Computer Science","","False","1","13","#0072B2","False",""
"jmgray2","Josh Gray","College of Natural Resources","Forestry and Environmental Resources","","False","3","47","#9B59B6","False",""
"bgilger","Brian Gilger","College of Veterinary Medicine","Clinical Sciences","","False","9","162","#56B4E9","False",""
"bbcutts","Bethany Cutts","College of Natural Resources","Parks, Recreation and Tourism Management","","False","5","55","#9B59B6","False",""
"gxu3","Guozhou Xu","College of Agriculture and Life Sciences","Molecular and Structural Biochemistry","","False","1","10","#E69F00","False",""
"lnelson3","Laura Nelson","College of Veterinary Medicine","Clinical Sciences","","False","1","7","#56B4E9","False",""
"cjdoll","Christian Doll","College of Humanities and Social Sciences","Sociology and Anthropology","","False","1","2","#CC79A7","False",""
"mdwalker","Mark Walker","Poole College of Management","Finance","","False","1","15","#F0E442","False",""
"lpal","Lokendra Pal","College of Natural Resources","Forest Biomaterials","","False","6","96","#9B59B6","False",""
"apgriesh","Andrew Grieshop","College of Engineering","Civil, Construction and Environmental Engineering","","False","9","67","#0072B2","False",""
"rlcook","Rachel Cook","College of Natural Resources","Forestry and Environmental Resources","","False","7","74","#9B59B6","False",""
"rfguerre","Rafael Guerrero","College of Sciences","Biological Sciences","","False","4","47","#009E73","False",""
"rjnaraya","Roger Narayan","College of Engineering","Biomedical Engineering","","False","18","288","#0072B2","False",""
"closburn","Chris Osburn","College of Sciences","Marine, Earth, and Atmospheric Sciences","","False","4","124","#009E73","False",""
"jkuzma","Jennifer Kuzma","College of Humanities and Social Sciences","Political Science & Public Administration [in the School of Public and International Affairs]","","False","7","85","#CC79A7","False",""
"cmtherio","Casey Theriot","College of Veterinary Medicine","Population Health and Pathobiology","","False","4","63","#56B4E9","False",""
"ryu5","Ruozhou Yu","College of Engineering","Computer Science","","False","5","63","#0072B2","False",""
"sepratt2","Shannon Phillips","College of Agriculture and Life Sciences","Animal Science","","False","1","53","#E69F00","False",""
"klebert","Kim Ebert","College of Humanities and Social Sciences","Sociology and Anthropology","","False","2","21","#CC79A7","False",""
"sozawa","Sarah Ozawa","College of Veterinary Medicine","Clinical Sciences","","False","6","33","#56B4E9","False",""
"glcomsto","Gary Comstock","College of Humanities and Social Sciences","Philosophy and Religious Studies","","False","1","42","#CC79A7","False",""
"jmgluck","Jessica Gluck","Wilson College of Textiles","Textile Engineering, Chemistry and Science","","False","6","32","#1ABC9C","False",""
"srporter","Stephen Porter","College of Education","Educational Leadership, Policy, and Human Development","","False","1","26","#D55E00","False",""
"vfscharf","Valery Scharf","College of Veterinary Medicine","Clinical Sciences","","False","7","51","#56B4E9","False",""
"oyozalti","Osman Ozaltin","College of Engineering","Edward P. Fitts Department of Industrial & Systems Engineering","","False","4","39","#0072B2","False",""
"ljunruh","Lori Unruh Snyder","College of Agriculture and Life Sciences","Crop and Soil Sciences","","False","1","10","#E69F00","False",""
"msano2","Mike Sano","College of Veterinary Medicine","Molecular Biomedical Sciences","","False","1","43","#56B4E9","False",""
"acmyers3","Amanda Mills","Wilson College of Textiles","Textile Engineering, Chemistry and Science","","False","2","27","#1ABC9C","False",""
"eekrupa","Erin Krupa","College of Education","Science, Technology, Engineering, & Mathematics Education","","False","4","31","#D55E00","False",""
"mlsikes","Michael Sikes","College of Sciences","Biological Sciences","","False","1","11","#009E73","False",""
"forestry","Joseph Roise","College of Natural Resources","Forestry and Environmental Resources","","False","2","16","#9B59B6","False",""
"mpgreen2","Matthew Green","College of Sciences","Physics","","False","10","94","#009E73","False",""
"ecdobbin","Katie Sanders","College of Agriculture and Life Sciences","Agricultural and Human Sciences","","False","7","45","#E69F00","False",""
"vpriel","Virginia Riel","College of Humanities and Social Sciences","Sociology and Anthropology","","False","1","10","#CC79A7","False",""
"clee45","Chin Ho Lee","College of Engineering","Computer Science","","False","3","20","#0072B2","False",""
"askiess","Aaron Kiess","College of Agriculture and Life Sciences","Prestage Department of Poultry Science","","False","5","23","#E69F00","False",""
"ckclinto","Carter Clinton","College of Sciences","Biological Sciences","","False","2","7","#009E73","False",""
"shu4","Shuijin Hu","College of Agriculture and Life Sciences","Entomology and Plant Pathology","","False","9","183","#E69F00","False",""
"shultz","David Shultz","College of Sciences","Chemistry","","False","3","59","#009E73","False",""
"thlabean","Thomas LaBean","College of Engineering","Materials Science and Engineering","","False","3","57","#0072B2","False",""
"fgarcia4","Fernando Garcia Menendez","College of Engineering","Civil, Construction and Environmental Engineering","","False","6","41","#0072B2","False",""
"jrfletc2","Josh Fletcher","College of Veterinary Medicine","Population Health and Pathobiology","","False","1","8","#56B4E9","False",""
"bssirota","Brent Sirota","College of Humanities and Social Sciences","History","","False","2","27","#CC79A7","False",""
"lhughes7","Lily Hughes","College of Sciences","Marine, Earth, and Atmospheric Sciences","","False","1","4","#009E73","False",""
"dlgrave2","Devon Graves","College of Education","Educational Leadership, Policy, and Human Development","","False","1","6","#D55E00","False",""
"mvramire","Melissa Ramirez","College of Sciences","Biological Sciences","","False","11","25","#009E73","False",""
"hjburges","Helen Burgess","College of Humanities and Social Sciences","English","","False","2","15","#CC79A7","False",""
"yencho","Craig Yencho","College of Agriculture and Life Sciences","Horticultural Science","","False","5","109","#E69F00","False",""
"aecarso2","Ashley Brown","College of Engineering","Biomedical Engineering","","False","9","103","#0072B2","False",""
"ssengup2","Srijan Sengupta","College of Sciences","Statistics","","False","4","31","#009E73","False",""
"bakram","Bita Akram","College of Engineering","Computer Science","","False","3","10","#0072B2","False",""
"dbeggles","David Eggleston","College of Sciences","Marine, Earth, and Atmospheric Sciences","","False","3","70","#009E73","False",""
"odvelev","Orlin Velev","College of Engineering","Chemical and Biomolecular Engineering","","False","13","202","#0072B2","False",""
"ycampbe","Yan Campbell","College of Agriculture and Life Sciences","Prestage Department of Poultry Science","","False","1","5","#E69F00","False",""
"dpapp","David Papp","College of Sciences","Mathematics","","False","4","41","#009E73","False",""
"sewill32","Bess Williamson","College of Design","Media Arts, Design and Technology","","False","3","7","#E74C3C","False",""
"jwfulle3","Jarrett Fuller","College of Design","Graphic Design & Industrial Design","","False","2","2","#E74C3C","False",""
"lmwidman","Laura Widman","College of Humanities and Social Sciences","Psychology","","False","8","102","#CC79A7","False",""
"scho3","Soolyeon Cho","College of Design","College of Design Administration","","False","1","33","#E74C3C","False",""
"svenkat4","Suresh Venkatesh","College of Engineering","Electrical and Computer Engineering","","False","5","45","#0072B2","False",""
"mwking2","Martin King","Wilson College of Textiles","Textile Engineering, Chemistry and Science","","False","6","72","#1ABC9C","False",""
"sppalmta","Scott Palmtag","College of Engineering","Nuclear Engineering","","False","1","30","#0072B2","False",""
"bnbakalo","Bojko Bakalov","College of Sciences","Mathematics","","False","1","30","#009E73","False",""
"xpeng5","Xinxia Peng","College of Veterinary Medicine","Molecular Biomedical Sciences","","False","3","60","#56B4E9","False",""
"mzhu7","Mengmeng Zhu","Wilson College of Textiles","Textile Engineering, Chemistry and Science","","False","2","14","#1ABC9C","False",""
"lawilli3","Laurie Williams","College of Engineering","Computer Science","","False","10","101","#0072B2","False",""
"mco","Mehmet Ozturk","College of Engineering","Electrical and Computer Engineering","","False","2","27","#0072B2","False",""
"jgrimes","Jesse Grimes","College of Agriculture and Life Sciences","Prestage Department of Poultry Science","","False","2","62","#E69F00","False",""
"lclove","Lydia Love","College of Veterinary Medicine","Molecular Biomedical Sciences","","False","1","18","#56B4E9","False",""
"dazonder","David Zonderman","College of Humanities and Social Sciences","History","","False","1","4","#CC79A7","False",""
"dcastel2","Ela Castellanos-Reyes","College of Education","Teacher Education and Learning Sciences","","False","3","21","#D55E00","False",""
"mhenrik","Michala de Linde Henriksen","College of Veterinary Medicine","Clinical Sciences","","False","10","57","#56B4E9","False",""
"mtang8","Minh Tang","College of Sciences","Statistics","","False","8","57","#009E73","False",""
"nbbandil","Nonoy Bandillo","College of Agriculture and Life Sciences","Crop and Soil Sciences","","False","4","47","#E69F00","False",""
"cxu24","Cheryl Xu","College of Engineering","Mechanical and Aerospace Engineering","","False","2","90","#0072B2","False",""
"fduarte","Fernanda Duarte","College of Humanities and Social Sciences","Communication","","False","1","4","#CC79A7","False",""
"jkern","Jordan Kern","College of Engineering","Edward P. Fitts Department of Industrial & Systems Engineering","","False","4","39","#0072B2","False",""
"jmalonso","Jose Alonso Bellver","College of Agriculture and Life Sciences","Plant and Microbial Biology","","False","2","72","#E69F00","False",""
"msharar","Mahmoud Sharara","College of Agriculture and Life Sciences","Biological and Agricultural Engineering","","False","5","30","#E69F00","False",""
"skrhea","Sarah Rhea","College of Veterinary Medicine","Population Health and Pathobiology","","False","5","33","#56B4E9","False",""
"jftu","Juei Tu","College of Engineering","Mechanical and Aerospace Engineering","","False","1","23","#0072B2","False",""
"franzen","Stefan Franzen","College of Sciences","Chemistry","","False","2","129","#009E73","False",""
"kjpeters","Kara Peters","College of Engineering","Engineering Research","","False","8","157","#0072B2","False",""
"mnavramo","Maria Avramova","College of Engineering","Nuclear Engineering","","False","13","85","#0072B2","False",""
"xwu27","Xu Wu","College of Engineering","Nuclear Engineering","","False","1","37","#0072B2","False",""
"bjchapma","Benjamin Chapman","College of Agriculture and Life Sciences","Agricultural and Human Sciences","","False","3","45","#E69F00","False",""
"btoconno","Brendan O'Connor","College of Engineering","Mechanical and Aerospace Engineering","","False","5","87","#0072B2","False",""
"rashirwa","Rohan Shirwaiker","College of Engineering","Edward P. Fitts Department of Industrial & Systems Engineering","","False","3","55","#0072B2","False",""
"aismirno","Alexej Smirnov","College of Sciences","Chemistry","","False","1","127","#009E73","False",""
"tdwalke2","Trevor Walker","College of Natural Resources","Forestry and Environmental Resources","","False","2","19","#9B59B6","False",""
"bwatson","Benjamin Watson","College of Engineering","Computer Science","","False","1","22","#0072B2","False",""
"tagates","Terry Gates","College of Sciences","Biological Sciences","","False","2","19","#009E73","False",""
"jhstewar","Jared Stewart-Ginsburg","College of Education","Teacher Education and Learning Sciences","","False","1","16","#D55E00","False",""
"amelsha","Ahmed El-Shafei","Wilson College of Textiles","Textile Engineering, Chemistry and Science","","False","4","134","#1ABC9C","False",""
"mrahe","Michael Rahe","College of Veterinary Medicine","Population Health and Pathobiology","","False","3","31","#56B4E9","False",""
"nwising","Nina Balke","College of Engineering","Materials Science and Engineering","","False","5","143","#0072B2","False",""
"kameikle","Kelly Meiklejohn","College of Veterinary Medicine","Population Health and Pathobiology","","False","1","46","#56B4E9","False",""
"sbigham","Sajjad Bigham","College of Engineering","Mechanical and Aerospace Engineering","","False","2","13","#0072B2","False",""
"smankad","Shawn Mankad","Poole College of Management","Information Technology, Analytics, & Operations","","False","3","17","#F0E442","False",""
"drotenb","Dorith Rotenberg","College of Agriculture and Life Sciences","Entomology and Plant Pathology","","False","4","60","#E69F00","False",""
"tnguye13","Tien Khai Nguyen","College of Sciences","Mathematics","","False","4","45","#009E73","False",""
"nsharm23","Nitin Sharma","College of Engineering","Biomedical Engineering","","False","9","125","#0072B2","False",""
"falexal","Alex Albert","College of Engineering","Civil, Construction and Environmental Engineering","","False","2","57","#0072B2","False",""
"nduquew","Natalia Duque-Wilckens","College of Sciences","Biological Sciences","","False","3","16","#009E73","False",""
"anharr25","Autumn Harris","College of Veterinary Medicine","Clinical Sciences","","False","5","43","#56B4E9","False",""
"whenck","William Enck","College of Engineering","Computer Science","","False","3","46","#0072B2","False",""
"fterzio","Fatma Terzioglu","College of Sciences","Mathematics","","False","1","3","#009E73","False",""
"shall5","Steven Hall","College of Agriculture and Life Sciences","Biological and Agricultural Engineering","","False","5","42","#E69F00","False",""
"lalucia","Lucian Lucia","College of Natural Resources","Forest Biomaterials","","False","17","313","#9B59B6","False",""
"wchang6","Wei-Chen Chang","College of Sciences","Chemistry","","False","4","76","#009E73","False",""
"sthakur","Siddhartha Thakur","College of Veterinary Medicine","Population Health and Pathobiology","","False","7","100","#56B4E9","False",""
"dvashae","Daryoosh Vashaee","College of Engineering","Electrical and Computer Engineering","","False","8","210","#0072B2","False",""
"agupta1","Abhinav Gupta","College of Engineering","Civil, Construction and Environmental Engineering","","False","5","67","#0072B2","False",""
"aalexan3","Alen Alexanderian","College of Sciences","Mathematics","","False","3","48","#009E73","False",""
"hubbe","Martin Hubbe","College of Natural Resources","Forest Biomaterials","","False","10","137","#9B59B6","False",""
"jsking5","John King","College of Natural Resources","Forestry and Environmental Resources","","False","7","102","#9B59B6","False",""
"rbarran","Rodolphe Barrangou","College of Agriculture and Life Sciences","Food, Bioprocessing, and Nutrition Sciences","","False","9","237","#E69F00","False",""
"chuang35","Joey Huang","College of Education","Teacher Education and Learning Sciences","","False","2","15","#D55E00","False",""
"njhostet","Nathan Hostetter","College of Agriculture and Life Sciences","Applied Ecology","","False","4","30","#E69F00","False",""
"asaibab","Arvind Krishna Saibaba","College of Sciences","Mathematics","","False","4","52","#009E73","False",""
"lmclaug2","Levi McLaughlin","College of Humanities and Social Sciences","Philosophy and Religious Studies","","False","2","34","#CC79A7","False",""
"bejacks2","Brian Jackson","College of Agriculture and Life Sciences","Horticultural Science","","False","6","48","#E69F00","False",""
"rsazdan","Radmila Sazdanovic","College of Sciences","Mathematics","","False","5","53","#009E73","False",""
"lwalker3","Lin Walker","College of Agriculture and Life Sciences","Prestage Department of Poultry Science","","False","1","15","#E69F00","False",""
"wgknolle","Whitney Knollenberg","College of Natural Resources","Parks, Recreation and Tourism Management","","False","8","51","#9B59B6","False",""
"cwcahoon","Charles Cahoon","College of Agriculture and Life Sciences","Crop and Soil Sciences","","False","4","35","#E69F00","False",""
"cswalke4","Christopher Walker","College of Veterinary Medicine","Molecular Biomedical Sciences","","False","3","26","#56B4E9","False",""
"aoh","Annie Oh","College of Veterinary Medicine","Clinical Sciences","","False","1","21","#56B4E9","False",""
"bwtaylo3","Brad Taylor","College of Agriculture and Life Sciences","Applied Ecology","","False","1","30","#E69F00","False",""
"mpmarti7","Meredith Martin","College of Natural Resources","Forestry and Environmental Resources","","False","1","18","#9B59B6","False",""
"kmathews","Kyle Mathews","College of Veterinary Medicine","Clinical Sciences","","False","4","66","#56B4E9","False",""
"kmcharro","Kat Charron","College of Humanities and Social Sciences","History","","False","1","8","#CC79A7","False",""
"myang26","Minliang Yang","College of Agriculture and Life Sciences","Food, Bioprocessing, and Nutrition Sciences","","False","6","27","#E69F00","False",""
"xlin35","Xingcheng Lin","College of Sciences","Physics","","False","3","56","#009E73","False",""
"astaicu","Ana-Maria Staicu","College of Sciences","Statistics","","False","2","68","#009E73","False",""
"jbelmon2","Julio Monti Belmonte","College of Sciences","Physics","","False","1","29","#009E73","False",""
"slvaden","Shelly Vaden","College of Veterinary Medicine","Clinical Sciences","","False","7","84","#56B4E9","False",""
"hcui9","Hantao Cui","College of Engineering","Electrical and Computer Engineering","","False","4","70","#0072B2","False",""
"cproulx","Caroline Proulx","College of Sciences","Chemistry","","False","3","42","#009E73","False",""
"bkgoodwi","Barry Goodwin","College of Agriculture and Life Sciences","Agricultural and Resource Economics","","False","3","76","#E69F00","False",""
"jturner9","Jen Turner","College of Veterinary Medicine","Clinical Sciences","","False","1","3","#56B4E9","False",""
"ksaul","Katherine Saul","College of Engineering","Mechanical and Aerospace Engineering","","False","3","76","#0072B2","False",""
"lsguerta","Lucie Guertault","College of Agriculture and Life Sciences","Biological and Agricultural Engineering","","False","2","25","#E69F00","False",""
"mjlewis","Melissa Lewis","College of Veterinary Medicine","Clinical Sciences","","False","4","55","#56B4E9","False",""
"rbhayes","Robert Hayes","College of Engineering","Nuclear Engineering","","False","6","61","#0072B2","False",""
"skmishra","Santosh Mishra","College of Veterinary Medicine","Molecular Biomedical Sciences","","False","1","35","#56B4E9","False",""
"tnwilli7","Tova Williams Cherry","Wilson College of Textiles","Textile Engineering, Chemistry and Science","","False","2","10","#1ABC9C","False",""
"tprange","Timo Prange","College of Veterinary Medicine","Clinical Sciences","","False","1","34","#56B4E9","False",""
"spontak","Richard Spontak","College of Engineering","Chemical and Biomolecular Engineering","","False","1","144","#0072B2","False",""
"gbyrd","Greg Byrd","College of Engineering","Electrical and Computer Engineering","","False","3","53","#0072B2","False",""
"bmrao","Balaji Rao","College of Engineering","Chemical and Biomolecular Engineering","","False","7","67","#0072B2","False",""
"mdlorenz","Marce Lorenzen","College of Agriculture and Life Sciences","Entomology and Plant Pathology","","False","1","49","#E69F00","False",""
"gwambros","Graham Ambrose","College of Humanities and Social Sciences","Political Science & Public Administration [in the School of Public and International Affairs]","","False","3","11","#CC79A7","False",""
"ksmulvey","Kelly Lynn Mulvey","College of Humanities and Social Sciences","Psychology","","False","18","138","#CC79A7","False",""
"jabruce2","Jackie Bruce","College of Agriculture and Life Sciences","Agricultural and Human Sciences","","False","1","10","#E69F00","False",""
"mbedward","Michael Edwards","College of Natural Resources","Parks, Recreation and Tourism Management","","False","2","57","#9B59B6","False",""
"rcrespo","Rocio Crespo","College of Veterinary Medicine","Population Health and Pathobiology","","False","6","64","#56B4E9","False",""
"hdwester","Hans Westermeyer","College of Veterinary Medicine","Clinical Sciences","","False","2","43","#56B4E9","False",""
"vgcarraw","Virginia Stage","College of Agriculture and Life Sciences","Agricultural and Human Sciences","","False","3","60","#E69F00","False",""
"kbchen2","Karen Chen","College of Engineering","Edward P. Fitts Department of Industrial & Systems Engineering","","False","4","46","#0072B2","False",""
"akemper","Lex Kemper","College of Sciences","College of Sciences Administration","","False","7","125","#009E73","False",""
"skim67","Sung-Ju Kim","College of Humanities and Social Sciences","Social Work","","False","3","15","#CC79A7","False",""
"scshanno","Steven Shannon","College of Engineering","Nuclear Engineering","","False","1","56","#0072B2","False",""
"arellis","Alan Ellis","College of Humanities and Social Sciences","Social Work","","False","2","72","#CC79A7","False",""
"nmatsud","Noboru Matsuda","College of Engineering","Computer Science","","False","2","34","#0072B2","False",""
"drsheehy","Donald Sheehy","College of Engineering","Computer Science","","False","1","29","#0072B2","False",""
"amikael","Aram Mikaelyan","College of Agriculture and Life Sciences","Entomology and Plant Pathology","","False","1","37","#E69F00","False",""
"erthomas","Erik Thomas","College of Humanities and Social Sciences","English","","False","1","15","#CC79A7","False",""
"cmjones6","Corey Jones","College of Sciences","Mathematics","","False","3","40","#009E73","False",""
"oaharrys","Ola Lars Harrysson","College of Engineering","Edward P. Fitts Department of Industrial & Systems Engineering","","False","1","61","#0072B2","False",""
"fldelosr","Francis de los Reyes","College of Engineering","Civil, Construction and Environmental Engineering","","False","8","93","#0072B2","False",""
"lgrace2","Landon Grace","College of Engineering","Mechanical and Aerospace Engineering","","False","3","36","#0072B2","False",""
"randers6","Robin Anderson","College of Education","Science, Technology, Engineering, & Mathematics Education","","False","1","8","#D55E00","False",""
"kamyers2","Kelly Umstead","College of Design","Graphic Design & Industrial Design","","False","3","16","#E74C3C","False",""
"cjmattin","Carolyn Mattingly","College of Sciences","Biological Sciences","","False","1","59","#009E73","False",""
"macubeta","Marc Cubeta","College of Agriculture and Life Sciences","Entomology and Plant Pathology","","False","2","64","#E69F00","False",""
"mtulbure","Mirela Tulbure","College of Natural Resources","Forestry and Environmental Resources","","False","3","55","#9B59B6","False",""
"gefernan","Gina Fernandez","College of Agriculture and Life Sciences","Horticultural Science","","False","3","48","#E69F00","False",""
"candice","Ioannis Viniotis","College of Engineering","Electrical and Computer Engineering","","False","1","23","#0072B2","False",""
"sbhatta4","Subhashish Bhattacharya","College of Engineering","Electrical and Computer Engineering","","False","26","632","#0072B2","False",""
"cdrock","Christopher Rock","College of Engineering","Edward P. Fitts Department of Industrial & Systems Engineering","","False","2","21","#0072B2","False",""
"lkhanley","Linda Hanley-Bowdoin","College of Agriculture and Life Sciences","Plant and Microbial Biology","","False","2","54","#E69F00","False",""
"ejakubi","Elena Jakubikova","College of Sciences","Chemistry","","False","5","85","#009E73","False",""
"jlswann","Julie Swann","College of Engineering","Edward P. Fitts Department of Industrial & Systems Engineering","","False","10","100","#0072B2","False",""
"jmbradl5","Justin Bradley","College of Engineering","Computer Science","","False","3","50","#0072B2","False",""
"magazdik","Michaela Gazdik Stofer","College of Sciences","Biological Sciences","","False","1","14","#009E73","False",""
"mjovano","Milena Jovanovic","College of Sciences","Chemistry","","False","6","24","#009E73","False",""
"sesuter","Steven Suter","College of Veterinary Medicine","Clinical Sciences","","False","5","52","#56B4E9","False",""
"sflim","Shuang Fang Lim","College of Sciences","Physics","","False","1","22","#009E73","False",""
"jjrice","Jacelyn Rice-Boayue","College of Engineering","Civil, Construction and Environmental Engineering","","False","1","15","#0072B2","False",""
"szgurbuz","Sevgi Gurbuz","College of Engineering","Electrical and Computer Engineering","","False","9","125","#0072B2","False",""
"mlcrowle","Martha Crowley","College of Humanities and Social Sciences","Sociology and Anthropology","","False","1","14","#CC79A7","False",""
"svalliy","Sharma Thankachan","College of Engineering","Computer Science","","False","2","8","#0072B2","False",""
"zwang94","Zhenxuan Wang","College of Agriculture and Life Sciences","Agricultural and Resource Economics","","False","2","9","#E69F00","False",""
"jhu35","Jingjie Hu","College of Engineering","Mechanical and Aerospace Engineering","","False","1","31","#0072B2","False",""
"rdewey","Ralph Dewey","College of Agriculture and Life Sciences","Crop and Soil Sciences","","False","2","37","#E69F00","False",""
"xie","Lian Xie","College of Sciences","Marine, Earth, and Atmospheric Sciences","","False","4","78","#009E73","False",""
"cgill2","Carolina Gill","College of Design","Graphic Design & Industrial Design","","False","1","3","#E74C3C","False",""
"aneilso","Andrew Neilson","College of Agriculture and Life Sciences","Kannapolis Research","","False","16","122","#E69F00","False",""
"gsseiler","Gabriela Seiler","College of Veterinary Medicine","Molecular Biomedical Sciences","","False","3","36","#56B4E9","False",""
"sdcarson","Sue Carson","College of Agriculture and Life Sciences","Plant and Microbial Biology","","False","1","19","#E69F00","False",""
"doharris","Dan Harris","College of Sciences","Statistics","","False","1","3","#009E73","False",""
"sbyun2","Sunghwan Byun","College of Education","Science, Technology, Engineering, & Mathematics Education","","False","1","11","#D55E00","False",""
"aeroglu","Abdulkerim Eroglu","College of Agriculture and Life Sciences","Kannapolis Research","","False","2","24","#E69F00","False",""
"drasmus","David Rasmussen","College of Agriculture and Life Sciences","Entomology and Plant Pathology","","False","8","57","#E69F00","False",""
"hall","Carol Hall","College of Engineering","Chemical and Biomolecular Engineering","","False","4","152","#0072B2","False",""
"iherrma","Ina Herrmann","College of Veterinary Medicine","Clinical Sciences","","False","2","20","#56B4E9","False",""
"jayscue","Jenn Ayscue","College of Education","Educational Leadership, Policy, and Human Development","","False","8","30","#D55E00","False",""
"mrodrig","Marcelo Rodriguez","College of Veterinary Medicine","Molecular Biomedical Sciences","","False","1","16","#56B4E9","False",""
"aybozkur","Alper Bozkurt","College of Engineering","Electrical and Computer Engineering","","False","10","122","#0072B2","False",""
"techekk","Tarek Echekki","College of Engineering","Mechanical and Aerospace Engineering","","False","2","72","#0072B2","False",""
"wasandov","William Sandoval","College of Education","Science, Technology, Engineering, & Mathematics Education","","False","1","33","#D55E00","False",""
"arbinder","Andy Binder","College of Humanities and Social Sciences","Communication","","False","1","25","#CC79A7","False",""
"sghosh2","Sujit Ghosh","College of Sciences","Statistics","","False","8","118","#009E73","False",""
"kesaker","Korinn Saker","College of Veterinary Medicine","College of Veterinary Medicine Administration","","False","1","15","#56B4E9","False",""
"tfang2","Tiegang Fang","College of Engineering","Mechanical and Aerospace Engineering","","False","3","163","#0072B2","False",""
"wyuan2","Wenqiao Yuan","College of Agriculture and Life Sciences","Biological and Agricultural Engineering","","False","2","73","#E69F00","False",""
"jpfaffe","Jessica Pfaffendorf","College of Humanities and Social Sciences","Sociology and Anthropology","","False","1","6","#CC79A7","False",""
"teshrive","Thomas Shriver","College of Humanities and Social Sciences","Sociology and Anthropology","","False","3","60","#CC79A7","False",""
"rrishik","Rishika Rishika","Poole College of Management","Marketing","","False","1","7","#F0E442","False",""
"kaboys","Kathryn Boys","College of Agriculture and Life Sciences","Agricultural and Resource Economics","","False","2","33","#E69F00","False",""
"blondin","John Blondin","College of Sciences","Physics","","False","1","46","#009E73","False",""
"apmazzol","Andre Mazzoleni","College of Engineering","Mechanical and Aerospace Engineering","","False","8","60","#0072B2","False",""
"raatwell","Rachel Vann","College of Agriculture and Life Sciences","Crop and Soil Sciences","","False","4","45","#E69F00","False",""
"eepowel2","Erin Powell","Poole College of Management","Management, Innovation and Entrepreneurship","","False","1","5","#F0E442","False",""
"rleon","Ramon Leon Gonzalez","College of Agriculture and Life Sciences","Crop and Soil Sciences","","False","19","170","#E69F00","False",""
"mbreiski","Martha Burford Reiskind","College of Sciences","Biological Sciences","","False","3","31","#009E73","False",""
"jbbarcen","Jose Bruno-Barcena","College of Agriculture and Life Sciences","Plant and Microbial Biology","","False","2","42","#E69F00","False",""
"rouskas","Georgios Rouskas","College of Engineering","Computer Science","","False","1","89","#0072B2","False",""
"seyuter","Sandra Yuter","College of Sciences","Marine, Earth, and Atmospheric Sciences","","False","5","71","#009E73","False",""
"xduan4","Xiaolin Duan","College of Humanities and Social Sciences","History","","False","2","5","#CC79A7","False",""
"dxie","Deyu Xie","College of Agriculture and Life Sciences","Plant and Microbial Biology","","False","8","98","#E69F00","False",""
"lrlux","LeAnn Lux","College of Agriculture and Life Sciences","Entomology and Plant Pathology","","False","1","14","#E69F00","False",""
"rrunocic","Raymond Unocic","College of Engineering","Materials Science and Engineering","","False","12","209","#0072B2","False",""
"ecrose2","Elizabeth Rose","College of Veterinary Medicine","Population Health and Pathobiology","","False","2","5","#56B4E9","False",""
"godwin","John Godwin","College of Sciences","Biological Sciences","","False","3","52","#009E73","False",""
"mlmastro","Michael Mastromauro","College of Veterinary Medicine","Clinical Sciences","","False","3","7","#56B4E9","False",""
"jabalko","Julie Balko","College of Veterinary Medicine","Molecular Biomedical Sciences","","False","5","31","#56B4E9","False",""
"kvpierce","Kursten Pierce","College of Veterinary Medicine","Clinical Sciences","","False","4","24","#56B4E9","False",""
"dcmuddim","David Muddiman","College of Sciences","Chemistry","","False","15","307","#009E73","False",""
"leung","Yu-Fai Leung","College of Natural Resources","Parks, Recreation and Tourism Management","","False","6","67","#9B59B6","False",""
"mtanigu","Masahiko Taniguchi","College of Sciences","Chemistry","","False","7","111","#009E73","False",""
"tzagenc","Tom Zagenczyk","Poole College of Management","Management, Innovation and Entrepreneurship","","False","4","65","#F0E442","False",""
"vvvolpe","Vanessa Volpe","College of Humanities and Social Sciences","Psychology","","False","11","64","#CC79A7","False",""
"jwmille7","Jonathan Miller","College of Engineering","Civil, Construction and Environmental Engineering","","False","1","5","#0072B2","False",""
"iawilli3","Ian Williamson","College of Veterinary Medicine","Molecular Biomedical Sciences","","False","2","7","#56B4E9","False",""
"jkmillha","John Millhauser","College of Humanities and Social Sciences","Sociology and Anthropology","","False","2","26","#CC79A7","False",""
"mbryant","Matthew Bryant","College of Engineering","Mechanical and Aerospace Engineering","","False","11","130","#0072B2","False",""
"ajbirken","Adam Birkenheuer","College of Veterinary Medicine","Clinical Sciences","","False","5","97","#56B4E9","False",""
"jarickab","Jay Rickabaugh","College of Humanities and Social Sciences","Political Science & Public Administration [in the School of Public and International Affairs]","","False","1","6","#CC79A7","False",""
"wlu2","Wenchang Lu","College of Sciences","Physics","","False","3","51","#009E73","False",""
"jemeitze","John Meitzen","College of Sciences","Biological Sciences","","False","1","55","#009E73","False",""
"jjpawlak","Joel Pawlak","College of Natural Resources","Forest Biomaterials","","False","6","77","#9B59B6","False",""
"wguezas","Wesley Klewerton Guez Assuncao","College of Engineering","Computer Science","","False","28","113","#0072B2","False",""
"talong","Terri Long","College of Agriculture and Life Sciences","Plant and Microbial Biology","","False","2","38","#E69F00","False",""
"tadrake","Timothy Drake","College of Education","Educational Leadership, Policy, and Human Development","","False","2","28","#D55E00","False",""
"iabolotn","Igor Bolotnov","College of Engineering","Nuclear Engineering","","False","6","64","#0072B2","False",""
"jllubisc","Jane Lubischer","College of Sciences","Biological Sciences","","False","3","8","#009E73","False",""
"yxiao34","Yi Xiao","College of Sciences","Chemistry","","False","3","83","#009E73","False",""
"igmikhal","Irina Mikhalevich","College of Humanities and Social Sciences","Philosophy and Religious Studies","","False","1","16","#CC79A7","False",""
"jcbonner","James Bonner","College of Sciences","Biological Sciences","","False","2","48","#009E73","False",""
"jjohns24","Jeremiah Johnson","College of Engineering","Civil, Construction and Environmental Engineering","","False","6","69","#0072B2","False",""
"beasleym","Mark Beasley","Poole College of Management","Accounting","","False","1","11","#F0E442","False",""
"impeszle","Ilona Peszlen","College of Natural Resources","Forest Biomaterials","","False","2","31","#9B59B6","False",""
"cjcrosbi","Christopher Crosbie","College of Humanities and Social Sciences","English","","False","1","14","#CC79A7","False",""
"jlburne5","Jennifer Burnette","College of Humanities and Social Sciences","Psychology","","False","7","88","#CC79A7","False",""
"wjsagues","Joe Sagues","College of Agriculture and Life Sciences","Biological and Agricultural Engineering","","False","1","35","#E69F00","False",""
"rjb","Russell Borski","College of Sciences","Biological Sciences","","False","1","51","#009E73","False",""
"xxu","Xu Xu","College of Engineering","Edward P. Fitts Department of Industrial & Systems Engineering","","False","3","71","#0072B2","False",""
"jkmattin","John Mattingly","College of Engineering","Nuclear Engineering","","False","1","50","#0072B2","False",""
"aseyam","Abdel-Fattah Seyam","Wilson College of Textiles","Textile and Apparel, Technology and Management","","False","2","63","#1ABC9C","False",""
"acgurbuz","Ali Gurbuz","College of Engineering","Electrical and Computer Engineering","","False","5","136","#0072B2","False",""
"jredward","Jack Edwards","College of Engineering","Mechanical and Aerospace Engineering","","False","3","57","#0072B2","False",""
"lmitas","Lubos Mitas","College of Sciences","Physics","","False","6","80","#009E73","False",""
"metaveir","Michael Taveirne","College of Sciences","Biological Sciences","","False","1","3","#009E73","False",""
"slpigg","Stacey Pigg","College of Humanities and Social Sciences","English","","False","1","14","#CC79A7","False",""
"nkisaacs","Nathaniel Isaacson","College of Humanities and Social Sciences","World Languages and Cultures","","False","2","18","#CC79A7","False",""
"fscholl","Frank Scholle","College of Sciences","Biological Sciences","","False","6","39","#009E73","False",""
"vpaneja","Viney Aneja","College of Sciences","Marine, Earth, and Atmospheric Sciences","","False","3","74","#009E73","False",""
"coby","Coby Schal","College of Agriculture and Life Sciences","Entomology and Plant Pathology","","False","11","229","#E69F00","False",""
"rhhaefen","Roger von Haefen","College of Agriculture and Life Sciences","Agricultural and Resource Economics","","False","1","25","#E69F00","False",""
"ycidrui","Yairon Cid Ruiz","College of Sciences","Mathematics","","False","5","30","#009E73","False",""
"mdrake","MaryAnne Drake","College of Agriculture and Life Sciences","Food, Bioprocessing, and Nutrition Sciences","","False","9","264","#E69F00","False",""
"taclarke","Tara Clarke","College of Humanities and Social Sciences","Sociology and Anthropology","","False","2","5","#CC79A7","False",""
"aschnet","Astrid Schnetzer","College of Sciences","Marine, Earth, and Atmospheric Sciences","","False","1","45","#009E73","False",""
"bsunderw","Benjamin Underwood","College of Engineering","Civil, Construction and Environmental Engineering","","False","10","175","#0072B2","False",""
"mlupek","Megan Lupek","College of Natural Resources","Forestry and Environmental Resources","","False","1","3","#9B59B6","False",""
"gcmclaug","Gail McLaughlin","College of Sciences","Physics","","False","3","95","#009E73","False",""
"jmdole","John Dole","College of Agriculture and Life Sciences","Horticultural Science","","False","2","81","#E69F00","False",""
"eghohmei","Emily Griffith","College of Sciences","Statistics","","False","6","90","#009E73","False",""
"rrvatsav","Ranga Vatsavai","College of Engineering","Computer Science","","False","4","50","#0072B2","False",""
"rghosh8","Raja Ghosh","College of Sciences","Chemistry","","False","4","34","#009E73","False",""
"hwsedero","Heike Inge Sederoff","College of Agriculture and Life Sciences","Plant and Microbial Biology","","False","4","48","#E69F00","False",""
"kpandit","Karun Pandit","College of Natural Resources","Forestry and Environmental Resources","","False","1","10","#9B59B6","False",""
"yueda","Yu Ueda","College of Veterinary Medicine","Clinical Sciences","","False","5","30","#56B4E9","False",""
"efg","Ed Gehringer","College of Engineering","Computer Science","","False","5","101","#0072B2","False",""
"llfoster","Lori Foster","College of Humanities and Social Sciences","Psychology","","False","5","41","#CC79A7","False",""
"saascien","Sarah Ascienzo","College of Humanities and Social Sciences","Social Work","","False","1","11","#CC79A7","False",""
"twei5","Tongchuan Wei","College of Engineering","Civil, Construction and Environmental Engineering","","False","2","9","#0072B2","False",""
"dricket","David Ricketts","College of Engineering","Electrical and Computer Engineering","","False","1","101","#0072B2","False",""
"dyeun","Do Young Eun","College of Engineering","Electrical and Computer Engineering","","False","2","41","#0072B2","False",""
"ebates","Erik Bates","College of Sciences","Mathematics","","False","3","20","#009E73","False",""
"ejgruber","Erika Gruber","College of Veterinary Medicine","Population Health and Pathobiology","","False","2","20","#56B4E9","False",""
"fmartin3","Florence Martin","College of Education","Teacher Education and Learning Sciences","","False","17","135","#D55E00","False",""
"tbenhor","Tal Ben-Horin","College of Veterinary Medicine","Clinical Sciences","","False","2","19","#56B4E9","False",""
"rsmith","Ralph Smith","College of Sciences","Mathematics","","False","1","107","#009E73","False",""
"alstiele","Amy Stewart","College of Veterinary Medicine","Molecular Biomedical Sciences","","False","2","17","#56B4E9","False",""
"rmjetton","Robert Jetton","College of Natural Resources","Forestry and Environmental Resources","","False","4","27","#9B59B6","False",""
"vdublje","Veljko Dubljevic","College of Humanities and Social Sciences","Philosophy and Religious Studies","","False","10","103","#CC79A7","False",""
"lrlarson","Lincoln Larson","College of Natural Resources","Parks, Recreation and Tourism Management","","False","17","144","#9B59B6","False",""
"tlidman","Tye Lidman","College of Sciences","Mathematics","","False","2","33","#009E73","False",""
"nnikoi","Nii Kotei Nikoi","College of Humanities and Social Sciences","Communication","","False","1","6","#CC79A7","False",""
"nmnascon","Nanette Nascone-Yoder","College of Veterinary Medicine","Molecular Biomedical Sciences","","False","1","34","#56B4E9","False",""
"hstohl","Hollylynne Lee","College of Education","Science, Technology, Engineering, & Mathematics Education","","False","4","43","#D55E00","False",""
"jlmell","Julie Mell","College of Humanities and Social Sciences","History","","False","1","7","#CC79A7","False",""
"ajawad","Amro Awad","College of Engineering","Electrical and Computer Engineering","","False","13","43","#0072B2","False",""
"tabirkla","Thomas Birkland","College of Humanities and Social Sciences","Political Science & Public Administration [in the School of Public and International Affairs]","","False","3","43","#CC79A7","False",""
"slreichi","Sydney Reichin","College of Humanities and Social Sciences","Psychology","","False","3","11","#CC79A7","False",""
"snmwangi","samuel Mwangi","College of Agriculture and Life Sciences","Prestage Department of Poultry Science","","False","3","14","#E69F00","False",""
"mgferzli","Miriam Ferzli","College of Sciences","Biological Sciences","","False","1","10","#009E73","False",""
"dmfoster","Derek Foster","College of Veterinary Medicine","Population Health and Pathobiology","","False","1","70","#56B4E9","False",""
"lrfishe1","Loren Fisher","College of Agriculture and Life Sciences","North Carolina Agricultural Research Service","","False","1","20","#E69F00","False",""
"kcmarsde","Kurt Marsden","College of Sciences","Biological Sciences","","False","2","29","#009E73","False",""
"prwestmo","Phil Westmoreland","College of Engineering","Chemical and Biomolecular Engineering","","False","3","69","#0072B2","False",""
"amlee3","Alice Lee","College of Sciences","Biological Sciences","","False","2","6","#009E73","False",""
"rchiech","Ryan Chiechi","College of Sciences","Chemistry","","False","10","132","#009E73","False",""
"ejones5","Ebony Jones","College of Humanities and Social Sciences","History","","False","1","2","#CC79A7","False",""
"jpliu","Paul Liu","College of Sciences","Marine, Earth, and Atmospheric Sciences","","False","2","65","#009E73","False",""
"jegoodwi","Jean Goodwin","College of Humanities and Social Sciences","Communication","","False","4","23","#CC79A7","False",""
"jnbocarr","Jason Bocarro","College of Natural Resources","Parks, Recreation and Tourism Management","","False","6","62","#9B59B6","False",""
"skim22","Sung Woo Kim","College of Agriculture and Life Sciences","Animal Science","","False","22","405","#E69F00","False",""
"drbohnen","DelWayne Bohnenstiehl","College of Sciences","Marine, Earth, and Atmospheric Sciences","","False","5","79","#009E73","False",""
"gcope","William Cope","College of Agriculture and Life Sciences","Applied Ecology","","False","1","99","#E69F00","False",""
"gpcruse","Glenn Cruse","College of Veterinary Medicine","Molecular Biomedical Sciences","","False","3","51","#56B4E9","False",""
"jhu3","Jianxin Hu","College of Design","Architecture","","False","1","6","#E74C3C","False",""
"daskaar","David Skaar","College of Sciences","Biological Sciences","","False","1","13","#009E73","False",""
"evheugte","Eric VanHeugten","College of Agriculture and Life Sciences","Animal Science","","False","1","43","#E69F00","False",""
"jcbegeny","John Begeny","College of Humanities and Social Sciences","Psychology","","False","1","56","#CC79A7","False",""
"jdong","Jingyan Dong","College of Engineering","Edward P. Fitts Department of Industrial & Systems Engineering","","False","6","110","#0072B2","False",""
"kdaniel","Karen Daniels","College of Sciences","Physics","","False","6","105","#009E73","False",""
"dmmerite","Danielle Meritet","College of Veterinary Medicine","Population Health and Pathobiology","","False","1","16","#56B4E9","False",""
"jjbaryck","Joe Barycki","College of Agriculture and Life Sciences","Molecular and Structural Biochemistry","","False","1","23","#E69F00","False",""
"jvukoma","Jelena Vukomanovic","College of Natural Resources","Parks, Recreation and Tourism Management","","False","6","38","#9B59B6","False",""
"amishr25","Aura Mishra","College of Humanities and Social Sciences","Psychology","","False","2","20","#CC79A7","False",""
"arabiei","Afsaneh Rabiei","College of Engineering","Mechanical and Aerospace Engineering","","False","1","94","#0072B2","False",""
"cchen52","Chuyi Chen","College of Engineering","Mechanical and Aerospace Engineering","","False","1","9","#0072B2","False",""
"dljorda2","David Jordan","College of Agriculture and Life Sciences","Crop and Soil Sciences","","False","16","177","#E69F00","False",""
"ecrisci","Elisa Crisci","College of Veterinary Medicine","Population Health and Pathobiology","","False","6","63","#56B4E9","False",""
"hdai","Huaiyu Dai","College of Engineering","Electrical and Computer Engineering","","False","11","202","#0072B2","False",""
"crji","Chueng Ji","College of Sciences","Physics","","False","5","116","#009E73","False",""
"hgb","Helga Braunbeck","College of Humanities and Social Sciences","World Languages and Cultures","","False","1","7","#CC79A7","False",""
"ajwest2","Andre West","Wilson College of Textiles","Textiles Extension Education For Economic Development","","False","5","18","#1ABC9C","False",""
"elseekam","Erin Seekamp","College of Natural Resources","Parks, Recreation and Tourism Management","","False","4","88","#9B59B6","False",""
"jkward2","Jason Ward","College of Agriculture and Life Sciences","Biological and Agricultural Engineering","","False","2","16","#E69F00","False",""
"jljone21","Jacob Jones","College of Engineering","Materials Science and Engineering","","False","17","315","#0072B2","False",""
"pgkoupi","Paschalis Gkoupidenis","College of Engineering","Electrical and Computer Engineering","","False","7","55","#0072B2","False",""
"rlmclean","Roshaunda Breeden","College of Education","Educational Leadership, Policy, and Human Development","","False","2","23","#D55E00","False",""
"rmrejesu","Roderick Rejesus","College of Agriculture and Life Sciences","Agricultural and Resource Economics","","False","6","68","#E69F00","False",""
"sasha","Alexandra Duel-Hallen","College of Engineering","Electrical and Computer Engineering","","False","2","33","#0072B2","False",""
"warobin3","Walter Robinson","College of Sciences","Marine, Earth, and Atmospheric Sciences","","False","2","46","#009E73","False",""
"khan6","Kevin Han","College of Engineering","Civil, Construction and Environmental Engineering","","False","7","70","#0072B2","False",""
"eshim","Eunkyoung Shim","Wilson College of Textiles","Textile Engineering, Chemistry and Science","","False","3","48","#1ABC9C","False",""
"dbbuchwa","David Buchwalter","College of Sciences","Biological Sciences","","False","3","71","#009E73","False",""
"ehyland","Ethan Hyland","College of Sciences","Marine, Earth, and Atmospheric Sciences","","False","10","77","#009E73","False",""
"ooralka","Omer Oralkan","College of Engineering","Electrical and Computer Engineering","","False","4","161","#0072B2","False",""
"enlooper","Erin Rivers","College of Agriculture and Life Sciences","Crop and Soil Sciences","","False","2","3","#E69F00","False",""
"amjacob","Anna Egalite","College of Education","Educational Leadership, Policy, and Human Development","","False","1","34","#D55E00","False",""
"yshin8","Yeonjong Shin","College of Sciences","Mathematics","","False","3","22","#009E73","False",""
"cboi","Cristiana Boi","College of Engineering","Chemical and Biomolecular Engineering","","False","7","66","#0072B2","False",""
"aspnes","David Aspnes","College of Sciences","Physics","","False","6","69","#009E73","False",""
"avkuznet","Andrey Kuznetsov","College of Engineering","Mechanical and Aerospace Engineering","","False","6","283","#0072B2","False",""
"dazaharo","David Zaharoff","College of Engineering","Biomedical Engineering","","False","3","48","#0072B2","False",""
"bcallah","Benjamin Callahan","College of Veterinary Medicine","Population Health and Pathobiology","","False","4","50","#56B4E9","False",""
"ytian29","Yuanqing (Ching) Tian","College of Design","Graphic Design & Industrial Design","","False","1","6","#E74C3C","False",""
"bkim18","Byungsoo Kim","College of Design","Graphic Design & Industrial Design","","False","1","9","#E74C3C","False",""
"ysaini","Yogesh Saini","College of Veterinary Medicine","Population Health and Pathobiology","","False","8","54","#56B4E9","False",""
"drmatthe","Delisia Matthews","Wilson College of Textiles","Textile and Apparel, Technology and Management","","False","1","9","#1ABC9C","False",""
"dfcall","Douglas Call","College of Engineering","Civil, Construction and Environmental Engineering","","False","3","63","#0072B2","False",""
"krwening","Keith Weninger","College of Sciences","Physics","","False","3","81","#009E73","False",""
"mmwillia","Mary Elting","College of Sciences","Physics","","False","3","30","#009E73","False",""
"tranney","Thomas Ranney","College of Agriculture and Life Sciences","Horticultural Science","","False","4","48","#E69F00","False",""
"cjdohert","Colleen Doherty","College of Agriculture and Life Sciences","Molecular and Structural Biochemistry","","False","4","50","#E69F00","False",""
"dofreyte","Donald Freytes","College of Engineering","Biomedical Engineering","","False","3","49","#0072B2","False",""
"sghosal","Subhashis Ghoshal","College of Sciences","Statistics","","False","3","51","#009E73","False",""
"dkaoumi","Djamel Kaoumi","College of Engineering","Nuclear Engineering","","False","12","84","#0072B2","False",""
"rjricha2","Robert Richardson","College of Agriculture and Life Sciences","Crop and Soil Sciences","","False","2","42","#E69F00","False",""
"cdelgad","Cesar Delgado","College of Education","Science, Technology, Engineering, & Mathematics Education","","False","1","38","#D55E00","False",""
"reirwin","Rebecca Irwin","College of Agriculture and Life Sciences","Applied Ecology","","False","12","135","#E69F00","False",""
"njolby","Natasha Olby","College of Veterinary Medicine","Clinical Sciences","","False","13","179","#56B4E9","False",""
"ahajbab","Ali Hajbabaie","College of Engineering","Civil, Construction and Environmental Engineering","","False","6","71","#0072B2","False",""
"mopeters","Matthew Peterson","College of Design","Graphic Design & Industrial Design","","False","4","22","#E74C3C","False",""
"cdguillu","Christophe Guilluy","College of Veterinary Medicine","Molecular Biomedical Sciences","","False","1","27","#56B4E9","False",""
"cdhoggan","Chad Hoggan","College of Education","Educational Leadership, Policy, and Human Development","","False","3","55","#D55E00","False",""
"madiacon","Mihai Diaconeasa","College of Engineering","Nuclear Engineering","","False","10","117","#0072B2","False",""
"knivanov","Kostadin Ivanov","College of Engineering","Nuclear Engineering","","False","9","107","#0072B2","False",""
"lopromo","Luca David Opromolla","Poole College of Management","Economics","","False","2","3","#F0E442","False",""
"mmbooker","Matthew Booker","College of Humanities and Social Sciences","History","","False","1","17","#CC79A7","False",""
"anbryan2","Alyssa Rockenbach","College of Education","Educational Leadership, Policy, and Human Development","","False","4","59","#D55E00","False",""
"raghilad","Reza Ghiladi","College of Sciences","Chemistry","","False","6","97","#009E73","False",""
"wabauer","William Bauer","College of Humanities and Social Sciences","Philosophy and Religious Studies","","False","3","16","#CC79A7","False",""
"ddavis6","Dennis Davis","College of Education","Teacher Education and Learning Sciences","","False","2","38","#D55E00","False",""
"fisik","Fikret Isik","College of Natural Resources","Forestry and Environmental Resources","","False","7","90","#9B59B6","False",""
"amlynch3","Alex Lynch","College of Veterinary Medicine","Clinical Sciences","","False","9","58","#56B4E9","False",""
"ccjacob5","Carrie Jacobs","College of Veterinary Medicine","Clinical Sciences","","False","4","16","#56B4E9","False",""
"laramir2","Alonso Ramirez","College of Agriculture and Life Sciences","Applied Ecology","","False","4","93","#E69F00","False",""
"yuan","Fuh-Gwo Yuan","College of Engineering","Mechanical and Aerospace Engineering","","False","7","153","#0072B2","False",""
"jtascenc","Trino Ascencio-Ibanez","College of Agriculture and Life Sciences","Molecular and Structural Biochemistry","","False","2","23","#E69F00","False",""
"jwolson","Jonathan Olson","College of Sciences","Biological Sciences","","False","1","16","#009E73","False",""
"gilmarti","David Gilmartin","College of Humanities and Social Sciences","History","","False","1","28","#CC79A7","False",""
"atbliksl","Anthony Blikslager","College of Veterinary Medicine","College of Veterinary Medicine Administration","","False","6","210","#56B4E9","False",""
"eozlu","Ekrem Ozlu","College of Agriculture and Life Sciences","Crop and Soil Sciences","","False","3","35","#E69F00","False",""
"mpourgh","Moe Pourghaz","College of Engineering","Civil, Construction and Environmental Engineering","","False","4","70","#0072B2","False",""
"pbiziko","Petra Bizikova","College of Veterinary Medicine","Clinical Sciences","","False","2","37","#56B4E9","False",""
"dlirving","Douglas Irving","College of Engineering","Materials Science and Engineering","","False","4","81","#0072B2","False",""
"jlintile","Joanne Intile","College of Veterinary Medicine","Clinical Sciences","","False","1","15","#56B4E9","False",""
"lgbullar","Lisa Bullard","College of Engineering","Chemical and Biomolecular Engineering","","False","1","33","#0072B2","False",""
"iuroeder","Ian Roederer","College of Sciences","Physics","","False","6","129","#009E73","False",""
"nreadin","Nathan Reading","College of Sciences","Mathematics","","False","3","45","#009E73","False",""
"cfcastro","Celso Castro Bolinaga","College of Agriculture and Life Sciences","Biological and Agricultural Engineering","","False","4","20","#E69F00","False",""
"enford","Ericka Ford","Wilson College of Textiles","Textile Engineering, Chemistry and Science","","False","4","32","#1ABC9C","False",""
"hashraf2","Hudson Ashrafi","College of Agriculture and Life Sciences","Horticultural Science","","False","7","63","#E69F00","False",""
"vaugust","Veronica Augustyn","College of Engineering","Materials Science and Engineering","","False","7","76","#0072B2","False",""
"davidian","Marie Davidian","College of Sciences","Statistics","","False","3","85","#009E73","False",""
"zkli","Zane Li","College of Sciences","Mathematics","","False","3","17","#009E73","False",""
"fedkiw","Peter Fedkiw","College of Engineering","Chemical and Biomolecular Engineering","","False","2","43","#0072B2","False",""
"rgmarti3","Ryan Martin","College of Sciences","Statistics","","False","8","78","#009E73","False",""
"klfelder","Kelly Oten","College of Natural Resources","Forestry and Environmental Resources","","False","2","20","#9B59B6","False",""
"fbreid","Frederick Breidt","College of Agriculture and Life Sciences","Food, Bioprocessing, and Nutrition Sciences","","False","3","47","#E69F00","False",""
"benahor","Basheerah Enahora","College of Agriculture and Life Sciences","Agricultural and Human Sciences","","False","1","8","#E69F00","False",""
"clgordy","Claire Gordy","College of Sciences","Biological Sciences","","False","1","16","#009E73","False",""
"igransb","Isabella White","College of Engineering","Computer Science","","False","1","7","#0072B2","False",""
"jahipp","Aaron Hipp","College of Natural Resources","Parks, Recreation and Tourism Management","","False","9","148","#9B59B6","False",""
"wchen43","Weijian Chen","College of Sciences","Physics","","False","4","22","#009E73","False",""
"zpantic","Zeljko Pantic","College of Engineering","Electrical and Computer Engineering","","False","4","35","#0072B2","False",""
"bewylie","Breanne Wylie","College of Humanities and Social Sciences","Psychology","","False","1","26","#CC79A7","False",""
"jhou8","Jason Hou","College of Engineering","Nuclear Engineering","","False","5","35","#0072B2","False",""
"swking","Stacy Wood","Poole College of Management","Marketing","","False","1","24","#F0E442","False",""
"ajstewa5","Amanda Stewart","College of Humanities and Social Sciences","Political Science & Public Administration [in the School of Public and International Affairs]","","False","4","30","#CC79A7","False",""
"lezanno","Lindsay Zanno","College of Sciences","Biological Sciences","","False","10","77","#009E73","False",""
"aafox","Andrew Fox","College of Design","Landscape Architecture and Environmental Planning","","False","3","6","#E74C3C","False",""
"lacraig","Lee Craig","Poole College of Management","Economics","","False","1","23","#F0E442","False",""
"mbecchi","Michela Becchi","College of Engineering","Electrical and Computer Engineering","","False","2","41","#0072B2","False",""
"fawrigh2","Fred Wright","College of Sciences","Statistics","","False","15","120","#009E73","False",""
"mgerard","Mathew Gerard","College of Veterinary Medicine","Molecular Biomedical Sciences","","False","1","16","#56B4E9","False",""
"mgbullar","Meredith Martinez","College of Engineering","Civil, Construction and Environmental Engineering","","False","1","4","#0072B2","False",""
"jmhaugh","Jason Haugh","College of Engineering","Chemical and Biomolecular Engineering","","False","1","72","#0072B2","False",""
"lcolpog","Luke Gatiboni","College of Agriculture and Life Sciences","Crop and Soil Sciences","","False","11","121","#E69F00","False",""
"ngcosco","Nilda Cosco","College of Design","College of Design Administration","","False","1","20","#E74C3C","False",""
"mjstruet","Michael Struett","College of Humanities and Social Sciences","Political Science & Public Administration [in the School of Public and International Affairs]","","False","1","22","#CC79A7","False",""
"trjones8","Tamecia Jones","College of Education","Science, Technology, Engineering, & Mathematics Education","","False","3","22","#D55E00","False",""
"acfahren","Adam Fahrenholz","College of Agriculture and Life Sciences","Prestage Department of Poultry Science","","False","2","36","#E69F00","False",""
"jcollazo","Jaime Collazo","College of Agriculture and Life Sciences","Applied Ecology","","False","2","75","#E69F00","False",""
"munsal","Mithat Unsal","College of Sciences","Physics","","False","5","60","#009E73","False",""
"rcmayer","Roger Mayer","Poole College of Management","Management, Innovation and Entrepreneurship","","False","1","21","#F0E442","False",""
"aakedrow","April Kedrowicz","College of Veterinary Medicine","Clinical Sciences","","False","1","36","#56B4E9","False",""
"cbgorman","Christopher Gorman","College of Sciences","Chemistry","","False","1","45","#009E73","False",""
"mcurry2","Maggie Curry","College of Sciences","Marine, Earth, and Atmospheric Sciences","","False","2","16","#009E73","False",""
"asoldat","Arianna Soldati","College of Sciences","Marine, Earth, and Atmospheric Sciences","","False","2","23","#009E73","False",""
"jldowdy","Jamie Alexander","College of Agriculture and Life Sciences","Agricultural and Human Sciences","","False","2","5","#E69F00","False",""
"ajplanch","Antonio Planchart","College of Sciences","Biological Sciences","","False","2","29","#009E73","False",""
"lhoggar","Lori Hoggard","College of Humanities and Social Sciences","Psychology","","False","2","28","#CC79A7","False",""
"asagema","Andrew Sageman-Furnas","College of Sciences","Mathematics","","False","1","14","#009E73","False",""
"rheinig","Ronnie Heiniger","College of Agriculture and Life Sciences","Crop and Soil Sciences","","False","1","29","#E69F00","False",""
"smbennet","Sharon Joines","College of Design","College of Design Administration","","False","1","23","#E74C3C","False",""
"jjiang26","Jicai Jiang","College of Agriculture and Life Sciences","Animal Science","","False","7","68","#E69F00","False",""
"jbrown","David Brown","College of Sciences","Physics","","False","2","21","#009E73","False",""
"lhe8","Lingfeng He","College of Engineering","Nuclear Engineering","","False","15","170","#0072B2","False",""
"kay","Michael Kay","College of Engineering","Edward P. Fitts Department of Industrial & Systems Engineering","","False","1","31","#0072B2","False",""
"cchen49","Chao Chen","College of Sciences","Mathematics","","False","2","16","#009E73","False",""
"lxiao5","Luo Xiao","College of Sciences","Statistics","","False","4","42","#009E73","False",""
"gmkumar","Kumar Mahinthakumar","College of Engineering","Civil, Construction and Environmental Engineering","","False","1","71","#0072B2","False",""
"mdengell","Miles Engell","College of Sciences","Biological Sciences","","False","1","1","#009E73","False",""
"canson","Chris Anson","College of Humanities and Social Sciences","English","","False","3","53","#CC79A7","False",""
"pemozdzi","Paul Mozdziak","College of Agriculture and Life Sciences","Prestage Department of Poultry Science","","False","10","140","#E69F00","False",""
"jytzeng","Jung-Ying Tzeng","College of Sciences","Statistics","","False","2","65","#009E73","False",""
"lavillam","Lenin Villamizar Martinez","College of Veterinary Medicine","Clinical Sciences","","False","3","18","#56B4E9","False",""
"mgjones3","Gail Jones","College of Education","Science, Technology, Engineering, & Mathematics Education","","False","3","85","#D55E00","False",""
"bjsheaha","Breanna Sheahan","College of Veterinary Medicine","Clinical Sciences","","False","1","12","#56B4E9","False",""
"easchroe","Elena Schroeter","College of Sciences","Biological Sciences","","False","3","22","#009E73","False",""
"hwu15","Huaiyu Wu","College of Engineering","Mechanical and Aerospace Engineering","","False","8","52","#0072B2","False",""
"camckinn","Caroline McKinney-Aguirre","College of Veterinary Medicine","Clinical Sciences","","False","2","17","#56B4E9","False",""
"jhunt5","Jessica Hunt","College of Education","Teacher Education and Learning Sciences","","False","10","52","#D55E00","False",""
"kgundog","Kenan Gundogdu","College of Sciences","Physics","","False","5","87","#009E73","False",""
"lhajiba","Leila Hajibabai","College of Engineering","Edward P. Fitts Department of Industrial & Systems Engineering","","False","5","30","#0072B2","False",""
"cjohns26","Carla Johnson","College of Education","Science, Technology, Engineering, & Mathematics Education","","False","31","138","#D55E00","False",""
"jrbryan3","Jennifer Richmond-Bryant","College of Natural Resources","Forestry and Environmental Resources","","False","3","57","#9B59B6","False",""
"gbmckenn","Gregory McKenna","College of Engineering","Chemical and Biomolecular Engineering","","False","8","18","#0072B2","False",""
"jjwierer","Jonathan Wierer","College of Engineering","Electrical and Computer Engineering","","False","1","73","#0072B2","False",""
"rsozzan","Rosangela Sozzani","College of Agriculture and Life Sciences","Plant and Microbial Biology","","False","2","87","#E69F00","False",""
"mchen33","Mingtai Chen","College of Engineering","Mechanical and Aerospace Engineering","","False","3","26","#0072B2","False",""
"pcombet","Patrick Combettes","College of Sciences","Mathematics","","False","3","80","#009E73","False",""
"avchoulj","Alexander Chouljenko","College of Agriculture and Life Sciences","Food, Bioprocessing, and Nutrition Sciences","","False","1","9","#E69F00","False",""
"jgookin","Jody Gookin","College of Veterinary Medicine","Clinical Sciences","","False","1","72","#56B4E9","False",""
"ssheth3","Seema Sheth","College of Agriculture and Life Sciences","Plant and Microbial Biology","","False","6","43","#E69F00","False",""
"atstepan","Anna Stepanova","College of Agriculture and Life Sciences","Plant and Microbial Biology","","False","2","68","#E69F00","False",""
"aryoung","Albert Young","College of Sciences","Physics","","False","6","115","#009E73","False",""
"fmuelle","Frank Mueller","College of Engineering","Computer Science","","False","5","107","#0072B2","False",""
"hli83","Huining Li","College of Engineering","Computer Science","","False","2","9","#0072B2","False",""
"ygyingli","Yaroslava Yingling","College of Engineering","Materials Science and Engineering","","False","6","140","#0072B2","False",""
"ebardak","Eleni Bardaka","College of Engineering","Civil, Construction and Environmental Engineering","","False","4","32","#0072B2","False",""
"screberg","Chris Reberg-Horton","College of Agriculture and Life Sciences","Crop and Soil Sciences","","False","12","102","#E69F00","False",""
"dpwarsin","Donald Warsing","Poole College of Management","Information Technology, Analytics, & Operations","","False","1","24","#F0E442","False",""
"kdange","Kimberly Ange-Van Heugten","College of Agriculture and Life Sciences","Animal Science","","False","8","48","#E69F00","False",""
"slsimon","Sindee Simon","College of Engineering","Chemical and Biomolecular Engineering","","False","5","98","#0072B2","False",""
"rdmalhei","Ramon Malheiros","College of Agriculture and Life Sciences","Prestage Department of Poultry Science","","False","1","40","#E69F00","False",""
"jslindse","Jonathan Lindsey","College of Sciences","Chemistry","","False","12","263","#009E73","False",""
"gnp","Gregory Parsons","College of Engineering","Chemical and Biomolecular Engineering","","False","14","241","#0072B2","False",""
"jlheitma","Josh Heitman","College of Agriculture and Life Sciences","Crop and Soil Sciences","","False","11","168","#E69F00","False",""
"vfellner","Vivek Fellner","College of Agriculture and Life Sciences","Animal Science","","False","2","44","#E69F00","False",""
"jjadams2","Jacob Adams","College of Engineering","Electrical and Computer Engineering","","False","3","60","#0072B2","False",""
"sarumug","Sankarasubramanian Arumugam","College of Engineering","Civil, Construction and Environmental Engineering","","False","5","115","#0072B2","False",""
"smpuryea","Stephen Puryear","College of Humanities and Social Sciences","Philosophy and Religious Studies","","False","1","22","#CC79A7","False",""
"cfrohli","Carla Frohlich","College of Sciences","Physics","","False","4","64","#009E73","False",""
"nnelson4","Natalie Nelson","College of Agriculture and Life Sciences","Biological and Agricultural Engineering","","False","6","65","#E69F00","False",""
"cmwilli5","Cranos Williams","College of Engineering","Electrical and Computer Engineering","","False","6","54","#0072B2","False",""
"rwkays","Roland Kays","College of Natural Resources","Forestry and Environmental Resources","","False","24","225","#9B59B6","False",""
"vkurapa","Vasu Kuraparthy","College of Agriculture and Life Sciences","Crop and Soil Sciences","","False","1","38","#E69F00","False",""
"qgu3","Qing Gu","College of Engineering","Electrical and Computer Engineering","","False","5","20","#0072B2","False",""
"rgmaggi","Ricardo Maggi","College of Veterinary Medicine","Clinical Sciences","","False","5","149","#56B4E9","False",""
"mwkudeno","Michael Kudenov","College of Engineering","Electrical and Computer Engineering","","False","7","120","#0072B2","False",""
"cchen32","Crystal Lee","College of Education","Teacher Education and Learning Sciences","","False","1","20","#D55E00","False",""
"mgilman","Mikhail Gilman","College of Sciences","Mathematics","","False","1","28","#009E73","False",""
"bjreich","Brian Reich","College of Sciences","Statistics","","False","16","198","#009E73","False",""
"tmrider","Traci Rider","College of Design","Architecture","","False","2","21","#E74C3C","False",""
"njoseph2","Nathaniel Josephs","College of Sciences","Statistics","","False","3","13","#009E73","False",""
"majarrys","Michael Jarry-Shore","College of Education","Teacher Education and Learning Sciences","","False","2","8","#D55E00","False",""
"swkullma","Seth Kullman","College of Sciences","Biological Sciences","","False","4","70","#009E73","False",""
"jaforre3","Jodi Forrester","College of Natural Resources","Forestry and Environmental Resources","","False","4","41","#9B59B6","False",""
"richardv","Richard Venditti","College of Natural Resources","Forest Biomaterials","","False","15","200","#9B59B6","False",""
"twu19","Tianfu Wu","College of Engineering","Electrical and Computer Engineering","","False","6","53","#0072B2","False",""
"tmberret","Todd Berreth","College of Design","Media Arts, Design and Technology","","False","1","1","#E74C3C","False",""
"rbhandfi","Robert Handfield","Poole College of Management","Information Technology, Analytics, & Operations","","False","9","102","#F0E442","False",""
"jlhavlin","John Havlin","College of Agriculture and Life Sciences","Crop and Soil Sciences","","False","2","18","#E69F00","False",""
"jcheng3","Jay Cheng","College of Agriculture and Life Sciences","Biological and Agricultural Engineering","","False","3","91","#E69F00","False",""
"akota2","Arun Kumar Kota","College of Engineering","Mechanical and Aerospace Engineering","","False","2","64","#0072B2","False",""
"hwade","Harald Ade","College of Sciences","Physics","","False","16","385","#009E73","False",""
"rghosh9","Ritwick Ghosh","College of Natural Resources","Forestry and Environmental Resources","","False","1","18","#9B59B6","False",""
"acbehler","Anna Behler","College of Humanities and Social Sciences","Psychology","","False","2","9","#CC79A7","False",""
"slzahler","Sara Zahler","College of Humanities and Social Sciences","World Languages and Cultures","","False","2","16","#CC79A7","False",""
"smsulli2","Seth Sullivant","College of Sciences","Mathematics","","False","4","65","#009E73","False",""
"nlu2","Ning Lu","College of Engineering","Electrical and Computer Engineering","","False","8","155","#0072B2","False",""
"aclark5","Alexis Clark","College of Humanities and Social Sciences","History","","False","1","18","#CC79A7","False",""
"dslalush","David Lalush","College of Engineering","Biomedical Engineering","","False","3","80","#0072B2","False",""
"rapetrel","Ross Petrella","College of Engineering","Biomedical Engineering","","False","1","8","#0072B2","False",""
"dtregea","Daniel Tregeagle","College of Agriculture and Life Sciences","Agricultural and Resource Economics","","False","1","7","#E69F00","False",""
"kdembek","Katarzyna Dembek","College of Veterinary Medicine","Clinical Sciences","","False","5","19","#56B4E9","False",""
"ebbreits","Edward Breitschwerdt","College of Veterinary Medicine","Clinical Sciences","","False","9","318","#56B4E9","False",""
"csayde","Chadi Sayde","College of Agriculture and Life Sciences","Biological and Agricultural Engineering","","False","2","25","#E69F00","False",""
"skomarn","Slavko Komarnytsky","College of Agriculture and Life Sciences","Kannapolis Research","","False","5","70","#E69F00","False",""
"rkmeente","Ross Meentemeyer","College of Natural Resources","Center for Geospatial Analytics","","False","6","127","#9B59B6","False",""
"alwoodle","Alex Woodley","College of Agriculture and Life Sciences","Crop and Soil Sciences","","False","7","40","#E69F00","False",""
"drobenou","Daniel Obenour","College of Engineering","Civil, Construction and Environmental Engineering","","False","4","50","#0072B2","False",""
"ljbobay","Louis-Marie Bobay","College of Sciences","Biological Sciences","","False","2","44","#009E73","False",""
"mlsichit","Mihail Sichitiu","College of Engineering","Electrical and Computer Engineering","","False","6","64","#0072B2","False",""
"mnpeters","Nils Peterson","College of Natural Resources","Forestry and Environmental Resources","","False","7","130","#9B59B6","False",""
"jpmather","Jacob Matherne","College of Sciences","Mathematics","","False","2","15","#009E73","False",""
"hschmit2","Hans Peter Schmitz","College of Humanities and Social Sciences","Political Science & Public Administration [in the School of Public and International Affairs]","","False","4","38","#CC79A7","False",""
"jdcoggbu","Jerrell Coggburn","College of Humanities and Social Sciences","Political Science & Public Administration [in the School of Public and International Affairs]","","False","1","40","#CC79A7","False",""
"jwilli27","Jonathan Williams","College of Sciences","Statistics","","False","1","20","#009E73","False",""
"rhe","Ruoying He","College of Sciences","Marine, Earth, and Atmospheric Sciences","","False","8","126","#009E73","False",""
"mshahza","Muhammad Shahzad","College of Engineering","Computer Science","","False","8","44","#0072B2","False",""
"cubbage","Frederick Cubbage","College of Natural Resources","Forestry and Environmental Resources","","False","10","115","#9B59B6","False",""
"jlreyno4","James Reynolds","College of Engineering","Electrical and Computer Engineering","","False","3","17","#0072B2","False",""
"drtarpy","David Tarpy","College of Agriculture and Life Sciences","Applied Ecology","","False","6","117","#E69F00","False",""
"rhli2","Ronald Li","College of Veterinary Medicine","Clinical Sciences","","False","3","47","#56B4E9","False",""
"jabuckel","Jeffrey Buckel","College of Agriculture and Life Sciences","Applied Ecology","","False","4","87","#E69F00","False",""
"tmklondi","Travis Klondike","College of Design","Landscape Architecture and Environmental Planning","","False","3","4","#E74C3C","False",""
"aasmith7","Adrian Smith","College of Sciences","Biological Sciences","","False","1","16","#009E73","False",""
"jaluff","Jennifer Luff","College of Veterinary Medicine","Population Health and Pathobiology","","False","2","19","#56B4E9","False",""
"ruzsoy","Reha Uzsoy","College of Engineering","Edward P. Fitts Department of Industrial & Systems Engineering","","False","10","112","#0072B2","False",""
"arricha3","Angela Post","College of Agriculture and Life Sciences","Crop and Soil Sciences","","False","2","12","#E69F00","False",""
"vukina","Tomislav Vukina","College of Agriculture and Life Sciences","Agricultural and Resource Economics","","False","1","25","#E69F00","False",""
"kaunocic","Kinga Unocic","College of Engineering","Materials Science and Engineering","","False","9","160","#0072B2","False",""
"ktstolee","Kathryn Thomasset Stolee","College of Engineering","Computer Science","","False","2","19","#0072B2","False",""
"fncastel","Felix Castellano","College of Sciences","Chemistry","","False","10","241","#009E73","False",""
"lsgoodel","Suzie Goodell","College of Agriculture and Life Sciences","Food, Bioprocessing, and Nutrition Sciences","","False","2","65","#E69F00","False",""
"nccrook","Nathan Crook","College of Engineering","Chemical and Biomolecular Engineering","","False","6","54","#0072B2","False",""
"ncnelso2","Nathan Nelson","College of Veterinary Medicine","Molecular Biomedical Sciences","","False","4","32","#56B4E9","False",""
"wyu2","Wensong Yu","College of Engineering","Future Renewable Electric Energy Delivery and Management Systems Center (The)","","False","4","75","#0072B2","False",""
"jfwoodbr","Janie Woodbridge","Wilson College of Textiles","Textile and Apparel, Technology and Management","","False","1","2","#1ABC9C","False",""
"aercume","Ayse Ercumen","College of Natural Resources","Forestry and Environmental Resources","","False","4","84","#9B59B6","False",""
"mdkoci","Matt Koci","College of Agriculture and Life Sciences","Prestage Department of Poultry Science","","False","3","47","#E69F00","False",""
"aavilac","Amanda Avila Cardoso","College of Agriculture and Life Sciences","Crop and Soil Sciences","","False","9","60","#E69F00","False",""
"jbeells","Jeffrey Eells","College of Veterinary Medicine","Molecular Biomedical Sciences","","False","1","15","#56B4E9","False",""
"rmschoen","Regina Schoenfeld","College of Veterinary Medicine","Molecular Biomedical Sciences","","False","1","58","#56B4E9","False",""
"rslewis","Ramsey Lewis","College of Agriculture and Life Sciences","Crop and Soil Sciences","","False","7","76","#E69F00","False",""
"sscaag","Aziz Amoozegar","College of Agriculture and Life Sciences","Crop and Soil Sciences","","False","4","34","#E69F00","False",""
"narayan","Jagdish Narayan","College of Engineering","Materials Science and Engineering","","False","10","257","#0072B2","False",""
"ryin","Rong Yin","Wilson College of Textiles","Textile Engineering, Chemistry and Science","","False","3","49","#1ABC9C","False",""
"elane3","Elizabeth Lane","College of Humanities and Social Sciences","Political Science & Public Administration [in the School of Public and International Affairs]","","False","1","12","#CC79A7","False",""
"twgannon","Travis Gannon","College of Agriculture and Life Sciences","Crop and Soil Sciences","","False","5","68","#E69F00","False",""
"zlyu3","Zhe Lyu","College of Agriculture and Life Sciences","Plant and Microbial Biology","","False","1","29","#E69F00","False",""
"aaysu","Aydin Aysu","College of Engineering","Electrical and Computer Engineering","","False","11","74","#0072B2","False",""
"avazque2","Abraham Vazquez-Guardado","College of Engineering","Electrical and Computer Engineering","","False","7","68","#0072B2","False",""
"dfrpp","David Ritchie","College of Agriculture and Life Sciences","Entomology and Plant Pathology","","False","1","15","#E69F00","False",""
"dgruehn","Daniel Gruehn","College of Humanities and Social Sciences","Psychology","","False","1","19","#CC79A7","False",""
"gyang9","Ge Yang","College of Engineering","Nuclear Engineering","","False","3","93","#0072B2","False",""
"gngaile","Gracious Ngaile","College of Engineering","Mechanical and Aerospace Engineering","","False","1","58","#0072B2","False",""
"pdbradfo","Philip Bradford","Wilson College of Textiles","Textile Engineering, Chemistry and Science","","False","5","81","#1ABC9C","False",""
"sisalmon","Sonja Salmon","Wilson College of Textiles","Textile Engineering, Chemistry and Science","","False","7","36","#1ABC9C","False",""
"skuttal","Sandeep Kuttal","College of Engineering","Computer Science","","False","7","43","#0072B2","False",""
"xliu68","Xiaojing Liu","College of Agriculture and Life Sciences","Molecular and Structural Biochemistry","","False","3","23","#E69F00","False",""
"jpstadle","John Stadler","College of Humanities and Social Sciences","English","","False","1","2","#CC79A7","False",""
"ccgoller","Carlos Goller","College of Sciences","Biological Sciences","","False","9","66","#009E73","False",""
"nmlavoin","Nathalie Lavoine","College of Natural Resources","Forest Biomaterials","","False","5","38","#9B59B6","False",""
"jayoder","Jeff Yoder","College of Sciences","Biological Sciences","","False","5","83","#009E73","False",""
"sklambet","Stephanie Mathews","College of Sciences","Biological Sciences","","False","1","21","#009E73","False",""
"dzbaron","Dror Baron","College of Engineering","Electrical and Computer Engineering","","False","4","62","#0072B2","False",""
"spark","Sunkyu Park","College of Natural Resources","Forest Biomaterials","","False","2","139","#9B59B6","False",""
"wmrand","Bill Rand","Poole College of Management","Marketing","","False","3","49","#F0E442","False",""
"ejlobato","Edgar Lobaton","College of Engineering","Electrical and Computer Engineering","","False","8","109","#0072B2","False",""
"llopezq","Lorena Lopez","College of Agriculture and Life Sciences","Entomology and Plant Pathology","","False","1","19","#E69F00","False",""
"pcfyfe","Paul Fyfe","College of Humanities and Social Sciences","English","","False","2","24","#CC79A7","False",""
"lcolmen","Laura Colmenarejo","College of Sciences","Mathematics","","False","1","7","#009E73","False",""
"iyoon","Intae Yoon","College of Humanities and Social Sciences","Social Work","","False","1","12","#CC79A7","False",""
"mlrodge2","Maria Rodgers","College of Sciences","Biological Sciences","","False","3","20","#009E73","False",""
"cmroland","Christopher Roland","College of Sciences","Physics","","False","2","49","#009E73","False",""
"dsjones5","Daniela Jones","College of Agriculture and Life Sciences","Biological and Agricultural Engineering","","False","4","25","#E69F00","False",""
"jcdietri","Casey Dietrich","College of Engineering","Civil, Construction and Environmental Engineering","","False","3","47","#0072B2","False",""
"japiedra","Jorge Piedrahita","College of Veterinary Medicine","Molecular Biomedical Sciences","","False","7","75","#56B4E9","False",""
"acdon","Donald Pagach","Poole College of Management","Accounting","","False","1","12","#F0E442","False",""
"apapani","Andrew Papanicolaou","College of Sciences","Mathematics","","False","4","28","#009E73","False",""
"nsui","Ning Sui","College of Agriculture and Life Sciences","Molecular and Structural Biochemistry","","False","1","11","#E69F00","False",""
"mmaguilo","Maricar Aguilos","College of Natural Resources","Forestry and Environmental Resources","","False","11","49","#9B59B6","False",""
"mebaldw2","Madalyn Baldwin","College of Design","Landscape Architecture and Environmental Planning","","False","3","5","#E74C3C","False",""
"atbecnel","Alex Becnel","College of Education","Educational Leadership, Policy, and Human Development","","False","1","4","#D55E00","False",""
"hji5","Hangjie Ji","College of Sciences","Mathematics","","False","1","37","#009E73","False",""
"jkwesp","Julie Wesp","College of Humanities and Social Sciences","Sociology and Anthropology","","False","2","13","#CC79A7","False",""
"jtuck","James Tuck","College of Engineering","Electrical and Computer Engineering","","False","2","45","#0072B2","False",""
"smenega","Stefano Menegatti","College of Engineering","Chemical and Biomolecular Engineering","","False","12","115","#0072B2","False",""
"rpguiter","Raymond Guiteras","College of Agriculture and Life Sciences","Agricultural and Resource Economics","","False","1","16","#E69F00","False",""
"tran","Hien Tran","College of Sciences","Mathematics","","False","2","62","#009E73","False",""
"kito","Kazufumi Ito","College of Sciences","Mathematics","","False","1","69","#009E73","False",""
"mhlittle","Michael Little","College of Education","Educational Leadership, Policy, and Human Development","","False","5","26","#D55E00","False",""
"cmrobvei","Cynthia Robveille","College of Veterinary Medicine","Clinical Sciences","","False","3","17","#56B4E9","False",""
"jtbrinkm","Joshua Brinkman","College of Humanities and Social Sciences","Interdisciplinary Studies","","False","1","1","#CC79A7","False",""
"mthuo","Martin Thuo","College of Engineering","Materials Science and Engineering","","False","5","131","#0072B2","False",""
"jliu38","Jun Liu","College of Engineering","Mechanical and Aerospace Engineering","","False","3","73","#0072B2","False",""
"dmnielse","Dahlia Nielsen","College of Sciences","Biological Sciences","","False","1","24","#009E73","False",""
"icarbon","Ignazio Carbone","College of Agriculture and Life Sciences","Entomology and Plant Pathology","","False","8","89","#E69F00","False",""
"kjohns22","Kennita Johnson","College of Engineering","Biomedical Engineering","","False","3","4","#0072B2","False",""
"cgastro","Claudia Gastrow","College of Humanities and Social Sciences","Sociology and Anthropology","","False","2","19","#CC79A7","False",""
"mtchu","Moody Chu","College of Sciences","Mathematics","","False","2","48","#009E73","False",""
"rblanger","Brian Langerhans","College of Sciences","Biological Sciences","","False","1","49","#009E73","False",""
"srmilla","Susana Milla-Lewis","College of Agriculture and Life Sciences","Crop and Soil Sciences","","False","6","78","#E69F00","False",""
"tmschaef","Thomas Schaefer","College of Sciences","Physics","","False","1","91","#009E73","False",""
"jli256","Jiajia Li","College of Engineering","Computer Science","","False","3","12","#0072B2","False",""
"lgtateos","Laura Tateosian","College of Natural Resources","Center for Geospatial Analytics","","False","2","22","#9B59B6","False",""
"khan","Saad Khan","College of Engineering","Chemical and Biomolecular Engineering","","False","15","178","#0072B2","False",""
"rdutta","Rudra Dutta","College of Engineering","Computer Science","","False","8","74","#0072B2","False",""
"oozdemi","Ozgur Ozdemir","College of Engineering","Electrical and Computer Engineering","","False","5","35","#0072B2","False",""
"howare","Henry Ware","College of Engineering","Mechanical and Aerospace Engineering","","False","1","9","#0072B2","False",""
"yliu335","Yuan Liu","College of Engineering","Electrical and Computer Engineering","","False","2","43","#0072B2","False",""
"fli5","Fanxing Li","College of Engineering","Chemical and Biomolecular Engineering","","False","20","170","#0072B2","False",""
"cpatton4","Colleen Patton","College of Humanities and Social Sciences","Psychology","","False","2","14","#CC79A7","False",""
"xgu","Xiaohui Gu","College of Engineering","Computer Science","","False","3","33","#0072B2","False",""
"jjcarro3","Jennifer Carroll","College of Humanities and Social Sciences","Sociology and Anthropology","","False","7","61","#CC79A7","False",""
"jminogu","James Minogue","College of Education","Teacher Education and Learning Sciences","","False","1","23","#D55E00","False",""
"mdparker","Matthew Parker","College of Sciences","Marine, Earth, and Atmospheric Sciences","","False","3","64","#009E73","False",""
"jldonald","Joseph Donaldson","College of Agriculture and Life Sciences","Agricultural and Human Sciences","","False","3","27","#E69F00","False",""
"mecoope3","Matthew Cooper","College of Engineering","Chemical and Biomolecular Engineering","","False","3","25","#0072B2","False",""
"dpgenere","David Genereux","College of Sciences","Marine, Earth, and Atmospheric Sciences","","False","7","40","#009E73","False",""
"mchoudo","Mallory Choudoir","College of Agriculture and Life Sciences","Plant and Microbial Biology","","False","4","24","#E69F00","False",""
"apdavis5","Andrew Davis","College of Humanities and Social Sciences","Sociology and Anthropology","","False","2","16","#CC79A7","False",""
"rrkulkar","Ravi Kulkarni","College of Veterinary Medicine","Population Health and Pathobiology","","False","10","62","#56B4E9","False",""
"ttheis","Thomas Theis","College of Sciences","Chemistry","","False","12","119","#009E73","False",""
"gbuckner","Gregory Buckner","College of Engineering","Mechanical and Aerospace Engineering","","False","3","67","#0072B2","False",""
"gvalacc","Giuseppe Valacchi","College of Agriculture and Life Sciences","Kannapolis Research","","False","17","248","#E69F00","False",""
"kowalsky","Mervyn Kowalsky","College of Engineering","Civil, Construction and Environmental Engineering","","False","4","71","#0072B2","False",""
"aemcgill","Alicia McGill","College of Humanities and Social Sciences","History","","False","2","10","#CC79A7","False",""
"kmathur","Kavita Mathur","Wilson College of Textiles","Textile and Apparel, Technology and Management","","False","2","29","#1ABC9C","False",""
"eamckenn","Erin McKenney","College of Agriculture and Life Sciences","Applied Ecology","","False","4","39","#E69F00","False",""
"paulf","Paul Franzon","College of Engineering","Electrical and Computer Engineering","","False","9","194","#0072B2","False",""
"spavlid","Spyridon Pavlidis","College of Engineering","Electrical and Computer Engineering","","False","8","41","#0072B2","False",""
"wphan","William Phan","Poole College of Management","Economics","","False","3","10","#F0E442","False",""
"amaity","Arnab Maity","College of Sciences","Statistics","","False","2","75","#009E73","False",""
"jlnietfe","John Nietfeld","College of Education","Teacher Education and Learning Sciences","","False","1","39","#D55E00","False",""
"dgkamper","Derek Kamper","College of Engineering","Biomedical Engineering","","False","10","53","#0072B2","False",""
"mcaner","Mehmet Caner","Poole College of Management","Economics","","False","1","24","#F0E442","False",""
"bcclift","Bryan Clift","College of Natural Resources","Parks, Recreation and Tourism Management","","False","1","46","#9B59B6","False",""
"tmbarnes","Tiffany Barnes","College of Engineering","Computer Science","","False","12","173","#0072B2","False",""
"tmharri7","Tara Harrison","College of Veterinary Medicine","Clinical Sciences","","False","9","63","#56B4E9","False",""
"ajkeung","Albert Keung","College of Engineering","Chemical and Biomolecular Engineering","","False","4","54","#0072B2","False",""
"bmasmith","Charles Smith","College of Sciences","Statistics","","False","1","13","#009E73","False",""
"galewbar","Gregory Lewbart","College of Veterinary Medicine","Clinical Sciences","","False","10","160","#56B4E9","False",""
"jliu96","Jianqing Liu","College of Engineering","Computer Science","","False","7","26","#0072B2","False",""
"bgwalan","Bharat Gwalani","College of Engineering","Materials Science and Engineering","","False","20","147","#0072B2","False",""
"yslee","Yuan-Shin Lee","College of Engineering","Edward P. Fitts Department of Industrial & Systems Engineering","","False","1","52","#0072B2","False",""
"rwmurray","Ryan Murray","College of Sciences","Mathematics","","False","2","23","#009E73","False",""
"asnocera","Amato Nocera","College of Education","Teacher Education and Learning Sciences","","False","3","5","#D55E00","False",""
"bafloyd","Brian Floyd","College of Engineering","Electrical and Computer Engineering","","False","6","102","#0072B2","False",""
"clanzas","Cristina Lanzas","College of Veterinary Medicine","Population Health and Pathobiology","","False","6","79","#56B4E9","False",""
"dosmond","Deanna Osmond","College of Agriculture and Life Sciences","Crop and Soil Sciences","","False","8","89","#E69F00","False",""
"efpearso","Erin Frey","College of Veterinary Medicine","Clinical Sciences","","False","4","20","#56B4E9","False",""
"alwelch","Amanda Ziegler","College of Veterinary Medicine","Molecular Biomedical Sciences","","False","4","31","#56B4E9","False",""
"jjacosta","Juan Acosta Jaramillo","College of Natural Resources","Forestry and Environmental Resources","","False","4","34","#9B59B6","False",""
"jodle","Jack Odle","College of Agriculture and Life Sciences","Animal Science","","False","5","158","#E69F00","False",""
"jswarts","Jason Swarts","College of Humanities and Social Sciences","English","","False","3","29","#CC79A7","False",""
"jmpolla3","Jeffrey Pollack","Poole College of Management","Management, Innovation and Entrepreneurship","","False","6","91","#F0E442","False",""
"dsun4","Dali Sun","College of Sciences","Physics","","False","5","88","#009E73","False",""
"miorizz","Massimo Iorizzo","College of Agriculture and Life Sciences","Horticultural Science","","False","8","115","#E69F00","False",""
"qwei3","Qingshan Wei","College of Engineering","Chemical and Biomolecular Engineering","","False","8","97","#0072B2","False",""
"cyeh4","Chi-An Yeh","College of Engineering","Mechanical and Aerospace Engineering","","False","4","31","#0072B2","False",""
"sesmith5","Sarah Heckman","College of Engineering","Computer Science","","False","6","37","#0072B2","False",""
"ssarka23","Susmita Sarkar","College of Engineering","Mechanical and Aerospace Engineering","","False","2","14","#0072B2","False",""
"wdavis","William Davis","College of Engineering","Electrical and Computer Engineering","","False","1","66","#0072B2","False",""
"madesouc","Michaela DeSoucey","College of Humanities and Social Sciences","Sociology and Anthropology","","False","5","29","#CC79A7","False",""
"oapetrit","Olivia Petritz","College of Veterinary Medicine","Clinical Sciences","","False","4","44","#56B4E9","False",""
"owduckwo","Owen Duckworth","College of Agriculture and Life Sciences","Crop and Soil Sciences","","False","4","83","#E69F00","False",""
"gsmith5","Gavin Smith","College of Design","Landscape Architecture and Environmental Planning","","False","3","6","#E74C3C","False",""
"adferna2","April Fernandes","College of Humanities and Social Sciences","Sociology and Anthropology","","False","1","15","#CC79A7","False",""
"adpierce","April Fogleman","College of Agriculture and Life Sciences","Food, Bioprocessing, and Nutrition Sciences","","False","1","16","#E69F00","False",""
"mhoffma3","Mark Hoffmann","College of Agriculture and Life Sciences","Horticultural Science","","False","3","30","#E69F00","False",""
"ebeltra2","Eduardo Beltranena","College of Agriculture and Life Sciences","Animal Science","","False","8","122","#E69F00","False",""
"jmlandin","Jennifer Landin","College of Sciences","Biological Sciences","","False","1","4","#009E73","False",""
"wtang23","Wentao Tang","College of Engineering","Chemical and Biomolecular Engineering","","False","1","49","#0072B2","False",""
"falvesc","Felipe Carvalho da Silva","College of Agriculture and Life Sciences","Animal Science","","False","4","28","#E69F00","False",""
"blnowell","Branda Nowell","College of Humanities and Social Sciences","Political Science & Public Administration [in the School of Public and International Affairs]","","False","1","46","#CC79A7","False",""
"dlrober4","David Roberts","College of Engineering","Computer Science","","False","5","49","#0072B2","False",""
"dmkearns","Devin Kearns","College of Education","Teacher Education and Learning Sciences","","False","5","57","#D55E00","False",""
"emschlie","Erin Schliep","College of Sciences","Statistics","","False","2","49","#009E73","False",""
"cnwilli6","Nathan Williams","College of Natural Resources","Parks, Recreation and Tourism Management","","False","2","6","#9B59B6","False",""
"mtknauer","Mark Knauer","College of Agriculture and Life Sciences","Animal Science","","False","1","40","#E69F00","False",""
"gproest","Giorgio Proestos","College of Engineering","Civil, Construction and Environmental Engineering","","False","4","21","#0072B2","False",""
"jcdunne","Jeffrey Dunne","College of Agriculture and Life Sciences","Crop and Soil Sciences","","False","7","34","#E69F00","False",""
"sagui","Celeste Sagui","College of Sciences","Physics","","False","2","58","#009E73","False",""
"xfang8","Xiaolei Fang","College of Engineering","Edward P. Fitts Department of Industrial & Systems Engineering","","False","3","31","#0072B2","False",""
"bjreadin","Benjamin Reading","College of Agriculture and Life Sciences","Applied Ecology","","False","1","58","#E69F00","False",""
"hwang18","Hong Wang","College of Sciences","Physics","","False","2","48","#009E73","False",""
"pojiamb","Peter Ojiambo","College of Agriculture and Life Sciences","Entomology and Plant Pathology","","False","9","93","#E69F00","False",""
"rasdorf","William Rasdorf","College of Engineering","Civil, Construction and Environmental Engineering","","False","3","77","#0072B2","False",""
"lwang5","Lingjuan Li","College of Agriculture and Life Sciences","Biological and Agricultural Engineering","","False","4","51","#E69F00","False",""
"segarrig","Shelley Garrigan","College of Humanities and Social Sciences","World Languages and Cultures","","False","2","11","#CC79A7","False",""
"wfhunt","William Hunt","College of Agriculture and Life Sciences","Biological and Agricultural Engineering","","False","2","234","#E69F00","False",""
"hvtafres","Hooman Tafreshi","College of Engineering","Mechanical and Aerospace Engineering","","False","2","150","#0072B2","False",""
"birgand","Francois Birgand","College of Agriculture and Life Sciences","Biological and Agricultural Engineering","","False","4","69","#E69F00","False",""
"bwiegman","Brian Wiegmann","College of Agriculture and Life Sciences","Entomology and Plant Pathology","","False","2","66","#E69F00","False",""
"rkgupta2","Rajeev Gupta","College of Engineering","Materials Science and Engineering","","False","19","127","#0072B2","False",""
"ahuerta","Alejandra Huerta","College of Agriculture and Life Sciences","Entomology and Plant Pathology","","False","4","23","#E69F00","False",""
"eooviedo","Edgar Oviedo-Rondon","College of Agriculture and Life Sciences","Prestage Department of Poultry Science","","False","3","91","#E69F00","False",""
"jgenzer","Jan Genzer","College of Engineering","Chemical and Biomolecular Engineering","","False","7","233","#0072B2","False",""
"kstapel","Katharina Stapelmann","College of Engineering","Nuclear Engineering","","False","3","88","#0072B2","False",""
"mpsingh","Munindar Singh","College of Engineering","Computer Science","","False","12","230","#0072B2","False",""
"kenartke","Kate Nartker","Wilson College of Textiles","Textile and Apparel, Technology and Management","","False","3","7","#1ABC9C","False",""
"demarti4","Donald Martin","College of Sciences","Statistics","","False","1","15","#009E73","False",""
"lgamsja","Lisa Gamsjaeger","College of Veterinary Medicine","Population Health and Pathobiology","","False","4","26","#56B4E9","False",""
"bernholc","Jerzy Bernholc","College of Sciences","Physics","","False","4","79","#009E73","False",""
"jbraun2","James Braun","College of Engineering","Mechanical and Aerospace Engineering","","False","5","60","#0072B2","False",""
"lpham4","Lam Pham","College of Education","Educational Leadership, Policy, and Human Development","","False","7","18","#D55E00","False",""
"alee29","Andrew Lee","College of Engineering","Mechanical and Aerospace Engineering","","False","3","33","#0072B2","False",""
"jfeng2","Jing Feng","College of Humanities and Social Sciences","Psychology","","False","5","41","#CC79A7","False",""
"hsgill2","Harvinder Gill","College of Engineering","Chemical and Biomolecular Engineering","","False","9","83","#0072B2","False",""
"cgdyer","Chelsey Dyer","College of Humanities and Social Sciences","Sociology and Anthropology","","False","1","2","#CC79A7","False",""
"chsiao2","Lilian Hsiao","College of Engineering","Chemical and Biomolecular Engineering","","False","3","43","#0072B2","False",""
"jfpatric","Jason Patrick","College of Engineering","Civil, Construction and Environmental Engineering","","False","2","27","#0072B2","False",""
"thsieh3","Tzung Fu Hsieh","College of Agriculture and Life Sciences","Plant and Microbial Biology","","False","3","47","#E69F00","False",""
"gconant","Gavin Conant","College of Sciences","Biological Sciences","","False","2","80","#009E73","False",""
"tpang","Tao Pang","College of Sciences","Mathematics","","False","2","37","#009E73","False",""
"nebuchle","Nick Buchler","College of Veterinary Medicine","Molecular Biomedical Sciences","","False","2","34","#56B4E9","False",""
"jvveliad","Victor Veliadis","College of Engineering","Electrical and Computer Engineering","","False","8","93","#0072B2","False",""
"murty","Korukonda Murty","College of Engineering","Nuclear Engineering","","False","3","113","#0072B2","False",""
"amhardis","Annie Hardison-Moody","College of Agriculture and Life Sciences","Agricultural and Human Sciences","","False","5","43","#E69F00","False",""
"yszhang","Y  Stacy Zhang","College of Sciences","Marine, Earth, and Atmospheric Sciences","","False","4","23","#009E73","False",""
"hchen57","Hsuan Chen","College of Agriculture and Life Sciences","Horticultural Science","","False","1","25","#E69F00","False",""
"yzhu7","Yong Zhu","College of Engineering","Mechanical and Aerospace Engineering","","False","20","214","#0072B2","False",""
"tdefranc","Teresa DeFrancesco","College of Veterinary Medicine","Clinical Sciences","","False","1","70","#56B4E9","False",""
"thassan","Tasnim Hassan","College of Engineering","Civil, Construction and Environmental Engineering","","False","3","71","#0072B2","False",""
"vmcatete","Veronica Catete","College of Engineering","Computer Science","","False","6","76","#0072B2","False",""
"jwhiteh2","Justin Whitehill","College of Natural Resources","Forestry and Environmental Resources","","False","2","28","#9B59B6","False",""
"skais","Sabre Kais","College of Engineering","Electrical and Computer Engineering","","False","10","142","#0072B2","False",""
"vnaraya3","Venkateswaran Narayanaswamy","College of Engineering","Mechanical and Aerospace Engineering","","False","10","93","#0072B2","False",""
"spark26","Soonhye Park","College of Education","Science, Technology, Engineering, & Mathematics Education","","False","6","54","#D55E00","False",""
"cmbyrd3","Christy Byrd","College of Education","Teacher Education and Learning Sciences","","False","4","40","#D55E00","False",""
"rebaynes","Ronald Baynes","College of Veterinary Medicine","Population Health and Pathobiology","","False","5","131","#56B4E9","False",""
"mscastil","Miguel Castillo","College of Agriculture and Life Sciences","Crop and Soil Sciences","","False","5","48","#E69F00","False",""
"hluo2","Hong Luo","College of Engineering","Mechanical and Aerospace Engineering","","False","2","52","#0072B2","False",""
"idiazmu","Ilenys Perez Diaz","College of Agriculture and Life Sciences","Food, Bioprocessing, and Nutrition Sciences","","False","4","38","#E69F00","False",""
"rtian2","Renran Tian","College of Engineering","Edward P. Fitts Department of Industrial & Systems Engineering","","False","6","57","#0072B2","False",""
"sgallen","Steven Allen","Poole College of Management","Economics","","False","1","8","#F0E442","False",""
"areysan","Camilo Rey-Sanchez","College of Sciences","Marine, Earth, and Atmospheric Sciences","","False","3","37","#009E73","False",""
"jyin8","Jie Yin","College of Engineering","Mechanical and Aerospace Engineering","","False","6","85","#0072B2","False",""
"pjearly","Peter Early","College of Veterinary Medicine","Clinical Sciences","","False","2","37","#56B4E9","False",""
"tschroe","Thomas Schroeder","Wilson College of Textiles","Textile Engineering, Chemistry and Science","","False","1","13","#1ABC9C","False",""
"bdhansen","Bernie Hansen","College of Veterinary Medicine","Clinical Sciences","","False","1","37","#56B4E9","False",""
"hsheese","H  Sebastian Heese","Poole College of Management","Information Technology, Analytics, & Operations","","False","5","49","#F0E442","False",""
"jaosborn","Jason Osborne","College of Sciences","Statistics","","False","1","80","#009E73","False",""
"rpaerl","Ryan Paerl","College of Sciences","Marine, Earth, and Atmospheric Sciences","","False","3","32","#009E73","False",""
"ldfusare","Lance Fusarelli","College of Education","Educational Leadership, Policy, and Human Development","","False","2","37","#D55E00","False",""
"zhilin","Zhilin Li","College of Sciences","Mathematics","","False","6","111","#009E73","False",""
"mjknuth","Melinda Knuth","College of Agriculture and Life Sciences","Horticultural Science","","False","5","40","#E69F00","False",""
"jkpacifi","Krishna Pacifici","College of Natural Resources","Forestry and Environmental Resources","","False","5","70","#9B59B6","False",""
"mfyfe","Margaret Simon","College of Humanities and Social Sciences","English","","False","2","11","#CC79A7","False",""
"aanevzor","Alexander Nevzorov","College of Sciences","Chemistry","","False","2","42","#009E73","False",""
"gary","Gary Lackmann","College of Sciences","Marine, Earth, and Atmospheric Sciences","","False","6","65","#009E73","False",""
"sitar","Zlatko Sitar","College of Engineering","Materials Science and Engineering","","False","14","226","#0072B2","False",""
"amwisema","Angela Wiseman","College of Education","Teacher Education and Learning Sciences","","False","1","22","#D55E00","False",""
"jfgrifen","Jill Grifenhagen","College of Education","Teacher Education and Learning Sciences","","False","3","22","#D55E00","False",""
"glmille3","Grady Miller","College of Agriculture and Life Sciences","Crop and Soil Sciences","","False","2","66","#E69F00","False",""
"jshen3","Jialong Shen","Wilson College of Textiles","Textile Engineering, Chemistry and Science","","False","3","38","#1ABC9C","False",""
"csdepern","Christopher DePerno","College of Natural Resources","Forestry and Environmental Resources","","False","2","135","#9B59B6","False",""
"wjwarner","Wendy Warner","College of Agriculture and Life Sciences","Agricultural and Human Sciences","","False","1","19","#E69F00","False",""
"jryu","Jong Eun Ryu","College of Engineering","Mechanical and Aerospace Engineering","","False","5","89","#0072B2","False",""
"cjohns28","Corey Johnson","College of Natural Resources","Parks, Recreation and Tourism Management","","False","10","92","#9B59B6","False",""
"fjlouws","Frank Louws","College of Agriculture and Life Sciences","Horticultural Science","","False","3","89","#E69F00","False",""
"jlgage","Joseph Gage","College of Agriculture and Life Sciences","Crop and Soil Sciences","","False","2","24","#E69F00","False",""
"smlukic","Srdjan Lukic","College of Engineering","Electrical and Computer Engineering","","False","6","107","#0072B2","False",""
"jdbloom","Dara Bloom","College of Agriculture and Life Sciences","Agricultural and Human Sciences","","False","1","26","#E69F00","False",""
"mlp","Michael Parker","College of Agriculture and Life Sciences","Horticultural Science","","False","1","6","#E69F00","False",""
"ekautz","Elizabeth Kautz","College of Engineering","Nuclear Engineering","","False","12","87","#0072B2","False",""
"avanwal","Acer VanWallendael","College of Agriculture and Life Sciences","Horticultural Science","","False","4","24","#E69F00","False",""
"aclark","Aaron Clark","College of Education","Science, Technology, Engineering, & Mathematics Education","","False","1","12","#D55E00","False",""
"baquroll","Barbara Qurollo","College of Veterinary Medicine","Clinical Sciences","","False","5","48","#56B4E9","False",""
"gflist","George List","College of Engineering","Civil, Construction and Environmental Engineering","","False","8","65","#0072B2","False",""
"rparaju","Rajan Parajuli","College of Natural Resources","Forestry and Environmental Resources","","False","9","75","#9B59B6","False",""
"vlindsa","Vincent Lindsay","College of Sciences","Chemistry","","False","3","51","#009E73","False",""
"jcallair","Jason Allaire","College of Humanities and Social Sciences","Psychology","","False","3","54","#CC79A7","False",""
"mgonza22","Maru Gonzalez","College of Agriculture and Life Sciences","Agricultural and Human Sciences","","False","2","21","#E69F00","False",""
"jmlukins","Jordan Lukins","College of Education","Teacher Education and Learning Sciences","","False","1","4","#D55E00","False",""
"tghosh","Tushar Ghosh","Wilson College of Textiles","Textile Engineering, Chemistry and Science","","False","2","51","#1ABC9C","False",""
"amgrunde","Amy Grunden","College of Agriculture and Life Sciences","North Carolina Agricultural Research Service","","False","3","60","#E69F00","False",""
"pflaleic","Frederik Laleicke","College of Natural Resources","Forest Biomaterials","","False","1","9","#9B59B6","False",""
"jgpierce","Joshua Pierce","College of Sciences","Chemistry","","False","4","71","#009E73","False",""
"mmuller2","Marie Muller","College of Engineering","Mechanical and Aerospace Engineering","","False","4","51","#0072B2","False",""
"rbormond","R  Bryan Ormond","Wilson College of Textiles","Textile Engineering, Chemistry and Science","","False","2","29","#1ABC9C","False",""
"ksbunds","Kyle Bunds","College of Natural Resources","Parks, Recreation and Tourism Management","","False","4","51","#9B59B6","False",""
"slbenne2","Sara Bennett","College of Veterinary Medicine","Clinical Sciences","","False","1","10","#56B4E9","False",""
"msuh2","Minyoung Suh","Wilson College of Textiles","Textile and Apparel, Technology and Management","","False","2","28","#1ABC9C","False",""
"bwhipker","Brian Whipker","College of Agriculture and Life Sciences","Horticultural Science","","False","3","62","#E69F00","False",""
"mkhisa","Moses Khisa","College of Humanities and Social Sciences","Political Science & Public Administration [in the School of Public and International Affairs]","","False","4","19","#CC79A7","False",""
"damarks","Devorah Stowe","College of Veterinary Medicine","Population Health and Pathobiology","","False","3","36","#56B4E9","False",""
"jnpearso","Jamie Pearson","College of Education","Teacher Education and Learning Sciences","","False","3","18","#D55E00","False",""
"tjhorn","Tim Horn","College of Engineering","Mechanical and Aerospace Engineering","","False","5","56","#0072B2","False",""
"bwbeeler","Benjamin Beeler","College of Engineering","Nuclear Engineering","","False","8","63","#0072B2","False",""
"misra","Kailash Misra","College of Sciences","Mathematics","","False","1","40","#009E73","False",""
"kaharfou","Khaled Abdel Harfoush","College of Engineering","Computer Science","","False","1","20","#0072B2","False",""
"cmlewell","Christina Lewellen","Poole College of Management","Accounting","","False","2","9","#F0E442","False",""
"srhopkin","Skylar Hopkins","College of Agriculture and Life Sciences","Applied Ecology","","False","4","25","#E69F00","False",""
"hroessn","Holly Roessner","College of Veterinary Medicine","Clinical Sciences","","False","1","11","#56B4E9","False",""
"efimenko","Kirill Efimenko","College of Engineering","Chemical and Biomolecular Engineering","","False","4","45","#0072B2","False",""
"imali","Ivana Mali","College of Natural Resources","Forestry and Environmental Resources","","False","5","33","#9B59B6","False",""
"lmneal2","Luke Neal","College of Engineering","Chemical and Biomolecular Engineering","","False","3","49","#0072B2","False",""
"mjscott3","Maxwell Scott","College of Agriculture and Life Sciences","Entomology and Plant Pathology","","False","6","82","#E69F00","False",""
"sgaddam4","Shobhan Gaddameedhi","College of Sciences","Biological Sciences","","False","6","52","#009E73","False",""
"mkatti","Madhusudan Katti","College of Humanities and Social Sciences","Interdisciplinary Studies","","False","2","41","#CC79A7","False",""
"mmcmull","Michelle McMullin","College of Humanities and Social Sciences","English","","False","2","7","#CC79A7","False",""
"bspace","Brian Space","College of Sciences","Chemistry","","False","3","131","#009E73","False",""
"jbtracy","Joseph Tracy","College of Engineering","Materials Science and Engineering","","False","4","88","#0072B2","False",""
"johata","Jun Ohata","College of Sciences","Chemistry","","False","8","46","#009E73","False",""
"amknowl3","Anna Gibson","College of Humanities and Social Sciences","English","","False","1","6","#CC79A7","False",""
"choyo","Cathrine Hoyo","College of Sciences","Biological Sciences","","False","16","153","#009E73","False",""
"eadenhar","Emiel Den Hartog","Wilson College of Textiles","Textile Engineering, Chemistry and Science","","False","4","71","#1ABC9C","False",""
"jeapen","Jacob Eapen","College of Engineering","Nuclear Engineering","","False","1","30","#0072B2","False",""
"jsjones7","Jill Jones","College of Education","Teacher Education and Learning Sciences","","False","1","10","#D55E00","False",""
"wliu25","Wusheng Liu","College of Agriculture and Life Sciences","Horticultural Science","","False","8","42","#E69F00","False",""
"ctfriend","Craig Friend","College of Humanities and Social Sciences","History","","False","1","7","#CC79A7","False",""
"celeprev","Catherine LePrevost","College of Agriculture and Life Sciences","Applied Ecology","","False","4","45","#E69F00","False",""
"jahoppin","Jane Hoppin","College of Sciences","Biological Sciences","","False","6","205","#009E73","False",""
"ahjhala","Arnav Jhala","College of Engineering","Computer Science","","False","4","42","#0072B2","False",""
"jpwang","Jack Wang","College of Natural Resources","Forestry and Environmental Resources","","False","4","54","#9B59B6","False",""
"hhuang11","He Huang","College of Engineering","Biomedical Engineering","","False","23","216","#0072B2","False",""
"lmgonza4","Liara Gonzalez","College of Veterinary Medicine","Clinical Sciences","","False","4","48","#56B4E9","False",""
"hmitaso","Helena Mitasova","College of Sciences","Marine, Earth, and Atmospheric Sciences","","False","3","95","#009E73","False",""
"mmfarazm","Mohammad Farazmand","College of Sciences","Mathematics","","False","4","44","#009E73","False",""
"yxu11","Yingjiao Xu","Wilson College of Textiles","Textile and Apparel, Technology and Management","","False","3","52","#1ABC9C","False",""
"hshuang","Hsiao-Ying Shadow Huang","College of Engineering","Mechanical and Aerospace Engineering","","False","4","56","#0072B2","False",""
"klmarti3","Katie Martin","College of Natural Resources","Forestry and Environmental Resources","","False","6","30","#9B59B6","False",""
"wtang8","Wenyuan Tang","College of Engineering","Electrical and Computer Engineering","","False","3","40","#0072B2","False",""
"dxlascel","Duncan Lascelles","College of Veterinary Medicine","Clinical Sciences","","False","12","226","#56B4E9","False",""
"akaprav","Alexandros Kapravelos","College of Engineering","Computer Science","","False","3","25","#0072B2","False",""
"mbreen3","Matthew Breen","College of Veterinary Medicine","Molecular Biomedical Sciences","","False","4","123","#56B4E9","False",""
"mvjoseph","Michael Joseph","College of Agriculture and Life Sciences","Prestage Department of Poultry Science","","False","2","25","#E69F00","False",""
"megruen","Margaret Gruen","College of Veterinary Medicine","Clinical Sciences","","False","5","97","#56B4E9","False",""
"qzhou9","Qiyu Zhou","College of Agriculture and Life Sciences","Crop and Soil Sciences","","False","1","8","#E69F00","False",""
"ktate","Kathryn Stevenson","College of Natural Resources","Parks, Recreation and Tourism Management","","False","8","75","#9B59B6","False",""
"hmhassan","Hosni Hassan","College of Agriculture and Life Sciences","Prestage Department of Poultry Science","","False","1","34","#E69F00","False",""
"ihusain2","Iqbal Husain","College of Engineering","Electrical and Computer Engineering","","False","14","200","#0072B2","False",""
"mtseifri","Martin Seifrid","College of Engineering","Materials Science and Engineering","","False","8","51","#0072B2","False",""
"jfbrazel","Joseph Brazel","Poole College of Management","Accounting","","False","2","18","#F0E442","False",""
"jtreme","Julianne Treme","College of Agriculture and Life Sciences","Agricultural and Resource Economics","","False","1","3","#E69F00","False",""
"tcaner","Turanay Caner","Poole College of Management","Management, Innovation and Entrepreneurship","","False","1","6","#F0E442","False",""
"xshen5","Xipeng Shen","College of Engineering","Computer Science","","False","11","160","#0072B2","False",""
"syang24","Shu Yang","College of Sciences","Statistics","","False","20","91","#009E73","False",""
"fathi","Yahya Fathi","College of Engineering","Edward P. Fitts Department of Industrial & Systems Engineering","","False","1","25","#0072B2","False",""
"mpairis","Monique Pairis-Garcia","College of Veterinary Medicine","Population Health and Pathobiology","","False","5","78","#56B4E9","False",""
"dasalvi","Deepti Salvi","College of Agriculture and Life Sciences","Food, Bioprocessing, and Nutrition Sciences","","False","7","50","#E69F00","False",""
"kgarcia2","Kevin Garcia","College of Agriculture and Life Sciences","Crop and Soil Sciences","","False","8","67","#E69F00","False",""
"skim235","Serena Kim","College of Humanities and Social Sciences","Political Science & Public Administration [in the School of Public and International Affairs]","","False","4","17","#CC79A7","False",""
"jzhan256","Jing Zhang","College of Agriculture and Life Sciences","Horticultural Science","","False","3","28","#E69F00","False",""
"hawest","Harvey West II","College of Engineering","Edward P. Fitts Department of Industrial & Systems Engineering","","False","1","16","#0072B2","False",""
"kbusch","K C Busch","College of Education","Science, Technology, Engineering, & Mathematics Education","","False","5","25","#D55E00","False",""
"xliu96","Xiaorui Liu","College of Engineering","Computer Science","","False","2","12","#0072B2","False",""
"ahross","Ann Ross","College of Sciences","Biological Sciences","","False","3","78","#009E73","False",""
"ekyoungs","Elsa Youngsteadt","College of Agriculture and Life Sciences","Applied Ecology","","False","1","45","#E69F00","False",""
"zqu5","Zhen Qu","College of Sciences","Marine, Earth, and Atmospheric Sciences","","False","10","36","#009E73","False",""
"ajbandod","Amay Bandodkar","College of Engineering","Electrical and Computer Engineering","","False","5","83","#0072B2","False",""
"gspowel2","Gareth Powell","College of Agriculture and Life Sciences","Entomology and Plant Pathology","","False","3","49","#E69F00","False",""
"jccarr","Jon Carr","Poole College of Management","Management, Innovation and Entrepreneurship","","False","1","30","#F0E442","False",""
"mgpapich","Mark Papich","College of Veterinary Medicine","Molecular Biomedical Sciences","","False","6","247","#56B4E9","False",""
"mmmoore4","Marguerite Moore","Wilson College of Textiles","Textile and Apparel, Technology and Management","","False","1","18","#1ABC9C","False",""
"ahk","Hamid Krim","College of Engineering","Electrical and Computer Engineering","","False","5","135","#0072B2","False",""
"memayorg","Maria Mayorga","College of Engineering","Engineering Research","","False","9","85","#0072B2","False",""
"zmitkov","Zlatin Mitkov","College of Humanities and Social Sciences","Political Science & Public Administration [in the School of Public and International Affairs]","","False","1","4","#CC79A7","False",""
"gdcollin","Guy Collins","College of Agriculture and Life Sciences","Crop and Soil Sciences","","False","3","25","#E69F00","False",""
"ncgoldma","Nathan Goldman","Poole College of Management","Accounting","","False","4","17","#F0E442","False",""
"dfarfur","Dima Farfurnik","College of Engineering","Electrical and Computer Engineering","","False","1","24","#0072B2","False",""
"smbelch2","Scott Belcher","College of Sciences","Biological Sciences","","False","6","69","#009E73","False",""
"ajjaeger","Audrey Jaeger","College of Education","Educational Leadership, Policy, and Human Development","","False","1","42","#D55E00","False",""
"hsu4","Hao Su","College of Engineering","Mechanical and Aerospace Engineering","","False","13","36","#0072B2","False",""
"ikalnin","Ilze Kalnina","Poole College of Management","Economics","","False","1","8","#F0E442","False",""
"menomot","Masataka Enomoto","College of Veterinary Medicine","Clinical Sciences","","False","3","27","#56B4E9","False",""
"tdpark","Travis Park","College of Agriculture and Life Sciences","Agricultural and Human Sciences","","False","1","6","#E69F00","False",""
"kemahony","Kristen Mahony-Atallah","College of Humanities and Social Sciences","Psychology","","False","1","8","#CC79A7","False",""
"dkim29","Daisoon Kim","Poole College of Management","Economics","","False","1","7","#F0E442","False",""
"sbshah3","Sanjay Shah","College of Agriculture and Life Sciences","Biological and Agricultural Engineering","","False","4","54","#E69F00","False",""
"kmmurph1","Kathryn Murphy","College of Veterinary Medicine","Clinical Sciences","","False","2","11","#56B4E9","False",""
"rhernan4","Ricardo Hernandez","College of Agriculture and Life Sciences","Horticultural Science","","False","1","41","#E69F00","False",""
"rllongla","Richard Longland","College of Sciences","Physics","","False","4","72","#009E73","False",""
"tsmorril","Thayer Morrill","Poole College of Management","Economics","","False","1","24","#F0E442","False",""
"ahaque3","Abida Haque","College of Engineering","Computer Science","","False","2","2","#0072B2","False",""
"mmkinley","Maya Kinley-Hanlon","College of Sciences","Physics","","False","16","92","#009E73","False",""
"rjanaki","Ram Janakiraman","Poole College of Management","Marketing","","False","1","29","#F0E442","False",""
"rlbayles","Rosemary Bayless","College of Veterinary Medicine","Molecular Biomedical Sciences","","False","2","10","#56B4E9","False",""
"assuryaw","Amol Suryawanshi","College of Veterinary Medicine","Population Health and Pathobiology","","False","2","52","#56B4E9","False",""
"alietz","Amanda Lietz","College of Engineering","Nuclear Engineering","","False","1","23","#0072B2","False",""
"claplan","Caroline Laplante","College of Veterinary Medicine","Molecular Biomedical Sciences","","False","2","20","#56B4E9","False",""
"sshasha2","Sara Shashaani","College of Engineering","Edward P. Fitts Department of Industrial & Systems Engineering","","False","3","36","#0072B2","False",""
"flaggne","Florian Laggner","College of Engineering","Nuclear Engineering","","False","10","92","#0072B2","False",""
"xwang97","Xiaoqiu Wang","College of Agriculture and Life Sciences","Animal Science","","False","3","52","#E69F00","False",""
"hwan4","Hong Wan","College of Engineering","Edward P. Fitts Department of Industrial & Systems Engineering","","False","1","10","#0072B2","False",""
"mroe","R  Michael Roe","College of Agriculture and Life Sciences","Entomology and Plant Pathology","","False","6","75","#E69F00","False",""
"xli24","Xu Li","College of Agriculture and Life Sciences","Plant and Microbial Biology","","False","3","38","#E69F00","False",""
"agrinba","Alon Greenbaum","College of Engineering","Biomedical Engineering","","False","5","24","#0072B2","False",""
"slchen2","Stefanie Chen","College of Sciences","Biological Sciences","","False","1","21","#009E73","False",""
"cpmorris","Cassie Lilly","College of Sciences","Chemistry","","False","1","13","#009E73","False",""
"cehartm2","Catherine Hartman","College of Education","Educational Leadership, Policy, and Human Development","","False","3","10","#D55E00","False",""
"macowley","Michael Cowley","College of Sciences","Biological Sciences","","False","4","30","#009E73","False",""
"classen","John Classen","College of Agriculture and Life Sciences","Biological and Agricultural Engineering","","False","6","40","#E69F00","False",""
"dlaylor","David Aylor","College of Sciences","Biological Sciences","","False","2","35","#009E73","False",""
"amlocke2","Anna Locke","College of Agriculture and Life Sciences","Crop and Soil Sciences","","False","4","35","#E69F00","False",""
"kzhou22","Kaixiong Zhou","College of Engineering","Electrical and Computer Engineering","","False","10","39","#0072B2","False",""
"smcoster","Stacy DeCoster","College of Humanities and Social Sciences","Sociology and Anthropology","","False","1","29","#CC79A7","False",""
"pdumbach","Paul Umbach","College of Education","Educational Leadership, Policy, and Human Development","","False","1","24","#D55E00","False",""
"czakas","Christina Zakas","College of Sciences","Biological Sciences","","False","2","25","#009E73","False",""
"nlalloo","Naish Lalloo","College of Sciences","Chemistry","","False","1","5","#009E73","False",""
"rychirko","Rada Chirkova","College of Engineering","Computer Science","","False","2","35","#0072B2","False",""
"blkirkma","Bradley Kirkman","Poole College of Management","Management, Innovation and Entrepreneurship","","False","6","76","#F0E442","False",""
"carendt","Carli Arendt","College of Sciences","Marine, Earth, and Atmospheric Sciences","","False","6","31","#009E73","False",""
"dhale","Donnie Hale","Poole College of Management","Information Technology, Analytics, & Operations","","False","1","1","#F0E442","False",""
"jher","Jiwoong Her","College of Veterinary Medicine","Clinical Sciences","","False","4","35","#56B4E9","False",""
"jducoste","Joel Ducoste","College of Engineering","Engineering Research","","False","1","93","#0072B2","False",""
"kanderso","Kenneth Anderson","College of Agriculture and Life Sciences","Prestage Department of Poultry Science","","False","1","107","#E69F00","False",""
"nsingle","Nicola Singletary","College of Agriculture and Life Sciences","Food, Bioprocessing, and Nutrition Sciences","","False","1","6","#E69F00","False",""
"wjiang8","Wen Jiang","College of Engineering","Nuclear Engineering","","False","12","67","#0072B2","False",""
"zalsmad","Zeinab Alsmadi","College of Engineering","Nuclear Engineering","","False","3","7","#0072B2","False",""
"ddreisig","Dominic Reisig","College of Agriculture and Life Sciences","Entomology and Plant Pathology","","False","14","186","#E69F00","False",""
"gabr","Mohammed Gabr","College of Engineering","Civil, Construction and Environmental Engineering","","False","7","124","#0072B2","False",""
"awhitfi","Anna Whitfield","College of Agriculture and Life Sciences","Entomology and Plant Pathology","","False","13","110","#E69F00","False",""
"dlee48","Donggun Lee","College of Engineering","Mechanical and Aerospace Engineering","","False","2","7","#0072B2","False",""
"mrhyman","Michael Hyman","College of Agriculture and Life Sciences","Plant and Microbial Biology","","False","1","34","#E69F00","False",""
"bmmorten","Brina Montoya","College of Engineering","Civil, Construction and Environmental Engineering","","False","13","105","#0072B2","False",""
"csgalik","Christopher Galik","College of Humanities and Social Sciences","Political Science & Public Administration [in the School of Public and International Affairs]","","False","3","42","#CC79A7","False",""
"eaison","Elon Ison","College of Sciences","Chemistry","","False","1","49","#009E73","False",""
"mastanko","Michael Stanko","Poole College of Management","Marketing","","False","2","17","#F0E442","False",""
"oargell","Orlando Arguello-Miranda","College of Agriculture and Life Sciences","Plant and Microbial Biology","","False","3","21","#E69F00","False",""
"tghashg","Troy Ghashghaei","College of Veterinary Medicine","Molecular Biomedical Sciences","","False","2","45","#56B4E9","False",""
"mmpop","Margareta Thomson","College of Education","Teacher Education and Learning Sciences","","False","1","28","#D55E00","False",""
"krmunana","Karen Munana","College of Veterinary Medicine","Clinical Sciences","","False","2","69","#56B4E9","False",""
"arumyan","Artem Rumyantsev","College of Engineering","Chemical and Biomolecular Engineering","","False","2","45","#0072B2","False",""
"jburk","JoAnn Burkholder","College of Agriculture and Life Sciences","Center for Applied Aquatic Ecology","","False","1","59","#E69F00","False",""
"bmmcconn","Brandon McConnell","College of Engineering","Edward P. Fitts Department of Industrial & Systems Engineering","","False","1","30","#0072B2","False",""
"agulyuk","Alexey Gulyuk","College of Engineering","Materials Science and Engineering","","False","1","7","#0072B2","False",""
"sdneuper","Shevaun Neupert","College of Humanities and Social Sciences","Psychology","","False","8","105","#CC79A7","False",""
"mulvey","Paul Mulvey","Poole College of Management","Management, Innovation and Entrepreneurship","","False","1","5","#F0E442","False",""
"vskokov","Vladimir Skokov","College of Sciences","Physics","","False","8","222","#009E73","False",""
"martinjd","James Martin","College of Sciences","Chemistry","","False","3","46","#009E73","False",""
"lvschnab","Lauren Schnabel","College of Veterinary Medicine","Clinical Sciences","","False","11","102","#56B4E9","False",""
"udur","Umut Dur","Poole College of Management","Economics","","False","4","33","#F0E442","False",""
"jboninf","Juliana Bonin Ferreira","College of Veterinary Medicine","Population Health and Pathobiology","","False","1","7","#56B4E9","False",""
"jsbaker4","Justin Baker","College of Natural Resources","Forestry and Environmental Resources","","False","13","84","#9B59B6","False",""
"jpkerns","James Kerns","College of Agriculture and Life Sciences","Entomology and Plant Pathology","","False","2","47","#E69F00","False",""
"peaveret","Paige Averett","College of Humanities and Social Sciences","Social Work","","False","3","53","#CC79A7","False",""
"mcricker","Matt Ricker","College of Agriculture and Life Sciences","Crop and Soil Sciences","","False","4","27","#E69F00","False",""
"twprice","Thomas Price","College of Engineering","Computer Science","","False","7","56","#0072B2","False",""
"slarson","Sarah Larson","College of Sciences","Marine, Earth, and Atmospheric Sciences","","False","5","26","#009E73","False",""
"xilin","Lin Xi","College of Agriculture and Life Sciences","Animal Science","","False","4","121","#E69F00","False",""
"jastern","Joshua Stern","College of Veterinary Medicine","College of Veterinary Medicine Administration","","False","9","149","#56B4E9","False",""
"jwalgenb","James Walgenbach","College of Agriculture and Life Sciences","Entomology and Plant Pathology","","False","4","47","#E69F00","False",""
"mkpeed","Katie Sheats","College of Veterinary Medicine","College of Veterinary Medicine Administration","","False","2","42","#56B4E9","False",""
"mlardons","Marcelo Ardon","College of Natural Resources","Forestry and Environmental Resources","","False","8","67","#9B59B6","False",""
"wgao5","Wei Gao","Wilson College of Textiles","Textile Engineering, Chemistry and Science","","False","4","63","#1ABC9C","False",""
"hzhou","Huiyang Zhou","College of Engineering","Electrical and Computer Engineering","","False","5","86","#0072B2","False",""
"sbkulesz","Stephanie Kulesza","College of Agriculture and Life Sciences","Crop and Soil Sciences","","False","7","17","#E69F00","False",""
"jwdoser","Jeffrey Doser","College of Natural Resources","Forestry and Environmental Resources","","False","2","24","#9B59B6","False",""
"anadkins","Amy Adkins","College of Engineering","Biomedical Engineering","","False","1","7","#0072B2","False",""
"mddickey","Michael Dickey","College of Engineering","Chemical and Biomolecular Engineering","","False","23","320","#0072B2","False",""
"amallav","Aditi Mallavarapu","College of Engineering","Computer Science","","False","1","9","#0072B2","False",""
"fmeille","Flora Meilleur","College of Agriculture and Life Sciences","Molecular and Structural Biochemistry","","False","13","90","#E69F00","False",""
"dcdorman","David Dorman","College of Veterinary Medicine","Molecular Biomedical Sciences","","False","2","91","#56B4E9","False",""
"ardequei","Anderson de Queiroz","College of Engineering","Civil, Construction and Environmental Engineering","","False","3","64","#0072B2","False",""
"wlu4","Wenbin Lu","College of Sciences","Statistics","","False","9","111","#009E73","False",""
"boos","Dennis Boos","College of Sciences","Statistics","","False","1","15","#009E73","False",""
"avlebude","Anthony Lebude","College of Agriculture and Life Sciences","Horticultural Science","","False","3","11","#E69F00","False",""
"caharms","Craig Harms","College of Veterinary Medicine","Clinical Sciences","","False","7","147","#56B4E9","False",""
"fwu","Fen Wu","College of Engineering","Mechanical and Aerospace Engineering","","False","2","137","#0072B2","False",""
"cbaker5","Christa Baker","College of Sciences","Biological Sciences","","False","1","17","#009E73","False",""
"awmeade","Adam Meade","College of Humanities and Social Sciences","Psychology","","False","2","50","#CC79A7","False",""
"cdsteve3","Clint Stevenson","College of Agriculture and Life Sciences","Food, Bioprocessing, and Nutrition Sciences","","False","1","10","#E69F00","False",""
"svincent","Steven Vincent","College of Humanities and Social Sciences","History","","False","2","29","#CC79A7","False",""
"ajziccar","Andrew Ziccarelli","College of Engineering","Civil, Construction and Environmental Engineering","","False","1","3","#0072B2","False",""
"agorny","Adrienne Gorny","College of Agriculture and Life Sciences","Entomology and Plant Pathology","","False","2","30","#E69F00","False",""
"zsbrown2","Zachary Brown","College of Agriculture and Life Sciences","Agricultural and Resource Economics","","False","2","45","#E69F00","False",""
"mayousse","Mohamed Youssef","College of Agriculture and Life Sciences","Biological and Agricultural Engineering","","False","4","72","#E69F00","False",""
"mbfisher","Matthew Fisher","College of Engineering","Biomedical Engineering","","False","5","82","#0072B2","False",""
"aamassi","Aram Amassian","College of Engineering","Materials Science and Engineering","","False","7","78","#0072B2","False",""
"msolufse","Mette Olufsen","College of Sciences","Mathematics","","False","3","73","#009E73","False",""
"sjiao2","Shuyin Jiao","College of Engineering","Computer Science","","False","1","6","#0072B2","False",""
"tlallen2","Tania Allen","College of Design","Media Arts, Design and Technology","","False","1","5","#E74C3C","False",""
"qyxiang","Qiuyun Xiang","College of Agriculture and Life Sciences","Plant and Microbial Biology","","False","3","78","#E69F00","False",""
"akrings","Alexander Krings","College of Agriculture and Life Sciences","Plant and Microbial Biology","","False","1","27","#E69F00","False",""
"dlgray2","DeLeon Gray","College of Education","Teacher Education and Learning Sciences","","False","3","26","#D55E00","False",""
"mabolha","Milad Abolhasani","College of Engineering","Chemical and Biomolecular Engineering","","False","13","119","#0072B2","False",""
"hlee33","Hanna Lee","Wilson College of Textiles","Textile and Apparel, Technology and Management","","False","3","19","#1ABC9C","False",""
"tbdimitr","Lina Battestilli","College of Engineering","Computer Science","","False","4","35","#0072B2","False",""
"jcolehu","Jacqueline Cole","College of Engineering","Biomedical Engineering","","False","1","41","#0072B2","False",""
"yliu292","Yin Liu","College of Engineering","Materials Science and Engineering","","False","1","43","#0072B2","False",""
"tssaksal","Teemu Saksala","College of Sciences","Mathematics","","False","1","9","#009E73","False",""
"rclark","Robert Clark","Poole College of Management","Economics","","False","3","85","#F0E442","False",""
"bwkeene","Bruce Keene","College of Veterinary Medicine","Clinical Sciences","","False","1","72","#56B4E9","False",""
"jimielke","Jeffrey Mielke","College of Humanities and Social Sciences","English","","False","3","45","#CC79A7","False",""
"mahaider","Mansoor Haider","College of Sciences","Mathematics","","False","2","35","#009E73","False",""
"dbmorais","Duarte Morais","College of Natural Resources","Parks, Recreation and Tourism Management","","False","1","43","#9B59B6","False",""
"ejjasels","Edward Jaselskis","College of Engineering","Civil, Construction and Environmental Engineering","","False","2","56","#0072B2","False",""
"mnguddat","Murthy Guddati","College of Engineering","Civil, Construction and Environmental Engineering","","False","3","76","#0072B2","False",""
"mrojasp","Marcela Pierce","College of Agriculture and Life Sciences","Plant and Microbial Biology","","False","1","27","#E69F00","False",""
"mhreiski","Michael Reiskind","College of Agriculture and Life Sciences","Entomology and Plant Pathology","","False","4","76","#E69F00","False",""
"wahoffma","William Hoffmann","College of Agriculture and Life Sciences","Plant and Microbial Biology","","False","1","84","#E69F00","False",""
"gmachad","Gustavo Machado","College of Veterinary Medicine","Population Health and Pathobiology","","False","13","193","#56B4E9","False",""
"ntdinh","Nam Dinh","College of Engineering","Nuclear Engineering","","False","5","81","#0072B2","False",""
"desaloni","Daniel Saloni","College of Natural Resources","Forest Biomaterials","","False","3","51","#9B59B6","False",""
"prhess","Paul Hess","College of Veterinary Medicine","Clinical Sciences","","False","1","36","#56B4E9","False",""
"gwalmond","Glen Almond","College of Veterinary Medicine","Population Health and Pathobiology","","False","6","40","#56B4E9","False",""
"smleona4","Suzanne Leonard","College of Agriculture and Life Sciences","Animal Science","","False","2","25","#E69F00","False",""
"sscmjv","Michael Vepraskas","College of Agriculture and Life Sciences","Crop and Soil Sciences","","False","1","38","#E69F00","False",""
"wditto","William Ditto","College of Sciences","Physics","","False","1","87","#009E73","False",""
"iguvenc","Ismail Guvenc","College of Engineering","Electrical and Computer Engineering","","False","21","154","#0072B2","False",""
"knappe","Detlef Knappe","College of Engineering","Civil, Construction and Environmental Engineering","","False","16","99","#0072B2","False",""
"sdfrank","Steven Frank","College of Agriculture and Life Sciences","Entomology and Plant Pathology","","False","3","72","#E69F00","False",""
"mhpoore","Matt Poore","College of Agriculture and Life Sciences","Animal Science","","False","5","99","#E69F00","False",""
"dhsuchof","David Suchoff","College of Agriculture and Life Sciences","Crop and Soil Sciences","","False","7","41","#E69F00","False",""
"fang","Shu-Cherng Fang","College of Engineering","Edward P. Fitts Department of Industrial & Systems Engineering","","False","6","142","#0072B2","False",""
"mtnance","Mark Nance","College of Humanities and Social Sciences","Political Science & Public Administration [in the School of Public and International Affairs]","","False","1","11","#CC79A7","False",""
"rgolub","Robert Golub","College of Sciences","Physics","","False","1","28","#009E73","False",""
"yhe29","Yingchen He","College of Humanities and Social Sciences","Psychology","","False","2","21","#CC79A7","False",""
"zholmes","Zakiya Leggett","College of Natural Resources","Forestry and Environmental Resources","","False","3","38","#9B59B6","False",""
"blhughes","Brian Hughes","College of Engineering","Electrical and Computer Engineering","","False","1","22","#0072B2","False",""
"lmquesad","Lina Quesada","College of Agriculture and Life Sciences","Entomology and Plant Pathology","","False","6","98","#E69F00","False",""
"baran","Mesut Baran","College of Engineering","Electrical and Computer Engineering","","False","5","59","#0072B2","False",""
"kim","Youngsoo Kim","College of Engineering","Civil, Construction and Environmental Engineering","","False","5","187","#0072B2","False",""
"tnaziz","Tarek Aziz","College of Engineering","Civil, Construction and Environmental Engineering","","False","1","16","#0072B2","False",""
"zguo32","Zhishan Guo","College of Engineering","Computer Science","","False","11","127","#0072B2","False",""
"dshamil3","Douglas Hamilton","College of Sciences","Marine, Earth, and Atmospheric Sciences","","False","11","87","#009E73","False",""
"mdamori","Marcelo D'Amorim","College of Engineering","Computer Science","","False","4","55","#0072B2","False",""
"tckraft","Tim Kraft","Poole College of Management","Information Technology, Analytics, & Operations","","False","1","15","#F0E442","False",""
"cdavis24","Catherine Davis","College of Sciences","Marine, Earth, and Atmospheric Sciences","","False","3","36","#009E73","False",""
"emzechma","Emily Berglund","College of Engineering","Civil, Construction and Environmental Engineering","","False","14","167","#0072B2","False",""
"sjcarrie","Sarah Carrier","College of Education","Teacher Education and Learning Sciences","","False","5","44","#D55E00","False",""
"amanzon","Anna Manzoni","College of Humanities and Social Sciences","Sociology and Anthropology","","False","1","26","#CC79A7","False",""
"aharris5","Angela Harris","College of Engineering","Civil, Construction and Environmental Engineering","","False","6","41","#0072B2","False",""
"cahintz","Cassie Castorena","College of Engineering","Civil, Construction and Environmental Engineering","","False","9","88","#0072B2","False",""
"kemccool","Katie McCool","College of Veterinary Medicine","Clinical Sciences","","False","1","8","#56B4E9","False",""
"jing","Naihuan Jing","College of Sciences","Mathematics","","False","25","203","#009E73","False",""
"mcoady","Maria Coady","College of Education","Education","","False","4","40","#D55E00","False",""
"calindgr","Chris Lindgren","College of Humanities and Social Sciences","English","","False","1","13","#CC79A7","False",""
"smarsha3","Samantha Marshall","College of Education","Teacher Education and Learning Sciences","","False","2","11","#D55E00","False",""
"jwstalli","Jonathan Stallrich","College of Sciences","Statistics","","False","1","41","#009E73","False",""
"kbadler","Kenneth Adler","College of Veterinary Medicine","Molecular Biomedical Sciences","","False","1","49","#56B4E9","False",""
"egnichol","Elizabeth Nichols","College of Natural Resources","Forestry and Environmental Resources","","False","1","34","#9B59B6","False",""
"terteme","Tugce Ertem Eray","College of Humanities and Social Sciences","Communication","","False","1","23","#CC79A7","False",""
"clmarian","Christopher Mariani","College of Veterinary Medicine","Clinical Sciences","","False","2","67","#56B4E9","False",""
"aihawari","Ayman Hawari","College of Engineering","Nuclear Engineering","","False","2","64","#0072B2","False",""
"zikry","Mohammed Zikry","College of Engineering","Mechanical and Aerospace Engineering","","False","4","180","#0072B2","False",""
"arwisnet","Abigail Armwood","College of Veterinary Medicine","Population Health and Pathobiology","","False","1","12","#56B4E9","False",""
"crcongre","Curtis Congreve","College of Sciences","Marine, Earth, and Atmospheric Sciences","","False","1","27","#009E73","False",""
"klhepwor","Kate Hepworth","College of Veterinary Medicine","Clinical Sciences","","False","3","35","#56B4E9","False",""
"nkotlar","Nadine Kotlarz","College of Engineering","Civil, Construction and Environmental Engineering","","False","4","21","#0072B2","False",""
"rriehn","Robert Riehn","College of Sciences","Physics","","False","3","53","#009E73","False",""
"mlmoncad","Marvin Moncada","College of Agriculture and Life Sciences","Food, Bioprocessing, and Nutrition Sciences","","False","2","25","#E69F00","False",""
"rcollaz","Ramon Collazo","College of Engineering","Materials Science and Engineering","","False","15","225","#0072B2","False",""
"sjbracke","Susan Barcinas","College of Education","Educational Leadership, Policy, and Human Development","","False","2","11","#D55E00","False",""
"tjmenzie","Timothy Menzies","College of Engineering","Computer Science","","False","9","172","#0072B2","False",""
"jethoma7","John Thomas","College of Sciences","Physics","","False","1","30","#009E73","False",""
"jpknelle","James Kneller","College of Sciences","Physics","","False","3","60","#009E73","False",""
"mliu10","Ming Liu","College of Engineering","Biomedical Engineering","","False","7","44","#0072B2","False",""
"lvbociu","Lorena Bociu","College of Sciences","Mathematics","","False","2","38","#009E73","False",""
"mwnolan","Michael Nolan","College of Veterinary Medicine","Clinical Sciences","","False","4","74","#56B4E9","False",""
"gkennedy","George Kennedy","College of Agriculture and Life Sciences","Entomology and Plant Pathology","","False","9","89","#E69F00","False",""
"flowers","William Flowers","College of Agriculture and Life Sciences","Animal Science","","False","1","39","#E69F00","False",""
"bourham","Mohamed Bourham","College of Engineering","Nuclear Engineering","","False","4","100","#0072B2","False",""
"mhill5","Marbella Hill","College of Humanities and Social Sciences","Sociology and Anthropology","","False","1","6","#CC79A7","False",""
"yzhan296","Yang Zhang","Wilson College of Textiles","Textile Engineering, Chemistry and Science","","False","2","54","#1ABC9C","False",""
"kwwegman","Karl Wegmann","College of Sciences","Marine, Earth, and Atmospheric Sciences","","False","9","90","#009E73","False",""
"stsynkov","Semyon Tsynkov","College of Sciences","Mathematics","","False","5","86","#009E73","False",""
"sjmcdona","Steve McDonald","College of Humanities and Social Sciences","Sociology and Anthropology","","False","3","41","#CC79A7","False",""
"arweave3","Andrew Weaver","College of Agriculture and Life Sciences","Animal Science","","False","1","26","#E69F00","False",""
"bolonyai","Agnes Bolonyai","College of Humanities and Social Sciences","English","","False","1","8","#CC79A7","False",""
"dxu27","Dongkuan Xu","College of Engineering","Computer Science","","False","3","37","#0072B2","False",""
"cebarbie","Carla Barbieri","College of Natural Resources","Parks, Recreation and Tourism Management","","False","6","68","#9B59B6","False",""
"chhaigle","Candace Haigler","College of Agriculture and Life Sciences","Crop and Soil Sciences","","False","2","62","#E69F00","False",""
"mgamcsi","Michael Gamcsik","College of Engineering","Biomedical Engineering","","False","3","16","#0072B2","False",""
"nmeskhi","Nicholas Meskhidze","College of Sciences","Marine, Earth, and Atmospheric Sciences","","False","3","63","#009E73","False",""
"raboulde","Rawn Boulden","College of Education","Educational Leadership, Policy, and Human Development","","False","11","26","#D55E00","False",""
"xfang3","Xiaomeng Fang","Wilson College of Textiles","Textile Engineering, Chemistry and Science","","False","5","29","#1ABC9C","False",""
"yzhou19","Amanda Zhou","College of Sciences","Biological Sciences","","False","12","72","#009E73","False",""
"jrelyea","Jackie Relyea","College of Education","Teacher Education and Learning Sciences","","False","7","39","#D55E00","False",""
"bgreaves","Brad Reaves","College of Engineering","Computer Science","","False","1","23","#0072B2","False",""
"lvkochtc","Lada Kochtcheeva","College of Humanities and Social Sciences","Political Science & Public Administration [in the School of Public and International Affairs]","","False","1","29","#CC79A7","False",""
"cxu34","Chenhan Xu","College of Engineering","Computer Science","","False","1","12","#0072B2","False",""
"mafenn2","Molly Fenn","College of Sciences","Mathematics","","False","1","3","#009E73","False",""
"agaweda","Adam Gaweda","College of Engineering","Computer Science","","False","2","5","#0072B2","False",""
"dyanistr","Dmitriy Anistratov","College of Engineering","Nuclear Engineering","","False","1","29","#0072B2","False",""
"fgould","Fred Gould","College of Agriculture and Life Sciences","Entomology and Plant Pathology","","False","3","100","#E69F00","False",""
"jmcasper","Jonathan Casper","College of Natural Resources","Parks, Recreation and Tourism Management","","False","3","62","#9B59B6","False",""
"laowen2","Lewis Owen","College of Sciences","College of Sciences Administration","","False","6","45","#009E73","False",""
"mfbykova","Marina Bykova","College of Humanities and Social Sciences","Philosophy and Religious Studies","","False","7","76","#CC79A7","False",""
"xli254","Xiaotong Li","College of Sciences","Chemistry","","False","10","36","#009E73","False",""
"ascafur","Alessandra Scafuro","College of Engineering","Computer Science","","False","2","23","#0072B2","False",""
"pkolar","Praveen Kolar","College of Agriculture and Life Sciences","Biological and Agricultural Engineering","","False","4","49","#E69F00","False",""
"kaharrel","Karyn Harrell","College of Veterinary Medicine","Clinical Sciences","","False","1","8","#56B4E9","False",""
"lkromo","Lynsey Romo","College of Humanities and Social Sciences","Communication","","False","2","51","#CC79A7","False",""
"ccrosenf","Cindy Rosenfeld","College of Humanities and Social Sciences","Communication","","False","1","9","#CC79A7","False",""
"kmjennin","Katherine Jennings","College of Agriculture and Life Sciences","Horticultural Science","","False","9","127","#E69F00","False",""
"kmoliver","Kevin Oliver","College of Education","Teacher Education and Learning Sciences","","False","1","30","#D55E00","False",""
"mrblanch","Meg Blanchard","College of Education","Science, Technology, Engineering, & Mathematics Education","","False","3","34","#D55E00","False",""
"moorman","Christopher Moorman","College of Natural Resources","Forestry and Environmental Resources","","False","5","177","#9B59B6","False",""
"smirbag","Samira Mirbagher Ajorpaz","College of Engineering","Electrical and Computer Engineering","","False","3","11","#0072B2","False",""
"mgorgero","Marsha Gordon","College of Humanities and Social Sciences","English","","False","4","40","#CC79A7","False",""
"jwore","John-Paul Ore","College of Engineering","Computer Science","","False","1","6","#0072B2","False",""
