"id","name","college","dept","title","is_asst","pub_year","pub_total","color","is_cfep","cfep_cluster"
"fyyamane","Yalcin Yamaner","College of Engineering","Electrical and Computer Engineering","","False","6","76","#0072B2","False",""
"ycheng20","Alice Cheng","College of Humanities and Social Sciences","Communication","","False","2","74","#CC79A7","False",""
"asanmig","Adriana San Miguel","College of Engineering","Chemical and Biomolecular Engineering","","False","1","55","#0072B2","False",""
"eesantis","Erik Santiso","College of Engineering","Chemical and Biomolecular Engineering","","False","7","63","#0072B2","False",""
"mkleine","Manuel Kleiner","College of Agriculture and Life Sciences","Plant and Microbial Biology","","False","8","122","#E69F00","False",""
"drpanthe","Dilip Panthee","College of Agriculture and Life Sciences","Horticultural Science","","False","4","79","#E69F00","False",""
"nrvinuez","Nelson Vinueza Benitez","Wilson College of Textiles","Textile Engineering, Chemistry and Science","","False","5","54","#1ABC9C","False",""
"rbrober2","Reade Roberts","College of Sciences","Biological Sciences","","False","1","33","#009E73","False",""
"zcang","Zixuan Cang","College of Sciences","Mathematics","","False","3","32","#009E73","False",""
"eglazer","Phoebe Glazer","College of Sciences","Chemistry","","False","5","37","#009E73","False",""
"cpasala","Celen Pasalar","College of Design","Landscape Architecture and Environmental Planning","","False","1","2","#E74C3C","False",""
"jakamins","Jessica Kaminsky","College of Engineering","Civil, Construction and Environmental Engineering","","False","9","76","#0072B2","False",""
"rwgonzal","Ronalds Gonzalez","College of Natural Resources","Forest Biomaterials","","False","10","95","#9B59B6","False",""
"fsantos2","Frederico Freitas","College of Humanities and Social Sciences","History","","False","1","17","#CC79A7","False",""
"ldmcquee","LaTanya McQueen","College of Humanities and Social Sciences","English","","False","1","2","#CC79A7","False",""
"wshi3","Wei Shi","College of Agriculture and Life Sciences","Crop and Soil Sciences","","False","4","66","#E69F00","False",""
"achakra2","Aranya Chakrabortty","College of Engineering","Electrical and Computer Engineering","","False","21","196","#0072B2","False",""
"dpellet","Denis Pelletier","Poole College of Management","Economics","","False","2","19","#F0E442","False",""
"rbarker","Roger Barker","Wilson College of Textiles","Textile Engineering, Chemistry and Science","","False","3","40","#1ABC9C","False",""
"acmclaug","Anne McLaughlin","College of Humanities and Social Sciences","Psychology","","False","7","107","#CC79A7","False",""
"armoorh2","Andy Moorhead","College of Veterinary Medicine","Clinical Sciences","","False","3","52","#56B4E9","False",""
"hliu4","H C Liu","College of Agriculture and Life Sciences","Animal Science","","False","1","38","#E69F00","False",""
"imgimeno","Isabel Gimeno","College of Veterinary Medicine","Population Health and Pathobiology","","False","4","50","#56B4E9","False",""
"agopalar","Ashok Gopalarathnam","College of Engineering","Mechanical and Aerospace Engineering","","False","2","48","#0072B2","False",""
"jcao22","Jie Cao","College of Agriculture and Life Sciences","Applied Ecology","","False","2","51","#E69F00","False",""
"alkwansa","Albert Kwansa","College of Engineering","Materials Science and Engineering","","False","1","21","#0072B2","False",""
"cmaltec","Christian Maltecca","College of Agriculture and Life Sciences","Animal Science","","False","10","214","#E69F00","False",""
"frey","Chris Frey","College of Engineering","Engineering Research","","False","6","132","#0072B2","False",""
"mchi","Min Chi","College of Engineering","Computer Science","","False","2","53","#0072B2","False",""
"seshelto","Sarah Shelton","College of Engineering","Biomedical Engineering","","False","1","43","#0072B2","False",""
"jggayles","Joy Gayles","College of Education","Educational Leadership, Policy, and Human Development","","False","4","25","#D55E00","False",""
"lester","James Lester","College of Engineering","Computer Science","","False","8","150","#0072B2","False",""
"xjiang5","Xiaoning Jiang","College of Engineering","Mechanical and Aerospace Engineering","","False","18","372","#0072B2","False",""
"cuomo","Jerome Cuomo","College of Engineering","Materials Science and Engineering","","False","1","5","#0072B2","False",""
"kaltofen","Erich Kaltofen","College of Sciences","Mathematics","","False","1","61","#009E73","False",""
"pmperkin","Penelope Perkins-Veazie","College of Agriculture and Life Sciences","Horticultural Science","","False","5","110","#E69F00","False",""
"jbudhat","Januka Budhathoki Uprety","Wilson College of Textiles","Textile Engineering, Chemistry and Science","","False","2","38","#1ABC9C","False",""
"cflynch","Collin Lynch","College of Engineering","Computer Science","","False","6","43","#0072B2","False",""
"mjbradsh","Michael Bradshaw","College of Agriculture and Life Sciences","Entomology and Plant Pathology","","False","3","67","#E69F00","False",""
"rsartor","Ryan Sartor","College of Agriculture and Life Sciences","Crop and Soil Sciences","","False","1","6","#E69F00","False",""
"kdgriege","Khara Grieger","College of Agriculture and Life Sciences","Applied Ecology","","False","1","76","#E69F00","False",""
"cbcoope3","Caren Cooper","College of Natural Resources","Forestry and Environmental Resources","","False","5","87","#9B59B6","False",""
"klan2","Kai Lan","College of Natural Resources","Forest Biomaterials","","False","1","47","#9B59B6","False",""
"mcsrougi","Melissa Srougi","College of Veterinary Medicine","Molecular Biomedical Sciences","","False","2","26","#56B4E9","False",""
"mlila","Mary Lila","College of Agriculture and Life Sciences","Kannapolis Research","","False","11","202","#E69F00","False",""
"rgcarbon","Ruben Carbonell","College of Engineering","Golden Leaf Biomanufacturing Training and Education Center","","False","2","83","#0072B2","False",""
"cwong9","Chau-Wai Wong","College of Engineering","Electrical and Computer Engineering","","False","4","46","#0072B2","False",""
"skoenig","Sebastian Koenig","College of Sciences","Physics","","False","2","46","#009E73","False",""
"hallen","Hans Hallen","College of Sciences","Physics","","False","6","58","#009E73","False",""
"adas8","Anupam Das","College of Engineering","Computer Science","","False","1","13","#0072B2","False",""
"jmgray2","Josh Gray","College of Natural Resources","Forestry and Environmental Resources","","False","4","47","#9B59B6","False",""
"bgilger","Brian Gilger","College of Veterinary Medicine","Clinical Sciences","","False","6","162","#56B4E9","False",""
"bbcutts","Bethany Cutts","College of Natural Resources","Parks, Recreation and Tourism Management","","False","5","55","#9B59B6","False",""
"gxu3","Guozhou Xu","College of Agriculture and Life Sciences","Molecular and Structural Biochemistry","","False","3","10","#E69F00","False",""
"lpal","Lokendra Pal","College of Natural Resources","Forest Biomaterials","","False","9","96","#9B59B6","False",""
"apgriesh","Andrew Grieshop","College of Engineering","Civil, Construction and Environmental Engineering","","False","6","67","#0072B2","False",""
"rlcook","Rachel Cook","College of Natural Resources","Forestry and Environmental Resources","","False","6","74","#9B59B6","False",""
"rfguerre","Rafael Guerrero","College of Sciences","Biological Sciences","","False","1","47","#009E73","False",""
"rjnaraya","Roger Narayan","College of Engineering","Biomedical Engineering","","False","6","288","#0072B2","False",""
"closburn","Chris Osburn","College of Sciences","Marine, Earth, and Atmospheric Sciences","","False","9","124","#009E73","False",""
"jkuzma","Jennifer Kuzma","College of Humanities and Social Sciences","Political Science & Public Administration [in the School of Public and International Affairs]","","False","6","85","#CC79A7","False",""
"cmtherio","Casey Theriot","College of Veterinary Medicine","Population Health and Pathobiology","","False","6","63","#56B4E9","False",""
"ryu5","Ruozhou Yu","College of Engineering","Computer Science","","False","5","63","#0072B2","False",""
"sepratt2","Shannon Phillips","College of Agriculture and Life Sciences","Animal Science","","False","2","53","#E69F00","False",""
"sozawa","Sarah Ozawa","College of Veterinary Medicine","Clinical Sciences","","False","1","33","#56B4E9","False",""
"glcomsto","Gary Comstock","College of Humanities and Social Sciences","Philosophy and Religious Studies","","False","4","42","#CC79A7","False",""
"srporter","Stephen Porter","College of Education","Educational Leadership, Policy, and Human Development","","False","1","26","#D55E00","False",""
"vfscharf","Valery Scharf","College of Veterinary Medicine","Clinical Sciences","","False","4","51","#56B4E9","False",""
"oyozalti","Osman Ozaltin","College of Engineering","Edward P. Fitts Department of Industrial & Systems Engineering","","False","5","39","#0072B2","False",""
"ljunruh","Lori Unruh Snyder","College of Agriculture and Life Sciences","Crop and Soil Sciences","","False","1","10","#E69F00","False",""
"msashwel","Melissa Merrill","College of Agriculture and Life Sciences","Animal Science","","False","4","28","#E69F00","False",""
"mquddus","Md Abdul Quddus","Wilson College of Textiles","Textile Engineering, Chemistry and Science","","False","2","12","#1ABC9C","False",""
"msano2","Mike Sano","College of Veterinary Medicine","Molecular Biomedical Sciences","","False","4","43","#56B4E9","False",""
"eekrupa","Erin Krupa","College of Education","Science, Technology, Engineering, & Mathematics Education","","False","1","31","#D55E00","False",""
"clpickwo","Carrie Pickworth","College of Agriculture and Life Sciences","Animal Science","","False","5","42","#E69F00","False",""
"forestry","Joseph Roise","College of Natural Resources","Forestry and Environmental Resources","","False","4","16","#9B59B6","False",""
"agfikes","Audrey Fikes","College of Sciences","Chemistry","","False","1","6","#009E73","False",""
"ecdobbin","Katie Sanders","College of Agriculture and Life Sciences","Agricultural and Human Sciences","","False","2","45","#E69F00","False",""
"mpgreen2","Matthew Green","College of Sciences","Physics","","False","6","94","#009E73","False",""
"clee45","Chin Ho Lee","College of Engineering","Computer Science","","False","2","20","#0072B2","False",""
"vpriel","Virginia Riel","College of Humanities and Social Sciences","Sociology and Anthropology","","False","1","10","#CC79A7","False",""
"cgdunn4","Corey Dunn","College of Agriculture and Life Sciences","Applied Ecology","","False","2","18","#E69F00","False",""
"dmwalls","Douglas Walls","College of Humanities and Social Sciences","English","","False","1","10","#CC79A7","False",""
"jfeduci","Jeremiah Feducia","College of Sciences","Chemistry","","False","1","6","#009E73","False",""
"cvclarke","Charlie Clarke","Poole College of Management","Finance","","False","1","3","#F0E442","False",""
"shu4","Shuijin Hu","College of Agriculture and Life Sciences","Entomology and Plant Pathology","","False","23","183","#E69F00","False",""
"shultz","David Shultz","College of Sciences","Chemistry","","False","2","59","#009E73","False",""
"fgarcia4","Fernando Garcia Menendez","College of Engineering","Civil, Construction and Environmental Engineering","","False","1","41","#0072B2","False",""
"jrfletc2","Josh Fletcher","College of Veterinary Medicine","Population Health and Pathobiology","","False","1","8","#56B4E9","False",""
"bssirota","Brent Sirota","College of Humanities and Social Sciences","History","","False","2","27","#CC79A7","False",""
"wolfram","Walter Wolfram","College of Humanities and Social Sciences","English","","False","4","20","#CC79A7","False",""
"mvramire","Melissa Ramirez","College of Sciences","Biological Sciences","","False","1","25","#009E73","False",""
"hjburges","Helen Burgess","College of Humanities and Social Sciences","English","","False","1","15","#CC79A7","False",""
"yencho","Craig Yencho","College of Agriculture and Life Sciences","Horticultural Science","","False","8","109","#E69F00","False",""
"aecarso2","Ashley Brown","College of Engineering","Biomedical Engineering","","False","8","103","#0072B2","False",""
"ssengup2","Srijan Sengupta","College of Sciences","Statistics","","False","2","31","#009E73","False",""
"bakram","Bita Akram","College of Engineering","Computer Science","","False","1","10","#0072B2","False",""
"dbeggles","David Eggleston","College of Sciences","Marine, Earth, and Atmospheric Sciences","","False","3","70","#009E73","False",""
"odvelev","Orlin Velev","College of Engineering","Chemical and Biomolecular Engineering","","False","9","202","#0072B2","False",""
"dpapp","David Papp","College of Sciences","Mathematics","","False","3","41","#009E73","False",""
"sewill32","Bess Williamson","College of Design","Media Arts, Design and Technology","","False","2","7","#E74C3C","False",""
"scho3","Soolyeon Cho","College of Design","College of Design Administration","","False","2","33","#E74C3C","False",""
"lmwidman","Laura Widman","College of Humanities and Social Sciences","Psychology","","False","7","102","#CC79A7","False",""
"svenkat4","Suresh Venkatesh","College of Engineering","Electrical and Computer Engineering","","False","4","45","#0072B2","False",""
"mwking2","Martin King","Wilson College of Textiles","Textile Engineering, Chemistry and Science","","False","2","72","#1ABC9C","False",""
"xpeng5","Xinxia Peng","College of Veterinary Medicine","Molecular Biomedical Sciences","","False","1","60","#56B4E9","False",""
"bnbakalo","Bojko Bakalov","College of Sciences","Mathematics","","False","2","30","#009E73","False",""
"lawilli3","Laurie Williams","College of Engineering","Computer Science","","False","9","101","#0072B2","False",""
"mhenrik","Michala de Linde Henriksen","College of Veterinary Medicine","Clinical Sciences","","False","1","57","#56B4E9","False",""
"jgrimes","Jesse Grimes","College of Agriculture and Life Sciences","Prestage Department of Poultry Science","","False","3","62","#E69F00","False",""
"mtang8","Minh Tang","College of Sciences","Statistics","","False","2","57","#009E73","False",""
"nbbandil","Nonoy Bandillo","College of Agriculture and Life Sciences","Crop and Soil Sciences","","False","3","47","#E69F00","False",""
"cxu24","Cheryl Xu","College of Engineering","Mechanical and Aerospace Engineering","","False","1","90","#0072B2","False",""
"jkern","Jordan Kern","College of Engineering","Edward P. Fitts Department of Industrial & Systems Engineering","","False","2","39","#0072B2","False",""
"jmalonso","Jose Alonso Bellver","College of Agriculture and Life Sciences","Plant and Microbial Biology","","False","5","72","#E69F00","False",""
"msharar","Mahmoud Sharara","College of Agriculture and Life Sciences","Biological and Agricultural Engineering","","False","4","30","#E69F00","False",""
"dambaras","David Ambaras","College of Humanities and Social Sciences","History","","False","2","17","#CC79A7","False",""
"skrhea","Sarah Rhea","College of Veterinary Medicine","Population Health and Pathobiology","","False","1","33","#56B4E9","False",""
"jftu","Juei Tu","College of Engineering","Mechanical and Aerospace Engineering","","False","1","23","#0072B2","False",""
"franzen","Stefan Franzen","College of Sciences","Chemistry","","False","2","129","#009E73","False",""
"anmihnov","A  Nicole Mihnovets","College of Natural Resources","Forestry and Environmental Resources","","False","1","2","#9B59B6","False",""
"kjpeters","Kara Peters","College of Engineering","Engineering Research","","False","7","157","#0072B2","False",""
"mnavramo","Maria Avramova","College of Engineering","Nuclear Engineering","","False","10","85","#0072B2","False",""
"xwu27","Xu Wu","College of Engineering","Nuclear Engineering","","False","3","37","#0072B2","False",""
"chwang2","Chanmi Hwang","Wilson College of Textiles","Textile and Apparel, Technology and Management","","False","1","22","#1ABC9C","False",""
"bjchapma","Benjamin Chapman","College of Agriculture and Life Sciences","Agricultural and Human Sciences","","False","3","45","#E69F00","False",""
"btoconno","Brendan O'Connor","College of Engineering","Mechanical and Aerospace Engineering","","False","7","87","#0072B2","False",""
"eatorre3","Emmanuel Torres Quezada","College of Agriculture and Life Sciences","Horticultural Science","","False","2","20","#E69F00","False",""
"aismirno","Alexej Smirnov","College of Sciences","Chemistry","","False","10","127","#009E73","False",""
"rashirwa","Rohan Shirwaiker","College of Engineering","Edward P. Fitts Department of Industrial & Systems Engineering","","False","2","55","#0072B2","False",""
"tagates","Terry Gates","College of Sciences","Biological Sciences","","False","2","19","#009E73","False",""
"babennet","Barbara Bennett","College of Humanities and Social Sciences","English","","False","1","2","#CC79A7","False",""
"jtsuji","Jun Ninomiya-Tsuji","College of Sciences","Biological Sciences","","False","1","52","#009E73","False",""
"mrahe","Michael Rahe","College of Veterinary Medicine","Population Health and Pathobiology","","False","1","31","#56B4E9","False",""
"amelsha","Ahmed El-Shafei","Wilson College of Textiles","Textile Engineering, Chemistry and Science","","False","21","134","#1ABC9C","False",""
"nwising","Nina Balke","College of Engineering","Materials Science and Engineering","","False","10","143","#0072B2","False",""
"garabah","Ghada Rabah","College of Sciences","Chemistry","","False","1","4","#009E73","False",""
"kameikle","Kelly Meiklejohn","College of Veterinary Medicine","Population Health and Pathobiology","","False","2","46","#56B4E9","False",""
"shgreene","Steven Greene","College of Humanities and Social Sciences","Political Science & Public Administration [in the School of Public and International Affairs]","","False","2","21","#CC79A7","False",""
"smankad","Shawn Mankad","Poole College of Management","Information Technology, Analytics, & Operations","","False","1","17","#F0E442","False",""
"drotenb","Dorith Rotenberg","College of Agriculture and Life Sciences","Entomology and Plant Pathology","","False","5","60","#E69F00","False",""
"smrobin5","Stefanie Robinson","Poole College of Management","Marketing","","False","5","9","#F0E442","False",""
"tnguye13","Tien Khai Nguyen","College of Sciences","Mathematics","","False","1","45","#009E73","False",""
"nsharm23","Nitin Sharma","College of Engineering","Biomedical Engineering","","False","5","125","#0072B2","False",""
"falexal","Alex Albert","College of Engineering","Civil, Construction and Environmental Engineering","","False","10","57","#0072B2","False",""
"nduquew","Natalia Duque-Wilckens","College of Sciences","Biological Sciences","","False","1","16","#009E73","False",""
"anharr25","Autumn Harris","College of Veterinary Medicine","Clinical Sciences","","False","5","43","#56B4E9","False",""
"shall5","Steven Hall","College of Agriculture and Life Sciences","Biological and Agricultural Engineering","","False","6","42","#E69F00","False",""
"lalucia","Lucian Lucia","College of Natural Resources","Forest Biomaterials","","False","23","313","#9B59B6","False",""
"wchang6","Wei-Chen Chang","College of Sciences","Chemistry","","False","9","76","#009E73","False",""
"sthakur","Siddhartha Thakur","College of Veterinary Medicine","Population Health and Pathobiology","","False","9","100","#56B4E9","False",""
"dvashae","Daryoosh Vashaee","College of Engineering","Electrical and Computer Engineering","","False","7","210","#0072B2","False",""
"agupta1","Abhinav Gupta","College of Engineering","Civil, Construction and Environmental Engineering","","False","2","67","#0072B2","False",""
"aalexan3","Alen Alexanderian","College of Sciences","Mathematics","","False","3","48","#009E73","False",""
"hubbe","Martin Hubbe","College of Natural Resources","Forest Biomaterials","","False","7","137","#9B59B6","False",""
"jsking5","John King","College of Natural Resources","Forestry and Environmental Resources","","False","5","102","#9B59B6","False",""
"daley","Dennis Daley","College of Humanities and Social Sciences","Political Science & Public Administration [in the School of Public and International Affairs]","","False","1","12","#CC79A7","False",""
"jsstoneb","Jeffrey Stonebraker","Poole College of Management","Information Technology, Analytics, & Operations","","False","4","32","#F0E442","False",""
"rbarran","Rodolphe Barrangou","College of Agriculture and Life Sciences","Food, Bioprocessing, and Nutrition Sciences","","False","28","237","#E69F00","False",""
"chuang35","Joey Huang","College of Education","Teacher Education and Learning Sciences","","False","1","15","#D55E00","False",""
"njhostet","Nathan Hostetter","College of Agriculture and Life Sciences","Applied Ecology","","False","2","30","#E69F00","False",""
"asaibab","Arvind Krishna Saibaba","College of Sciences","Mathematics","","False","6","52","#009E73","False",""
"lmclaug2","Levi McLaughlin","College of Humanities and Social Sciences","Philosophy and Religious Studies","","False","2","34","#CC79A7","False",""
"bejacks2","Brian Jackson","College of Agriculture and Life Sciences","Horticultural Science","","False","1","48","#E69F00","False",""
"rsazdan","Radmila Sazdanovic","College of Sciences","Mathematics","","False","4","53","#009E73","False",""
"wgknolle","Whitney Knollenberg","College of Natural Resources","Parks, Recreation and Tourism Management","","False","5","51","#9B59B6","False",""
"cswalke4","Christopher Walker","College of Veterinary Medicine","Molecular Biomedical Sciences","","False","2","26","#56B4E9","False",""
"aoh","Annie Oh","College of Veterinary Medicine","Clinical Sciences","","False","2","21","#56B4E9","False",""
"bwtaylo3","Brad Taylor","College of Agriculture and Life Sciences","Applied Ecology","","False","2","30","#E69F00","False",""
"mbnsonwu","Maura Nsonwu","College of Humanities and Social Sciences","Social Work","","False","3","28","#CC79A7","False",""
"kmathews","Kyle Mathews","College of Veterinary Medicine","Clinical Sciences","","False","7","66","#56B4E9","False",""
"dhpoole","Daniel Poole","College of Agriculture and Life Sciences","Animal Science","","False","7","51","#E69F00","False",""
"mpmarti7","Meredith Martin","College of Natural Resources","Forestry and Environmental Resources","","False","1","18","#9B59B6","False",""
"bcjohns2","Bonnie Fusarelli","College of Education","Educational Leadership, Policy, and Human Development","","False","2","10","#D55E00","False",""
"kmcharro","Kat Charron","College of Humanities and Social Sciences","History","","False","1","8","#CC79A7","False",""
"kbflores","Kevin Flores","College of Sciences","Mathematics","","False","4","42","#009E73","False",""
"xlin35","Xingcheng Lin","College of Sciences","Physics","","False","4","56","#009E73","False",""
"hsarmstr","Helen Armstrong","College of Design","Graphic Design & Industrial Design","","False","1","5","#E74C3C","False",""
"astaicu","Ana-Maria Staicu","College of Sciences","Statistics","","False","6","68","#009E73","False",""
"jbelmon2","Julio Monti Belmonte","College of Sciences","Physics","","False","3","29","#009E73","False",""
"slvaden","Shelly Vaden","College of Veterinary Medicine","Clinical Sciences","","False","3","84","#56B4E9","False",""
"hcui9","Hantao Cui","College of Engineering","Electrical and Computer Engineering","","False","9","70","#0072B2","False",""
"cproulx","Caroline Proulx","College of Sciences","Chemistry","","False","2","42","#009E73","False",""
"nrames","Natalie Ames","College of Humanities and Social Sciences","Social Work","","False","1","13","#CC79A7","False",""
"bkgoodwi","Barry Goodwin","College of Agriculture and Life Sciences","Agricultural and Resource Economics","","False","2","76","#E69F00","False",""
"ksaul","Katherine Saul","College of Engineering","Mechanical and Aerospace Engineering","","False","3","76","#0072B2","False",""
"lsguerta","Lucie Guertault","College of Agriculture and Life Sciences","Biological and Agricultural Engineering","","False","5","25","#E69F00","False",""
"mjlewis","Melissa Lewis","College of Veterinary Medicine","Clinical Sciences","","False","2","55","#56B4E9","False",""
"rbhayes","Robert Hayes","College of Engineering","Nuclear Engineering","","False","6","61","#0072B2","False",""
"skmishra","Santosh Mishra","College of Veterinary Medicine","Molecular Biomedical Sciences","","False","2","35","#56B4E9","False",""
"tnwilli7","Tova Williams Cherry","Wilson College of Textiles","Textile Engineering, Chemistry and Science","","False","1","10","#1ABC9C","False",""
"vmbakerr","Michelle Russell","College of Humanities and Social Sciences","Psychology","","False","2","14","#CC79A7","False",""
"tprange","Timo Prange","College of Veterinary Medicine","Clinical Sciences","","False","8","34","#56B4E9","False",""
"spontak","Richard Spontak","College of Engineering","Chemical and Biomolecular Engineering","","False","17","144","#0072B2","False",""
"bmrao","Balaji Rao","College of Engineering","Chemical and Biomolecular Engineering","","False","2","67","#0072B2","False",""
"mdlorenz","Marce Lorenzen","College of Agriculture and Life Sciences","Entomology and Plant Pathology","","False","4","49","#E69F00","False",""
"ksmulvey","Kelly Lynn Mulvey","College of Humanities and Social Sciences","Psychology","","False","10","138","#CC79A7","False",""
"mbedward","Michael Edwards","College of Natural Resources","Parks, Recreation and Tourism Management","","False","2","57","#9B59B6","False",""
"rcrespo","Rocio Crespo","College of Veterinary Medicine","Population Health and Pathobiology","","False","3","64","#56B4E9","False",""
"hdwester","Hans Westermeyer","College of Veterinary Medicine","Clinical Sciences","","False","2","43","#56B4E9","False",""
"vgcarraw","Virginia Stage","College of Agriculture and Life Sciences","Agricultural and Human Sciences","","False","3","60","#E69F00","False",""
"kbchen2","Karen Chen","College of Engineering","Edward P. Fitts Department of Industrial & Systems Engineering","","False","1","46","#0072B2","False",""
"akemper","Lex Kemper","College of Sciences","College of Sciences Administration","","False","9","125","#009E73","False",""
"scshanno","Steven Shannon","College of Engineering","Nuclear Engineering","","False","1","56","#0072B2","False",""
"arellis","Alan Ellis","College of Humanities and Social Sciences","Social Work","","False","4","72","#CC79A7","False",""
"nmatsud","Noboru Matsuda","College of Engineering","Computer Science","","False","2","34","#0072B2","False",""
"drsheehy","Donald Sheehy","College of Engineering","Computer Science","","False","1","29","#0072B2","False",""
"amikael","Aram Mikaelyan","College of Agriculture and Life Sciences","Entomology and Plant Pathology","","False","3","37","#E69F00","False",""
"oaharrys","Ola Lars Harrysson","College of Engineering","Edward P. Fitts Department of Industrial & Systems Engineering","","False","5","61","#0072B2","False",""
"cmjones6","Corey Jones","College of Sciences","Mathematics","","False","3","40","#009E73","False",""
"fldelosr","Francis de los Reyes","College of Engineering","Civil, Construction and Environmental Engineering","","False","5","93","#0072B2","False",""
"lgrace2","Landon Grace","College of Engineering","Mechanical and Aerospace Engineering","","False","2","36","#0072B2","False",""
"randers6","Robin Anderson","College of Education","Science, Technology, Engineering, & Mathematics Education","","False","1","8","#D55E00","False",""
"agduffy","Alli Duffy","College of Sciences","Biological Sciences","","False","1","12","#009E73","False",""
"kamyers2","Kelly Umstead","College of Design","Graphic Design & Industrial Design","","False","1","16","#E74C3C","False",""
"cjmattin","Carolyn Mattingly","College of Sciences","Biological Sciences","","False","5","59","#009E73","False",""
"macubeta","Marc Cubeta","College of Agriculture and Life Sciences","Entomology and Plant Pathology","","False","3","64","#E69F00","False",""
"mtulbure","Mirela Tulbure","College of Natural Resources","Forestry and Environmental Resources","","False","4","55","#9B59B6","False",""
"gefernan","Gina Fernandez","College of Agriculture and Life Sciences","Horticultural Science","","False","3","48","#E69F00","False",""
"candice","Ioannis Viniotis","College of Engineering","Electrical and Computer Engineering","","False","2","23","#0072B2","False",""
"sbhatta4","Subhashish Bhattacharya","College of Engineering","Electrical and Computer Engineering","","False","58","632","#0072B2","False",""
"cdrock","Christopher Rock","College of Engineering","Edward P. Fitts Department of Industrial & Systems Engineering","","False","1","21","#0072B2","False",""
"lkhanley","Linda Hanley-Bowdoin","College of Agriculture and Life Sciences","Plant and Microbial Biology","","False","6","54","#E69F00","False",""
"ejakubi","Elena Jakubikova","College of Sciences","Chemistry","","False","6","85","#009E73","False",""
"jlswann","Julie Swann","College of Engineering","Edward P. Fitts Department of Industrial & Systems Engineering","","False","4","100","#0072B2","False",""
"dbdoughe","Daniel Dougherty","College of Sciences","Physics","","False","3","70","#009E73","False",""
"jmbradl5","Justin Bradley","College of Engineering","Computer Science","","False","7","50","#0072B2","False",""
"mjovano","Milena Jovanovic","College of Sciences","Chemistry","","False","1","24","#009E73","False",""
"otfoye","Ondulla Toomer","College of Agriculture and Life Sciences","Food, Bioprocessing, and Nutrition Sciences","","False","1","20","#E69F00","False",""
"sesuter","Steven Suter","College of Veterinary Medicine","Clinical Sciences","","False","2","52","#56B4E9","False",""
"sflim","Shuang Fang Lim","College of Sciences","Physics","","False","4","22","#009E73","False",""
"jjrice","Jacelyn Rice-Boayue","College of Engineering","Civil, Construction and Environmental Engineering","","False","2","15","#0072B2","False",""
"jaellis5","Jesse Ellis","Poole College of Management","Finance","","False","3","14","#F0E442","False",""
"szgurbuz","Sevgi Gurbuz","College of Engineering","Electrical and Computer Engineering","","False","8","125","#0072B2","False",""
"mlcrowle","Martha Crowley","College of Humanities and Social Sciences","Sociology and Anthropology","","False","1","14","#CC79A7","False",""
"jhu35","Jingjie Hu","College of Engineering","Mechanical and Aerospace Engineering","","False","4","31","#0072B2","False",""
"rdewey","Ralph Dewey","College of Agriculture and Life Sciences","Crop and Soil Sciences","","False","1","37","#E69F00","False",""
"xie","Lian Xie","College of Sciences","Marine, Earth, and Atmospheric Sciences","","False","3","78","#009E73","False",""
"aneilso","Andrew Neilson","College of Agriculture and Life Sciences","Kannapolis Research","","False","12","122","#E69F00","False",""
"gsseiler","Gabriela Seiler","College of Veterinary Medicine","Molecular Biomedical Sciences","","False","1","36","#56B4E9","False",""
"sptou","Sandra Tou","College of Veterinary Medicine","Clinical Sciences","","False","2","30","#56B4E9","False",""
"aeroglu","Abdulkerim Eroglu","College of Agriculture and Life Sciences","Kannapolis Research","","False","3","24","#E69F00","False",""
"wiley","Steve Wiley","College of Humanities and Social Sciences","Communication","","False","2","9","#CC79A7","False",""
"drasmus","David Rasmussen","College of Agriculture and Life Sciences","Entomology and Plant Pathology","","False","2","57","#E69F00","False",""
"hall","Carol Hall","College of Engineering","Chemical and Biomolecular Engineering","","False","7","152","#0072B2","False",""
"iherrma","Ina Herrmann","College of Veterinary Medicine","Clinical Sciences","","False","3","20","#56B4E9","False",""
"jayscue","Jenn Ayscue","College of Education","Educational Leadership, Policy, and Human Development","","False","1","30","#D55E00","False",""
"aybozkur","Alper Bozkurt","College of Engineering","Electrical and Computer Engineering","","False","6","122","#0072B2","False",""
"techekk","Tarek Echekki","College of Engineering","Mechanical and Aerospace Engineering","","False","4","72","#0072B2","False",""
"wasandov","William Sandoval","College of Education","Science, Technology, Engineering, & Mathematics Education","","False","1","33","#D55E00","False",""
"arbinder","Andy Binder","College of Humanities and Social Sciences","Communication","","False","2","25","#CC79A7","False",""
"ldparks","Lisa Parks","College of Sciences","Biological Sciences","","False","1","4","#009E73","False",""
"sghosh2","Sujit Ghosh","College of Sciences","Statistics","","False","4","118","#009E73","False",""
"kesaker","Korinn Saker","College of Veterinary Medicine","College of Veterinary Medicine Administration","","False","5","15","#56B4E9","False",""
"tfang2","Tiegang Fang","College of Engineering","Mechanical and Aerospace Engineering","","False","7","163","#0072B2","False",""
"wftb","William Thompson","College of Agriculture and Life Sciences","Plant and Microbial Biology","","False","2","26","#E69F00","False",""
"wyuan2","Wenqiao Yuan","College of Agriculture and Life Sciences","Biological and Agricultural Engineering","","False","5","73","#E69F00","False",""
"teshrive","Thomas Shriver","College of Humanities and Social Sciences","Sociology and Anthropology","","False","6","60","#CC79A7","False",""
"rrishik","Rishika Rishika","Poole College of Management","Marketing","","False","1","7","#F0E442","False",""
"kaboys","Kathryn Boys","College of Agriculture and Life Sciences","Agricultural and Resource Economics","","False","3","33","#E69F00","False",""
"blondin","John Blondin","College of Sciences","Physics","","False","1","46","#009E73","False",""
"apmazzol","Andre Mazzoleni","College of Engineering","Mechanical and Aerospace Engineering","","False","2","60","#0072B2","False",""
"raatwell","Rachel Vann","College of Agriculture and Life Sciences","Crop and Soil Sciences","","False","3","45","#E69F00","False",""
"rleon","Ramon Leon Gonzalez","College of Agriculture and Life Sciences","Crop and Soil Sciences","","False","9","170","#E69F00","False",""
"mbreiski","Martha Burford Reiskind","College of Sciences","Biological Sciences","","False","1","31","#009E73","False",""
"jbbarcen","Jose Bruno-Barcena","College of Agriculture and Life Sciences","Plant and Microbial Biology","","False","4","42","#E69F00","False",""
"elleitho","Lonnie Leithold","College of Sciences","Marine, Earth, and Atmospheric Sciences","","False","1","11","#009E73","False",""
"dbrown","Dennis Brown","College of Agriculture and Life Sciences","Molecular and Structural Biochemistry","","False","1","30","#E69F00","False",""
"rouskas","Georgios Rouskas","College of Engineering","Computer Science","","False","3","89","#0072B2","False",""
"seyuter","Sandra Yuter","College of Sciences","Marine, Earth, and Atmospheric Sciences","","False","4","71","#009E73","False",""
"dxie","Deyu Xie","College of Agriculture and Life Sciences","Plant and Microbial Biology","","False","4","98","#E69F00","False",""
"rrunocic","Raymond Unocic","College of Engineering","Materials Science and Engineering","","False","12","209","#0072B2","False",""
"hkuo","Kenny Kuo","College of Agriculture and Life Sciences","Molecular and Structural Biochemistry","","False","1","1","#E69F00","False",""
"jabalko","Julie Balko","College of Veterinary Medicine","Molecular Biomedical Sciences","","False","3","31","#56B4E9","False",""
"kvpierce","Kursten Pierce","College of Veterinary Medicine","Clinical Sciences","","False","2","24","#56B4E9","False",""
"krgross","Kevin Gross","College of Sciences","Statistics","","False","1","51","#009E73","False",""
"dcmuddim","David Muddiman","College of Sciences","Chemistry","","False","10","307","#009E73","False",""
"leung","Yu-Fai Leung","College of Natural Resources","Parks, Recreation and Tourism Management","","False","5","67","#9B59B6","False",""
"mtanigu","Masahiko Taniguchi","College of Sciences","Chemistry","","False","1","111","#009E73","False",""
"embrown5","Elisabeth Brown","College of Sciences","Mathematics","","False","1","2","#009E73","False",""
"tzagenc","Tom Zagenczyk","Poole College of Management","Management, Innovation and Entrepreneurship","","False","4","65","#F0E442","False",""
"vvvolpe","Vanessa Volpe","College of Humanities and Social Sciences","Psychology","","False","4","64","#CC79A7","False",""
"kledmist","Keith Edmisten","College of Agriculture and Life Sciences","Crop and Soil Sciences","","False","2","17","#E69F00","False",""
"iawilli3","Ian Williamson","College of Veterinary Medicine","Molecular Biomedical Sciences","","False","3","7","#56B4E9","False",""
"kogan","Kemafor Ogan","College of Engineering","Computer Science","","False","1","33","#0072B2","False",""
"jkmillha","John Millhauser","College of Humanities and Social Sciences","Sociology and Anthropology","","False","2","26","#CC79A7","False",""
"hding","Huiling Ding","College of Humanities and Social Sciences","English","","False","1","16","#CC79A7","False",""
"akhowar5","Anna Howard","College of Engineering","Mechanical and Aerospace Engineering","","False","1","16","#0072B2","False",""
"mbryant","Matthew Bryant","College of Engineering","Mechanical and Aerospace Engineering","","False","10","130","#0072B2","False",""
"ajbirken","Adam Birkenheuer","College of Veterinary Medicine","Clinical Sciences","","False","9","97","#56B4E9","False",""
"wlu2","Wenchang Lu","College of Sciences","Physics","","False","3","51","#009E73","False",""
"jemeitze","John Meitzen","College of Sciences","Biological Sciences","","False","8","55","#009E73","False",""
"jjpawlak","Joel Pawlak","College of Natural Resources","Forest Biomaterials","","False","1","77","#9B59B6","False",""
"ackiassa","Corey Kiassat","College of Engineering","Edward P. Fitts Department of Industrial & Systems Engineering","","False","1","9","#0072B2","False",""
"wguezas","Wesley Klewerton Guez Assuncao","College of Engineering","Computer Science","","False","3","113","#0072B2","False",""
"talong","Terri Long","College of Agriculture and Life Sciences","Plant and Microbial Biology","","False","2","38","#E69F00","False",""
"tadrake","Timothy Drake","College of Education","Educational Leadership, Policy, and Human Development","","False","2","28","#D55E00","False",""
"iabolotn","Igor Bolotnov","College of Engineering","Nuclear Engineering","","False","3","64","#0072B2","False",""
"yxiao34","Yi Xiao","College of Sciences","Chemistry","","False","5","83","#009E73","False",""
"igmikhal","Irina Mikhalevich","College of Humanities and Social Sciences","Philosophy and Religious Studies","","False","1","16","#CC79A7","False",""
"jcbonner","James Bonner","College of Sciences","Biological Sciences","","False","3","48","#009E73","False",""
"jjohns24","Jeremiah Johnson","College of Engineering","Civil, Construction and Environmental Engineering","","False","2","69","#0072B2","False",""
"impeszle","Ilona Peszlen","College of Natural Resources","Forest Biomaterials","","False","2","31","#9B59B6","False",""
"jlburne5","Jennifer Burnette","College of Humanities and Social Sciences","Psychology","","False","3","88","#CC79A7","False",""
"rjb","Russell Borski","College of Sciences","Biological Sciences","","False","3","51","#009E73","False",""
"smfergu2","Scott Ferguson","College of Engineering","Mechanical and Aerospace Engineering","","False","1","49","#0072B2","False",""
"xxu","Xu Xu","College of Engineering","Edward P. Fitts Department of Industrial & Systems Engineering","","False","6","71","#0072B2","False",""
"jkmattin","John Mattingly","College of Engineering","Nuclear Engineering","","False","7","50","#0072B2","False",""
"aseyam","Abdel-Fattah Seyam","Wilson College of Textiles","Textile and Apparel, Technology and Management","","False","4","63","#1ABC9C","False",""
"acgurbuz","Ali Gurbuz","College of Engineering","Electrical and Computer Engineering","","False","6","136","#0072B2","False",""
"jredward","Jack Edwards","College of Engineering","Mechanical and Aerospace Engineering","","False","3","57","#0072B2","False",""
"lmitas","Lubos Mitas","College of Sciences","Physics","","False","5","80","#009E73","False",""
"slpigg","Stacey Pigg","College of Humanities and Social Sciences","English","","False","1","14","#CC79A7","False",""
"nkisaacs","Nathaniel Isaacson","College of Humanities and Social Sciences","World Languages and Cultures","","False","5","18","#CC79A7","False",""
"fscholl","Frank Scholle","College of Sciences","Biological Sciences","","False","1","39","#009E73","False",""
"mvoynov","Maxim Voynov","College of Sciences","Chemistry","","False","4","45","#009E73","False",""
"rshamey","Renzo Shamey","Wilson College of Textiles","Textile Engineering, Chemistry and Science","","False","3","60","#1ABC9C","False",""
"vpaneja","Viney Aneja","College of Sciences","Marine, Earth, and Atmospheric Sciences","","False","2","74","#009E73","False",""
"coby","Coby Schal","College of Agriculture and Life Sciences","Entomology and Plant Pathology","","False","21","229","#E69F00","False",""
"rhhaefen","Roger von Haefen","College of Agriculture and Life Sciences","Agricultural and Resource Economics","","False","3","25","#E69F00","False",""
"ycidrui","Yairon Cid Ruiz","College of Sciences","Mathematics","","False","1","30","#009E73","False",""
"kjjansen","Karen Jansen","Poole College of Management","Management, Innovation and Entrepreneurship","","False","1","9","#F0E442","False",""
"mdrake","MaryAnne Drake","College of Agriculture and Life Sciences","Food, Bioprocessing, and Nutrition Sciences","","False","10","264","#E69F00","False",""
"aschnet","Astrid Schnetzer","College of Sciences","Marine, Earth, and Atmospheric Sciences","","False","3","45","#009E73","False",""
"bsunderw","Benjamin Underwood","College of Engineering","Civil, Construction and Environmental Engineering","","False","8","175","#0072B2","False",""
"awbatall","Alexander Bataller","College of Engineering","Nuclear Engineering","","False","1","16","#0072B2","False",""
"gcmclaug","Gail McLaughlin","College of Sciences","Physics","","False","4","95","#009E73","False",""
"jmdole","John Dole","College of Agriculture and Life Sciences","Horticultural Science","","False","3","81","#E69F00","False",""
"eghohmei","Emily Griffith","College of Sciences","Statistics","","False","8","90","#009E73","False",""
"rrvatsav","Ranga Vatsavai","College of Engineering","Computer Science","","False","5","50","#0072B2","False",""
"rghosh8","Raja Ghosh","College of Sciences","Chemistry","","False","2","34","#009E73","False",""
"hwsedero","Heike Inge Sederoff","College of Agriculture and Life Sciences","Plant and Microbial Biology","","False","2","48","#E69F00","False",""
"ytsuji","Yoshiaki Tsuji","College of Sciences","Biological Sciences","","False","2","30","#009E73","False",""
"efg","Ed Gehringer","College of Engineering","Computer Science","","False","5","101","#0072B2","False",""
"llfoster","Lori Foster","College of Humanities and Social Sciences","Psychology","","False","2","41","#CC79A7","False",""
"dricket","David Ricketts","College of Engineering","Electrical and Computer Engineering","","False","4","101","#0072B2","False",""
"ebates","Erik Bates","College of Sciences","Mathematics","","False","2","20","#009E73","False",""
"ejgruber","Erika Gruber","College of Veterinary Medicine","Population Health and Pathobiology","","False","1","20","#56B4E9","False",""
"fmartin3","Florence Martin","College of Education","Teacher Education and Learning Sciences","","False","4","135","#D55E00","False",""
"rsmith","Ralph Smith","College of Sciences","Mathematics","","False","9","107","#009E73","False",""
"alstiele","Amy Stewart","College of Veterinary Medicine","Molecular Biomedical Sciences","","False","1","17","#56B4E9","False",""
"rmjetton","Robert Jetton","College of Natural Resources","Forestry and Environmental Resources","","False","1","27","#9B59B6","False",""
"sskhan","Sarah Khan","Poole College of Management","Information Technology, Analytics, & Operations","","False","1","6","#F0E442","False",""
"lrlarson","Lincoln Larson","College of Natural Resources","Parks, Recreation and Tourism Management","","False","9","144","#9B59B6","False",""
"tlidman","Tye Lidman","College of Sciences","Mathematics","","False","2","33","#009E73","False",""
"vdublje","Veljko Dubljevic","College of Humanities and Social Sciences","Philosophy and Religious Studies","","False","4","103","#CC79A7","False",""
"shossei9","S  Mohammad Hosseinian","College of Engineering","Edward P. Fitts Department of Industrial & Systems Engineering","","False","2","19","#0072B2","False",""
"xzheng","Xiaoyong Zheng","College of Agriculture and Life Sciences","Agricultural and Resource Economics","","False","5","36","#E69F00","False",""
"nmnascon","Nanette Nascone-Yoder","College of Veterinary Medicine","Molecular Biomedical Sciences","","False","1","34","#56B4E9","False",""
"hstohl","Hollylynne Lee","College of Education","Science, Technology, Engineering, & Mathematics Education","","False","5","43","#D55E00","False",""
"mrburche","Michael Burchell","College of Agriculture and Life Sciences","Biological and Agricultural Engineering","","False","2","42","#E69F00","False",""
"hong","Hoon Hong","College of Sciences","Mathematics","","False","3","53","#009E73","False",""
"slreichi","Sydney Reichin","College of Humanities and Social Sciences","Psychology","","False","1","11","#CC79A7","False",""
"snmwangi","samuel Mwangi","College of Agriculture and Life Sciences","Prestage Department of Poultry Science","","False","2","14","#E69F00","False",""
"dmfoster","Derek Foster","College of Veterinary Medicine","Population Health and Pathobiology","","False","3","70","#56B4E9","False",""
"lrfishe1","Loren Fisher","College of Agriculture and Life Sciences","North Carolina Agricultural Research Service","","False","2","20","#E69F00","False",""
"kcmarsde","Kurt Marsden","College of Sciences","Biological Sciences","","False","2","29","#009E73","False",""
"rxu22","Ruijuan Xu","College of Engineering","Materials Science and Engineering","","False","4","47","#0072B2","False",""
"jflevine","Jay Levine","College of Sciences","Marine, Earth, and Atmospheric Sciences","","False","1","50","#009E73","False",""
"amlee3","Alice Lee","College of Sciences","Biological Sciences","","False","1","6","#009E73","False",""
"prwestmo","Phil Westmoreland","College of Engineering","Chemical and Biomolecular Engineering","","False","3","69","#0072B2","False",""
"rchiech","Ryan Chiechi","College of Sciences","Chemistry","","False","17","132","#009E73","False",""
"grant","Christine Grant","College of Engineering","Chemical and Biomolecular Engineering","","False","1","11","#0072B2","False",""
"jpliu","Paul Liu","College of Sciences","Marine, Earth, and Atmospheric Sciences","","False","1","65","#009E73","False",""
"jegoodwi","Jean Goodwin","College of Humanities and Social Sciences","Communication","","False","1","23","#CC79A7","False",""
"jnbocarr","Jason Bocarro","College of Natural Resources","Parks, Recreation and Tourism Management","","False","2","62","#9B59B6","False",""
"skim22","Sung Woo Kim","College of Agriculture and Life Sciences","Animal Science","","False","17","405","#E69F00","False",""
"drbohnen","DelWayne Bohnenstiehl","College of Sciences","Marine, Earth, and Atmospheric Sciences","","False","5","79","#009E73","False",""
"gcope","William Cope","College of Agriculture and Life Sciences","Applied Ecology","","False","13","99","#E69F00","False",""
"gpcruse","Glenn Cruse","College of Veterinary Medicine","Molecular Biomedical Sciences","","False","1","51","#56B4E9","False",""
"daskaar","David Skaar","College of Sciences","Biological Sciences","","False","2","13","#009E73","False",""
"jcbegeny","John Begeny","College of Humanities and Social Sciences","Psychology","","False","11","56","#CC79A7","False",""
"jdong","Jingyan Dong","College of Engineering","Edward P. Fitts Department of Industrial & Systems Engineering","","False","7","110","#0072B2","False",""
"kdaniel","Karen Daniels","College of Sciences","Physics","","False","5","105","#009E73","False",""
"snassar","Sylvia Nassar","College of Education","Educational Leadership, Policy, and Human Development","","False","1","32","#D55E00","False",""
"mbfisher","Matthew Fisher","College of Engineering","Biomedical Engineering","","False","1","82","#0072B2","False",""
"amishr25","Aura Mishra","College of Humanities and Social Sciences","Psychology","","False","2","20","#CC79A7","False",""
"arabiei","Afsaneh Rabiei","College of Engineering","Mechanical and Aerospace Engineering","","False","2","94","#0072B2","False",""
"ecrisci","Elisa Crisci","College of Veterinary Medicine","Population Health and Pathobiology","","False","3","63","#56B4E9","False",""
"dljorda2","David Jordan","College of Agriculture and Life Sciences","Crop and Soil Sciences","","False","10","177","#E69F00","False",""
"hdai","Huaiyu Dai","College of Engineering","Electrical and Computer Engineering","","False","25","202","#0072B2","False",""
"crji","Chueng Ji","College of Sciences","Physics","","False","4","116","#009E73","False",""
"jljone21","Jacob Jones","College of Engineering","Materials Science and Engineering","","False","24","315","#0072B2","False",""
"pgkoupi","Paschalis Gkoupidenis","College of Engineering","Electrical and Computer Engineering","","False","3","55","#0072B2","False",""
"elseekam","Erin Seekamp","College of Natural Resources","Parks, Recreation and Tourism Management","","False","8","88","#9B59B6","False",""
"jkward2","Jason Ward","College of Agriculture and Life Sciences","Biological and Agricultural Engineering","","False","1","16","#E69F00","False",""
"jmdavis2","Jeanine Davis","College of Agriculture and Life Sciences","Horticultural Science","","False","2","21","#E69F00","False",""
"rmrejesu","Roderick Rejesus","College of Agriculture and Life Sciences","Agricultural and Resource Economics","","False","1","68","#E69F00","False",""
"sasha","Alexandra Duel-Hallen","College of Engineering","Electrical and Computer Engineering","","False","2","33","#0072B2","False",""
"warobin3","Walter Robinson","College of Sciences","Marine, Earth, and Atmospheric Sciences","","False","12","46","#009E73","False",""
"khan6","Kevin Han","College of Engineering","Civil, Construction and Environmental Engineering","","False","9","70","#0072B2","False",""
"eshim","Eunkyoung Shim","Wilson College of Textiles","Textile Engineering, Chemistry and Science","","False","3","48","#1ABC9C","False",""
"dbbuchwa","David Buchwalter","College of Sciences","Biological Sciences","","False","5","71","#009E73","False",""
"ehyland","Ethan Hyland","College of Sciences","Marine, Earth, and Atmospheric Sciences","","False","10","77","#009E73","False",""
"ooralka","Omer Oralkan","College of Engineering","Electrical and Computer Engineering","","False","7","161","#0072B2","False",""
"amjacob","Anna Egalite","College of Education","Educational Leadership, Policy, and Human Development","","False","3","34","#D55E00","False",""
"yshin8","Yeonjong Shin","College of Sciences","Mathematics","","False","1","22","#009E73","False",""
"cboi","Cristiana Boi","College of Engineering","Chemical and Biomolecular Engineering","","False","1","66","#0072B2","False",""
"avkuznet","Andrey Kuznetsov","College of Engineering","Mechanical and Aerospace Engineering","","False","5","283","#0072B2","False",""
"dazaharo","David Zaharoff","College of Engineering","Biomedical Engineering","","False","3","48","#0072B2","False",""
"mdschulm","Michael Schulman","College of Agriculture and Life Sciences","Agricultural and Human Sciences","","False","1","23","#E69F00","False",""
"bcallah","Benjamin Callahan","College of Veterinary Medicine","Population Health and Pathobiology","","False","4","50","#56B4E9","False",""
"bkim18","Byungsoo Kim","College of Design","Graphic Design & Industrial Design","","False","1","9","#E74C3C","False",""
"ysaini","Yogesh Saini","College of Veterinary Medicine","Population Health and Pathobiology","","False","1","54","#56B4E9","False",""
"drmatthe","Delisia Matthews","Wilson College of Textiles","Textile and Apparel, Technology and Management","","False","1","9","#1ABC9C","False",""
"kalff","Kristen Alff","College of Humanities and Social Sciences","History","","False","1","6","#CC79A7","False",""
"dfcall","Douglas Call","College of Engineering","Civil, Construction and Environmental Engineering","","False","4","63","#0072B2","False",""
"krwening","Keith Weninger","College of Sciences","Physics","","False","10","81","#009E73","False",""
"mmwillia","Mary Elting","College of Sciences","Physics","","False","1","30","#009E73","False",""
"tranney","Thomas Ranney","College of Agriculture and Life Sciences","Horticultural Science","","False","3","48","#E69F00","False",""
"cjdohert","Colleen Doherty","College of Agriculture and Life Sciences","Molecular and Structural Biochemistry","","False","1","50","#E69F00","False",""
"iakogan","Irina Kogan","College of Sciences","Mathematics","","False","1","22","#009E73","False",""
"dofreyte","Donald Freytes","College of Engineering","Biomedical Engineering","","False","2","49","#0072B2","False",""
"king","Russell King","College of Engineering","Edward P. Fitts Department of Industrial & Systems Engineering","","False","2","35","#0072B2","False",""
"sghosal","Subhashis Ghoshal","College of Sciences","Statistics","","False","4","51","#009E73","False",""
"dkaoumi","Djamel Kaoumi","College of Engineering","Nuclear Engineering","","False","3","84","#0072B2","False",""
"rjricha2","Robert Richardson","College of Agriculture and Life Sciences","Crop and Soil Sciences","","False","3","42","#E69F00","False",""
"mdlamber","Misty Lambert","College of Agriculture and Life Sciences","Agricultural and Human Sciences","","False","2","21","#E69F00","False",""
"cdelgad","Cesar Delgado","College of Education","Science, Technology, Engineering, & Mathematics Education","","False","1","38","#D55E00","False",""
"reirwin","Rebecca Irwin","College of Agriculture and Life Sciences","Applied Ecology","","False","15","135","#E69F00","False",""
"njolby","Natasha Olby","College of Veterinary Medicine","Clinical Sciences","","False","9","179","#56B4E9","False",""
"ahajbab","Ali Hajbabaie","College of Engineering","Civil, Construction and Environmental Engineering","","False","5","71","#0072B2","False",""
"mopeters","Matthew Peterson","College of Design","Graphic Design & Industrial Design","","False","2","22","#E74C3C","False",""
"raghilad","Reza Ghiladi","College of Sciences","Chemistry","","False","6","97","#009E73","False",""
"cdhoggan","Chad Hoggan","College of Education","Educational Leadership, Policy, and Human Development","","False","1","55","#D55E00","False",""
"madiacon","Mihai Diaconeasa","College of Engineering","Nuclear Engineering","","False","2","117","#0072B2","False",""
"mmbooker","Matthew Booker","College of Humanities and Social Sciences","History","","False","1","17","#CC79A7","False",""
"anbryan2","Alyssa Rockenbach","College of Education","Educational Leadership, Policy, and Human Development","","False","2","59","#D55E00","False",""
"wabauer","William Bauer","College of Humanities and Social Sciences","Philosophy and Religious Studies","","False","3","16","#CC79A7","False",""
"ddavis6","Dennis Davis","College of Education","Teacher Education and Learning Sciences","","False","4","38","#D55E00","False",""
"fisik","Fikret Isik","College of Natural Resources","Forestry and Environmental Resources","","False","2","90","#9B59B6","False",""
"amlynch3","Alex Lynch","College of Veterinary Medicine","Clinical Sciences","","False","1","58","#56B4E9","False",""
"laramir2","Alonso Ramirez","College of Agriculture and Life Sciences","Applied Ecology","","False","9","93","#E69F00","False",""
"yuan","Fuh-Gwo Yuan","College of Engineering","Mechanical and Aerospace Engineering","","False","16","153","#0072B2","False",""
"jtascenc","Trino Ascencio-Ibanez","College of Agriculture and Life Sciences","Molecular and Structural Biochemistry","","False","3","23","#E69F00","False",""
"jwolson","Jonathan Olson","College of Sciences","Biological Sciences","","False","1","16","#009E73","False",""
"mpourgh","Moe Pourghaz","College of Engineering","Civil, Construction and Environmental Engineering","","False","4","70","#0072B2","False",""
"atbliksl","Anthony Blikslager","College of Veterinary Medicine","College of Veterinary Medicine Administration","","False","17","210","#56B4E9","False",""
"eozlu","Ekrem Ozlu","College of Agriculture and Life Sciences","Crop and Soil Sciences","","False","5","35","#E69F00","False",""
"ipsen","Ilse Ipsen","College of Sciences","Mathematics","","False","3","64","#009E73","False",""
"nfrazie2","Nishani Frazier","College of Humanities and Social Sciences","History","","False","1","7","#CC79A7","False",""
"dlirving","Douglas Irving","College of Engineering","Materials Science and Engineering","","False","12","81","#0072B2","False",""
"jlintile","Joanne Intile","College of Veterinary Medicine","Clinical Sciences","","False","1","15","#56B4E9","False",""
"nreadin","Nathan Reading","College of Sciences","Mathematics","","False","5","45","#009E73","False",""
"iuroeder","Ian Roederer","College of Sciences","Physics","","False","12","129","#009E73","False",""
"pdumbach","Paul Umbach","College of Education","Educational Leadership, Policy, and Human Development","","False","2","24","#D55E00","False",""
"cfcastro","Celso Castro Bolinaga","College of Agriculture and Life Sciences","Biological and Agricultural Engineering","","False","3","20","#E69F00","False",""
"enford","Ericka Ford","Wilson College of Textiles","Textile Engineering, Chemistry and Science","","False","3","32","#1ABC9C","False",""
"enicole","Elena Veety","College of Engineering","Electrical and Computer Engineering","","False","2","15","#0072B2","False",""
"hashraf2","Hudson Ashrafi","College of Agriculture and Life Sciences","Horticultural Science","","False","3","63","#E69F00","False",""
"davidian","Marie Davidian","College of Sciences","Statistics","","False","1","85","#009E73","False",""
"vaugust","Veronica Augustyn","College of Engineering","Materials Science and Engineering","","False","5","76","#0072B2","False",""
"mjburke3","Megan Burke","College of Veterinary Medicine","Clinical Sciences","","False","3","11","#56B4E9","False",""
"rgmarti3","Ryan Martin","College of Sciences","Statistics","","False","5","78","#009E73","False",""
"tawalkow","Temple Walkowiak","College of Education","Teacher Education and Learning Sciences","","False","1","18","#D55E00","False",""
"klfelder","Kelly Oten","College of Natural Resources","Forestry and Environmental Resources","","False","2","20","#9B59B6","False",""
"fbreid","Frederick Breidt","College of Agriculture and Life Sciences","Food, Bioprocessing, and Nutrition Sciences","","False","1","47","#E69F00","False",""
"jahipp","Aaron Hipp","College of Natural Resources","Parks, Recreation and Tourism Management","","False","16","148","#9B59B6","False",""
"wchen43","Weijian Chen","College of Sciences","Physics","","False","3","22","#009E73","False",""
"wbgriff2","Whitney Griffin","College of Humanities and Social Sciences","Psychology","","False","1","1","#CC79A7","False",""
"bewylie","Breanne Wylie","College of Humanities and Social Sciences","Psychology","","False","2","26","#CC79A7","False",""
"jhou8","Jason Hou","College of Engineering","Nuclear Engineering","","False","1","35","#0072B2","False",""
"swking","Stacy Wood","Poole College of Management","Marketing","","False","2","24","#F0E442","False",""
"ajstewa5","Amanda Stewart","College of Humanities and Social Sciences","Political Science & Public Administration [in the School of Public and International Affairs]","","False","2","30","#CC79A7","False",""
"lezanno","Lindsay Zanno","College of Sciences","Biological Sciences","","False","6","77","#009E73","False",""
"mgerard","Mathew Gerard","College of Veterinary Medicine","Molecular Biomedical Sciences","","False","2","16","#56B4E9","False",""
"lacraig","Lee Craig","Poole College of Management","Economics","","False","1","23","#F0E442","False",""
"mbecchi","Michela Becchi","College of Engineering","Electrical and Computer Engineering","","False","2","41","#0072B2","False",""
"fawrigh2","Fred Wright","College of Sciences","Statistics","","False","5","120","#009E73","False",""
"jmhaugh","Jason Haugh","College of Engineering","Chemical and Biomolecular Engineering","","False","1","72","#0072B2","False",""
"lcolpog","Luke Gatiboni","College of Agriculture and Life Sciences","Crop and Soil Sciences","","False","8","121","#E69F00","False",""
"ngcosco","Nilda Cosco","College of Design","College of Design Administration","","False","1","20","#E74C3C","False",""
"acfahren","Adam Fahrenholz","College of Agriculture and Life Sciences","Prestage Department of Poultry Science","","False","1","36","#E69F00","False",""
"mheiran","Dariush M Heiranian","College of Engineering","Mechanical and Aerospace Engineering","","False","2","24","#0072B2","False",""
"jcollazo","Jaime Collazo","College of Agriculture and Life Sciences","Applied Ecology","","False","6","75","#E69F00","False",""
"garval","Michael Garval","College of Humanities and Social Sciences","World Languages and Cultures","","False","1","3","#CC79A7","False",""
"munsal","Mithat Unsal","College of Sciences","Physics","","False","7","60","#009E73","False",""
"bejin","Byoungho Jin","Wilson College of Textiles","Textile and Apparel, Technology and Management","","False","6","111","#1ABC9C","False",""
"rcmayer","Roger Mayer","Poole College of Management","Management, Innovation and Entrepreneurship","","False","1","21","#F0E442","False",""
"feewere","Felix Ewere","College of Engineering","Mechanical and Aerospace Engineering","","False","1","8","#0072B2","False",""
"aakedrow","April Kedrowicz","College of Veterinary Medicine","Clinical Sciences","","False","5","36","#56B4E9","False",""
"gblank","Gary Blank","College of Natural Resources","Forestry and Environmental Resources","","False","2","8","#9B59B6","False",""
"mcurry2","Maggie Curry","College of Sciences","Marine, Earth, and Atmospheric Sciences","","False","1","16","#009E73","False",""
"asoldat","Arianna Soldati","College of Sciences","Marine, Earth, and Atmospheric Sciences","","False","3","23","#009E73","False",""
"ajplanch","Antonio Planchart","College of Sciences","Biological Sciences","","False","3","29","#009E73","False",""
"lhoggar","Lori Hoggard","College of Humanities and Social Sciences","Psychology","","False","2","28","#CC79A7","False",""
"ataylor","Andrew Taylor","College of Humanities and Social Sciences","Political Science & Public Administration [in the School of Public and International Affairs]","","False","2","22","#CC79A7","False",""
"asagema","Andrew Sageman-Furnas","College of Sciences","Mathematics","","False","2","14","#009E73","False",""
"rheinig","Ronnie Heiniger","College of Agriculture and Life Sciences","Crop and Soil Sciences","","False","1","29","#E69F00","False",""
"smbennet","Sharon Joines","College of Design","College of Design Administration","","False","3","23","#E74C3C","False",""
"jjiang26","Jicai Jiang","College of Agriculture and Life Sciences","Animal Science","","False","3","68","#E69F00","False",""
"lhe8","Lingfeng He","College of Engineering","Nuclear Engineering","","False","8","170","#0072B2","False",""
"kay","Michael Kay","College of Engineering","Edward P. Fitts Department of Industrial & Systems Engineering","","False","3","31","#0072B2","False",""
"cchen49","Chao Chen","College of Sciences","Mathematics","","False","1","16","#009E73","False",""
"lxiao5","Luo Xiao","College of Sciences","Statistics","","False","4","42","#009E73","False",""
"gmkumar","Kumar Mahinthakumar","College of Engineering","Civil, Construction and Environmental Engineering","","False","3","71","#0072B2","False",""
"tismirno","Tatyana Smirnova","College of Sciences","Chemistry","","False","3","52","#009E73","False",""
"canson","Chris Anson","College of Humanities and Social Sciences","English","","False","3","53","#CC79A7","False",""
"pemozdzi","Paul Mozdziak","College of Agriculture and Life Sciences","Prestage Department of Poultry Science","","False","2","140","#E69F00","False",""
"jytzeng","Jung-Ying Tzeng","College of Sciences","Statistics","","False","6","65","#009E73","False",""
"lavillam","Lenin Villamizar Martinez","College of Veterinary Medicine","Clinical Sciences","","False","1","18","#56B4E9","False",""
"mgjones3","Gail Jones","College of Education","Science, Technology, Engineering, & Mathematics Education","","False","7","85","#D55E00","False",""
"bjsheaha","Breanna Sheahan","College of Veterinary Medicine","Clinical Sciences","","False","1","12","#56B4E9","False",""
"easchroe","Elena Schroeter","College of Sciences","Biological Sciences","","False","1","22","#009E73","False",""
"kgundog","Kenan Gundogdu","College of Sciences","Physics","","False","7","87","#009E73","False",""
"lhajiba","Leila Hajibabai","College of Engineering","Edward P. Fitts Department of Industrial & Systems Engineering","","False","2","30","#0072B2","False",""
"jhunt5","Jessica Hunt","College of Education","Teacher Education and Learning Sciences","","False","4","52","#D55E00","False",""
"cjohns26","Carla Johnson","College of Education","Science, Technology, Engineering, & Mathematics Education","","False","1","138","#D55E00","False",""
"jrbryan3","Jennifer Richmond-Bryant","College of Natural Resources","Forestry and Environmental Resources","","False","1","57","#9B59B6","False",""
"jjwierer","Jonathan Wierer","College of Engineering","Electrical and Computer Engineering","","False","4","73","#0072B2","False",""
"klstansb","Kim Stansbury","College of Humanities and Social Sciences","Social Work","","False","1","17","#CC79A7","False",""
"rsozzan","Rosangela Sozzani","College of Agriculture and Life Sciences","Plant and Microbial Biology","","False","6","87","#E69F00","False",""
"pcombet","Patrick Combettes","College of Sciences","Mathematics","","False","4","80","#009E73","False",""
"tschroe","Thomas Schroeder","Wilson College of Textiles","Textile Engineering, Chemistry and Science","","False","1","13","#1ABC9C","False",""
"jgookin","Jody Gookin","College of Veterinary Medicine","Clinical Sciences","","False","1","72","#56B4E9","False",""
"ssheth3","Seema Sheth","College of Agriculture and Life Sciences","Plant and Microbial Biology","","False","4","43","#E69F00","False",""
"atstepan","Anna Stepanova","College of Agriculture and Life Sciences","Plant and Microbial Biology","","False","4","68","#E69F00","False",""
"aryoung","Albert Young","College of Sciences","Physics","","False","9","115","#009E73","False",""
"fmuelle","Frank Mueller","College of Engineering","Computer Science","","False","9","107","#0072B2","False",""
"rodrigu","Jesus Rodriguez","College of Sciences","Mathematics","","False","2","19","#009E73","False",""
"ygyingli","Yaroslava Yingling","College of Engineering","Materials Science and Engineering","","False","8","140","#0072B2","False",""
"sspaul2","Stepan Paul","College of Sciences","Mathematics","","False","1","8","#009E73","False",""
"ebardak","Eleni Bardaka","College of Engineering","Civil, Construction and Environmental Engineering","","False","1","32","#0072B2","False",""
"eztaylor","Eileen Taylor","Poole College of Management","Accounting","","False","1","27","#F0E442","False",""
"gbai","Frank Bai","College of Agriculture and Life Sciences","Biological and Agricultural Engineering","","False","1","13","#E69F00","False",""
"screberg","Chris Reberg-Horton","College of Agriculture and Life Sciences","Crop and Soil Sciences","","False","7","102","#E69F00","False",""
"dpwarsin","Donald Warsing","Poole College of Management","Information Technology, Analytics, & Operations","","False","1","24","#F0E442","False",""
"slsimon","Sindee Simon","College of Engineering","Chemical and Biomolecular Engineering","","False","4","98","#0072B2","False",""
"rdmalhei","Ramon Malheiros","College of Agriculture and Life Sciences","Prestage Department of Poultry Science","","False","5","40","#E69F00","False",""
"llparril","Lisa Chapman","Wilson College of Textiles","Textile and Apparel, Technology and Management","","False","4","20","#1ABC9C","False",""
"jslindse","Jonathan Lindsey","College of Sciences","Chemistry","","False","7","263","#009E73","False",""
"gnp","Gregory Parsons","College of Engineering","Chemical and Biomolecular Engineering","","False","13","241","#0072B2","False",""
"jlheitma","Josh Heitman","College of Agriculture and Life Sciences","Crop and Soil Sciences","","False","13","168","#E69F00","False",""
"vfellner","Vivek Fellner","College of Agriculture and Life Sciences","Animal Science","","False","1","44","#E69F00","False",""
"jjadams2","Jacob Adams","College of Engineering","Electrical and Computer Engineering","","False","7","60","#0072B2","False",""
"sarumug","Sankarasubramanian Arumugam","College of Engineering","Civil, Construction and Environmental Engineering","","False","9","115","#0072B2","False",""
"cfrohli","Carla Frohlich","College of Sciences","Physics","","False","6","64","#009E73","False",""
"nnelson4","Natalie Nelson","College of Agriculture and Life Sciences","Biological and Agricultural Engineering","","False","2","65","#E69F00","False",""
"cmwilli5","Cranos Williams","College of Engineering","Electrical and Computer Engineering","","False","4","54","#0072B2","False",""
"rwkays","Roland Kays","College of Natural Resources","Forestry and Environmental Resources","","False","16","225","#9B59B6","False",""
"vkurapa","Vasu Kuraparthy","College of Agriculture and Life Sciences","Crop and Soil Sciences","","False","2","38","#E69F00","False",""
"n51nh301","William Adler","College of Humanities and Social Sciences","Philosophy and Religious Studies","","False","1","26","#CC79A7","False",""
"mwkudeno","Michael Kudenov","College of Engineering","Electrical and Computer Engineering","","False","10","120","#0072B2","False",""
"rgmaggi","Ricardo Maggi","College of Veterinary Medicine","Clinical Sciences","","False","7","149","#56B4E9","False",""
"mgilman","Mikhail Gilman","College of Sciences","Mathematics","","False","1","28","#009E73","False",""
"bjreich","Brian Reich","College of Sciences","Statistics","","False","13","198","#009E73","False",""
"tmrider","Traci Rider","College of Design","Architecture","","False","2","21","#E74C3C","False",""
"swkullma","Seth Kullman","College of Sciences","Biological Sciences","","False","5","70","#009E73","False",""
"jaforre3","Jodi Forrester","College of Natural Resources","Forestry and Environmental Resources","","False","2","41","#9B59B6","False",""
"richardv","Richard Venditti","College of Natural Resources","Forest Biomaterials","","False","9","200","#9B59B6","False",""
"twu19","Tianfu Wu","College of Engineering","Electrical and Computer Engineering","","False","2","53","#0072B2","False",""
"rbhandfi","Robert Handfield","Poole College of Management","Information Technology, Analytics, & Operations","","False","6","102","#F0E442","False",""
"vgallagh","Victoria Gallagher","College of Humanities and Social Sciences","Communication","","False","4","20","#CC79A7","False",""
"jcheng3","Jay Cheng","College of Agriculture and Life Sciences","Biological and Agricultural Engineering","","False","6","91","#E69F00","False",""
"akota2","Arun Kumar Kota","College of Engineering","Mechanical and Aerospace Engineering","","False","4","64","#0072B2","False",""
"hwade","Harald Ade","College of Sciences","Physics","","False","38","385","#009E73","False",""
"slzahler","Sara Zahler","College of Humanities and Social Sciences","World Languages and Cultures","","False","1","16","#CC79A7","False",""
"dmberube","David Berube","College of Humanities and Social Sciences","Communication","","False","1","19","#CC79A7","False",""
"smsulli2","Seth Sullivant","College of Sciences","Mathematics","","False","1","65","#009E73","False",""
"nlu2","Ning Lu","College of Engineering","Electrical and Computer Engineering","","False","9","155","#0072B2","False",""
"jtking","Jason King","College of Engineering","Computer Science","","False","1","15","#0072B2","False",""
"aclark5","Alexis Clark","College of Humanities and Social Sciences","History","","False","3","18","#CC79A7","False",""
"dslalush","David Lalush","College of Engineering","Biomedical Engineering","","False","7","80","#0072B2","False",""
"barachun","Benjamin Rachunok","College of Engineering","Edward P. Fitts Department of Industrial & Systems Engineering","","False","1","18","#0072B2","False",""
"ebbreits","Edward Breitschwerdt","College of Veterinary Medicine","Clinical Sciences","","False","20","318","#56B4E9","False",""
"csayde","Chadi Sayde","College of Agriculture and Life Sciences","Biological and Agricultural Engineering","","False","1","25","#E69F00","False",""
"skomarn","Slavko Komarnytsky","College of Agriculture and Life Sciences","Kannapolis Research","","False","1","70","#E69F00","False",""
"rkmeente","Ross Meentemeyer","College of Natural Resources","Center for Geospatial Analytics","","False","13","127","#9B59B6","False",""
"alwoodle","Alex Woodley","College of Agriculture and Life Sciences","Crop and Soil Sciences","","False","3","40","#E69F00","False",""
"drobenou","Daniel Obenour","College of Engineering","Civil, Construction and Environmental Engineering","","False","5","50","#0072B2","False",""
"kaharwoo","Karey Harwood","College of Humanities and Social Sciences","Philosophy and Religious Studies","","False","1","8","#CC79A7","False",""
"ljbobay","Louis-Marie Bobay","College of Sciences","Biological Sciences","","False","4","44","#009E73","False",""
"mlsichit","Mihail Sichitiu","College of Engineering","Electrical and Computer Engineering","","False","4","64","#0072B2","False",""
"mnpeters","Nils Peterson","College of Natural Resources","Forestry and Environmental Resources","","False","14","130","#9B59B6","False",""
"rhli2","Ronald Li","College of Veterinary Medicine","Clinical Sciences","","False","4","47","#56B4E9","False",""
"hschmit2","Hans Peter Schmitz","College of Humanities and Social Sciences","Political Science & Public Administration [in the School of Public and International Affairs]","","False","3","38","#CC79A7","False",""
"jdcoggbu","Jerrell Coggburn","College of Humanities and Social Sciences","Political Science & Public Administration [in the School of Public and International Affairs]","","False","3","40","#CC79A7","False",""
"tdefranc","Teresa DeFrancesco","College of Veterinary Medicine","Clinical Sciences","","False","5","70","#56B4E9","False",""
"rhe","Ruoying He","College of Sciences","Marine, Earth, and Atmospheric Sciences","","False","4","126","#009E73","False",""
"mshahza","Muhammad Shahzad","College of Engineering","Computer Science","","False","3","44","#0072B2","False",""
"cubbage","Frederick Cubbage","College of Natural Resources","Forestry and Environmental Resources","","False","6","115","#9B59B6","False",""
"egmedlin","Emily Martin","College of Veterinary Medicine","Clinical Sciences","","False","2","10","#56B4E9","False",""
"drtarpy","David Tarpy","College of Agriculture and Life Sciences","Applied Ecology","","False","6","117","#E69F00","False",""
"jlreyno4","James Reynolds","College of Engineering","Electrical and Computer Engineering","","False","1","17","#0072B2","False",""
"jabuckel","Jeffrey Buckel","College of Agriculture and Life Sciences","Applied Ecology","","False","5","87","#E69F00","False",""
"stefansk","Len Stefanski","College of Sciences","Statistics","","False","1","28","#009E73","False",""
"aasmith7","Adrian Smith","College of Sciences","Biological Sciences","","False","5","16","#009E73","False",""
"jaluff","Jennifer Luff","College of Veterinary Medicine","Population Health and Pathobiology","","False","3","19","#56B4E9","False",""
"ruzsoy","Reha Uzsoy","College of Engineering","Edward P. Fitts Department of Industrial & Systems Engineering","","False","12","112","#0072B2","False",""
"vukina","Tomislav Vukina","College of Agriculture and Life Sciences","Agricultural and Resource Economics","","False","1","25","#E69F00","False",""
"kaunocic","Kinga Unocic","College of Engineering","Materials Science and Engineering","","False","11","160","#0072B2","False",""
"ktstolee","Kathryn Thomasset Stolee","College of Engineering","Computer Science","","False","4","19","#0072B2","False",""
"fncastel","Felix Castellano","College of Sciences","Chemistry","","False","14","241","#009E73","False",""
"lrbass","Lisa Bass","College of Education","Educational Leadership, Policy, and Human Development","","False","2","9","#D55E00","False",""
"lsgoodel","Suzie Goodell","College of Agriculture and Life Sciences","Food, Bioprocessing, and Nutrition Sciences","","False","4","65","#E69F00","False",""
"nccrook","Nathan Crook","College of Engineering","Chemical and Biomolecular Engineering","","False","1","54","#0072B2","False",""
"ncnelso2","Nathan Nelson","College of Veterinary Medicine","Molecular Biomedical Sciences","","False","3","32","#56B4E9","False",""
"wyu2","Wensong Yu","College of Engineering","Future Renewable Electric Energy Delivery and Management Systems Center (The)","","False","3","75","#0072B2","False",""
"aercume","Ayse Ercumen","College of Natural Resources","Forestry and Environmental Resources","","False","11","84","#9B59B6","False",""
"jklee","John Lee","College of Education","College of Education Administration","","False","3","18","#D55E00","False",""
"aavilac","Amanda Avila Cardoso","College of Agriculture and Life Sciences","Crop and Soil Sciences","","False","8","60","#E69F00","False",""
"rmschoen","Regina Schoenfeld","College of Veterinary Medicine","Molecular Biomedical Sciences","","False","2","58","#56B4E9","False",""
"twgannon","Travis Gannon","College of Agriculture and Life Sciences","Crop and Soil Sciences","","False","2","68","#E69F00","False",""
"rslewis","Ramsey Lewis","College of Agriculture and Life Sciences","Crop and Soil Sciences","","False","2","76","#E69F00","False",""
"narayan","Jagdish Narayan","College of Engineering","Materials Science and Engineering","","False","21","257","#0072B2","False",""
"zlyu3","Zhe Lyu","College of Agriculture and Life Sciences","Plant and Microbial Biology","","False","3","29","#E69F00","False",""
"aaysu","Aydin Aysu","College of Engineering","Electrical and Computer Engineering","","False","3","74","#0072B2","False",""
"rseraci","Rudi Seracino","College of Engineering","Civil, Construction and Environmental Engineering","","False","6","65","#0072B2","False",""
"avazque2","Abraham Vazquez-Guardado","College of Engineering","Electrical and Computer Engineering","","False","15","68","#0072B2","False",""
"dgruehn","Daniel Gruehn","College of Humanities and Social Sciences","Psychology","","False","1","19","#CC79A7","False",""
"skuttal","Sandeep Kuttal","College of Engineering","Computer Science","","False","3","43","#0072B2","False",""
"gyang9","Ge Yang","College of Engineering","Nuclear Engineering","","False","5","93","#0072B2","False",""
"gngaile","Gracious Ngaile","College of Engineering","Mechanical and Aerospace Engineering","","False","2","58","#0072B2","False",""
"pdbradfo","Philip Bradford","Wilson College of Textiles","Textile Engineering, Chemistry and Science","","False","4","81","#1ABC9C","False",""
"zli42","Zheng Li","College of Agriculture and Life Sciences","Agricultural and Resource Economics","","False","1","14","#E69F00","False",""
"ccgoller","Carlos Goller","College of Sciences","Biological Sciences","","False","1","66","#009E73","False",""
"nmlavoin","Nathalie Lavoine","College of Natural Resources","Forest Biomaterials","","False","2","38","#9B59B6","False",""
"jayoder","Jeff Yoder","College of Sciences","Biological Sciences","","False","1","83","#009E73","False",""
"sklambet","Stephanie Mathews","College of Sciences","Biological Sciences","","False","1","21","#009E73","False",""
"dzbaron","Dror Baron","College of Engineering","Electrical and Computer Engineering","","False","1","62","#0072B2","False",""
"spark","Sunkyu Park","College of Natural Resources","Forest Biomaterials","","False","16","139","#9B59B6","False",""
"wmrand","Bill Rand","Poole College of Management","Marketing","","False","3","49","#F0E442","False",""
"ejlobato","Edgar Lobaton","College of Engineering","Electrical and Computer Engineering","","False","5","109","#0072B2","False",""
"pcfyfe","Paul Fyfe","College of Humanities and Social Sciences","English","","False","3","24","#CC79A7","False",""
"mlrodge2","Maria Rodgers","College of Sciences","Biological Sciences","","False","3","20","#009E73","False",""
"cmroland","Christopher Roland","College of Sciences","Physics","","False","1","49","#009E73","False",""
"dsjones5","Daniela Jones","College of Agriculture and Life Sciences","Biological and Agricultural Engineering","","False","1","25","#E69F00","False",""
"jcdietri","Casey Dietrich","College of Engineering","Civil, Construction and Environmental Engineering","","False","1","47","#0072B2","False",""
"japiedra","Jorge Piedrahita","College of Veterinary Medicine","Molecular Biomedical Sciences","","False","4","75","#56B4E9","False",""
"apapani","Andrew Papanicolaou","College of Sciences","Mathematics","","False","3","28","#009E73","False",""
"kwk","Ki Kim","College of Engineering","Electrical and Computer Engineering","","False","1","107","#0072B2","False",""
"mmaguilo","Maricar Aguilos","College of Natural Resources","Forestry and Environmental Resources","","False","2","49","#9B59B6","False",""
"jtuck","James Tuck","College of Engineering","Electrical and Computer Engineering","","False","2","45","#0072B2","False",""
"azkabukc","Ayse Kabukcuoglu Dur","Poole College of Management","Economics","","False","1","6","#F0E442","False",""
"hji5","Hangjie Ji","College of Sciences","Mathematics","","False","5","37","#009E73","False",""
"smenega","Stefano Menegatti","College of Engineering","Chemical and Biomolecular Engineering","","False","4","115","#0072B2","False",""
"tran","Hien Tran","College of Sciences","Mathematics","","False","8","62","#009E73","False",""
"twprice","Thomas Price","College of Engineering","Computer Science","","False","4","56","#0072B2","False",""
"mthuo","Martin Thuo","College of Engineering","Materials Science and Engineering","","False","11","131","#0072B2","False",""
"cmrobvei","Cynthia Robveille","College of Veterinary Medicine","Clinical Sciences","","False","1","17","#56B4E9","False",""
"rblanger","Brian Langerhans","College of Sciences","Biological Sciences","","False","2","49","#009E73","False",""
"jliu38","Jun Liu","College of Engineering","Mechanical and Aerospace Engineering","","False","4","73","#0072B2","False",""
"icarbon","Ignazio Carbone","College of Agriculture and Life Sciences","Entomology and Plant Pathology","","False","2","89","#E69F00","False",""
"mtchu","Moody Chu","College of Sciences","Mathematics","","False","2","48","#009E73","False",""
"srmilla","Susana Milla-Lewis","College of Agriculture and Life Sciences","Crop and Soil Sciences","","False","3","78","#E69F00","False",""
"tmschaef","Thomas Schaefer","College of Sciences","Physics","","False","2","91","#009E73","False",""
"mkanters","Michael Kanters","College of Natural Resources","Parks, Recreation and Tourism Management","","False","1","20","#9B59B6","False",""
"lgtateos","Laura Tateosian","College of Natural Resources","Center for Geospatial Analytics","","False","1","22","#9B59B6","False",""
"khan","Saad Khan","College of Engineering","Chemical and Biomolecular Engineering","","False","7","178","#0072B2","False",""
"rdutta","Rudra Dutta","College of Engineering","Computer Science","","False","1","74","#0072B2","False",""
"yliu335","Yuan Liu","College of Engineering","Electrical and Computer Engineering","","False","2","43","#0072B2","False",""
"fli5","Fanxing Li","College of Engineering","Chemical and Biomolecular Engineering","","False","12","170","#0072B2","False",""
"xgu","Xiaohui Gu","College of Engineering","Computer Science","","False","4","33","#0072B2","False",""
"jcdiebol","Jeffrey Diebold","College of Humanities and Social Sciences","Political Science & Public Administration [in the School of Public and International Affairs]","","False","2","7","#CC79A7","False",""
"jjcarro3","Jennifer Carroll","College of Humanities and Social Sciences","Sociology and Anthropology","","False","8","61","#CC79A7","False",""
"jminogu","James Minogue","College of Education","Teacher Education and Learning Sciences","","False","1","23","#D55E00","False",""
"mdparker","Matthew Parker","College of Sciences","Marine, Earth, and Atmospheric Sciences","","False","2","64","#009E73","False",""
"msmorril","Melinda Morrill","Poole College of Management","Economics","","False","3","37","#F0E442","False",""
"mecoope3","Matthew Cooper","College of Engineering","Chemical and Biomolecular Engineering","","False","1","25","#0072B2","False",""
"dpgenere","David Genereux","College of Sciences","Marine, Earth, and Atmospheric Sciences","","False","2","40","#009E73","False",""
"mchoudo","Mallory Choudoir","College of Agriculture and Life Sciences","Plant and Microbial Biology","","False","3","24","#E69F00","False",""
"ttheis","Thomas Theis","College of Sciences","Chemistry","","False","5","119","#009E73","False",""
"rrkulkar","Ravi Kulkarni","College of Veterinary Medicine","Population Health and Pathobiology","","False","4","62","#56B4E9","False",""
"gbuckner","Gregory Buckner","College of Engineering","Mechanical and Aerospace Engineering","","False","3","67","#0072B2","False",""
"gvalacc","Giuseppe Valacchi","College of Agriculture and Life Sciences","Kannapolis Research","","False","14","248","#E69F00","False",""
"kowalsky","Mervyn Kowalsky","College of Engineering","Civil, Construction and Environmental Engineering","","False","2","71","#0072B2","False",""
"aemcgill","Alicia McGill","College of Humanities and Social Sciences","History","","False","2","10","#CC79A7","False",""
"paulf","Paul Franzon","College of Engineering","Electrical and Computer Engineering","","False","5","194","#0072B2","False",""
"eamckenn","Erin McKenney","College of Agriculture and Life Sciences","Applied Ecology","","False","4","39","#E69F00","False",""
"ssoyars","Sanem Soyarslan","College of Humanities and Social Sciences","Philosophy and Religious Studies","","False","2","9","#CC79A7","False",""
"spavlid","Spyridon Pavlidis","College of Engineering","Electrical and Computer Engineering","","False","1","41","#0072B2","False",""
"wphan","William Phan","Poole College of Management","Economics","","False","1","10","#F0E442","False",""
"amaity","Arnab Maity","College of Sciences","Statistics","","False","6","75","#009E73","False",""
"jlnietfe","John Nietfeld","College of Education","Teacher Education and Learning Sciences","","False","1","39","#D55E00","False",""
"dgkamper","Derek Kamper","College of Engineering","Biomedical Engineering","","False","2","53","#0072B2","False",""
"bcclift","Bryan Clift","College of Natural Resources","Parks, Recreation and Tourism Management","","False","1","46","#9B59B6","False",""
"tmbarnes","Tiffany Barnes","College of Engineering","Computer Science","","False","8","173","#0072B2","False",""
"tmharri7","Tara Harrison","College of Veterinary Medicine","Clinical Sciences","","False","2","63","#56B4E9","False",""
"ajkeung","Albert Keung","College of Engineering","Chemical and Biomolecular Engineering","","False","3","54","#0072B2","False",""
"galewbar","Gregory Lewbart","College of Veterinary Medicine","Clinical Sciences","","False","13","160","#56B4E9","False",""
"bgwalan","Bharat Gwalani","College of Engineering","Materials Science and Engineering","","False","20","147","#0072B2","False",""
"yslee","Yuan-Shin Lee","College of Engineering","Edward P. Fitts Department of Industrial & Systems Engineering","","False","4","52","#0072B2","False",""
"rwmurray","Ryan Murray","College of Sciences","Mathematics","","False","3","23","#009E73","False",""
"bafloyd","Brian Floyd","College of Engineering","Electrical and Computer Engineering","","False","5","102","#0072B2","False",""
"clanzas","Cristina Lanzas","College of Veterinary Medicine","Population Health and Pathobiology","","False","5","79","#56B4E9","False",""
"dosmond","Deanna Osmond","College of Agriculture and Life Sciences","Crop and Soil Sciences","","False","4","89","#E69F00","False",""
"efpearso","Erin Frey","College of Veterinary Medicine","Clinical Sciences","","False","1","20","#56B4E9","False",""
"alwelch","Amanda Ziegler","College of Veterinary Medicine","Molecular Biomedical Sciences","","False","3","31","#56B4E9","False",""
"jjacosta","Juan Acosta Jaramillo","College of Natural Resources","Forestry and Environmental Resources","","False","3","34","#9B59B6","False",""
"nrmamooz","Nadya Mamoozadeh","College of Agriculture and Life Sciences","Applied Ecology","","False","1","13","#E69F00","False",""
"jodle","Jack Odle","College of Agriculture and Life Sciences","Animal Science","","False","4","158","#E69F00","False",""
"jswarts","Jason Swarts","College of Humanities and Social Sciences","English","","False","3","29","#CC79A7","False",""
"jmpolla3","Jeffrey Pollack","Poole College of Management","Management, Innovation and Entrepreneurship","","False","6","91","#F0E442","False",""
"dsun4","Dali Sun","College of Sciences","Physics","","False","5","88","#009E73","False",""
"miorizz","Massimo Iorizzo","College of Agriculture and Life Sciences","Horticultural Science","","False","6","115","#E69F00","False",""
"qwei3","Qingshan Wei","College of Engineering","Chemical and Biomolecular Engineering","","False","5","97","#0072B2","False",""
"sesmith5","Sarah Heckman","College of Engineering","Computer Science","","False","3","37","#0072B2","False",""
"wdavis","William Davis","College of Engineering","Electrical and Computer Engineering","","False","1","66","#0072B2","False",""
"madesouc","Michaela DeSoucey","College of Humanities and Social Sciences","Sociology and Anthropology","","False","1","29","#CC79A7","False",""
"oapetrit","Olivia Petritz","College of Veterinary Medicine","Clinical Sciences","","False","1","44","#56B4E9","False",""
"jhkelley","John Kelley","College of Sciences","Physics","","False","2","74","#009E73","False",""
"jrknowle","Jim Knowles","College of Humanities and Social Sciences","English","","False","1","4","#CC79A7","False",""
"owduckwo","Owen Duckworth","College of Agriculture and Life Sciences","Crop and Soil Sciences","","False","3","83","#E69F00","False",""
"adferna2","April Fernandes","College of Humanities and Social Sciences","Sociology and Anthropology","","False","2","15","#CC79A7","False",""
"adpierce","April Fogleman","College of Agriculture and Life Sciences","Food, Bioprocessing, and Nutrition Sciences","","False","3","16","#E69F00","False",""
"mhoffma3","Mark Hoffmann","College of Agriculture and Life Sciences","Horticultural Science","","False","1","30","#E69F00","False",""
"ebeltra2","Eduardo Beltranena","College of Agriculture and Life Sciences","Animal Science","","False","9","122","#E69F00","False",""
"jmlandin","Jennifer Landin","College of Sciences","Biological Sciences","","False","1","4","#009E73","False",""
"jsmulhol","James Mulholland","College of Humanities and Social Sciences","College of Humanities and Social Sciences Administration","","False","2","12","#CC79A7","False",""
"wtang23","Wentao Tang","College of Engineering","Chemical and Biomolecular Engineering","","False","7","49","#0072B2","False",""
"falvesc","Felipe Carvalho da Silva","College of Agriculture and Life Sciences","Animal Science","","False","1","28","#E69F00","False",""
"cpedging","Cyndi Edgington","College of Education","Science, Technology, Engineering, & Mathematics Education","","False","1","7","#D55E00","False",""
"blnowell","Branda Nowell","College of Humanities and Social Sciences","Political Science & Public Administration [in the School of Public and International Affairs]","","False","3","46","#CC79A7","False",""
"dlrober4","David Roberts","College of Engineering","Computer Science","","False","1","49","#0072B2","False",""
"dmkearns","Devin Kearns","College of Education","Teacher Education and Learning Sciences","","False","7","57","#D55E00","False",""
"emschlie","Erin Schliep","College of Sciences","Statistics","","False","7","49","#009E73","False",""
"gproest","Giorgio Proestos","College of Engineering","Civil, Construction and Environmental Engineering","","False","1","21","#0072B2","False",""
"sagui","Celeste Sagui","College of Sciences","Physics","","False","1","58","#009E73","False",""
"sorenson","Clyde Sorenson","College of Agriculture and Life Sciences","Entomology and Plant Pathology","","False","3","39","#E69F00","False",""
"xfang8","Xiaolei Fang","College of Engineering","Edward P. Fitts Department of Industrial & Systems Engineering","","False","2","31","#0072B2","False",""
"bjreadin","Benjamin Reading","College of Agriculture and Life Sciences","Applied Ecology","","False","7","58","#E69F00","False",""
"cmtran","Chau Tran","College of Engineering","Mechanical and Aerospace Engineering","","False","1","6","#0072B2","False",""
"hwang18","Hong Wang","College of Sciences","Physics","","False","1","48","#009E73","False",""
"pojiamb","Peter Ojiambo","College of Agriculture and Life Sciences","Entomology and Plant Pathology","","False","6","93","#E69F00","False",""
"rasdorf","William Rasdorf","College of Engineering","Civil, Construction and Environmental Engineering","","False","4","77","#0072B2","False",""
"lwang5","Lingjuan Li","College of Agriculture and Life Sciences","Biological and Agricultural Engineering","","False","1","51","#E69F00","False",""
"wfhunt","William Hunt","College of Agriculture and Life Sciences","Biological and Agricultural Engineering","","False","9","234","#E69F00","False",""
"hvtafres","Hooman Tafreshi","College of Engineering","Mechanical and Aerospace Engineering","","False","11","150","#0072B2","False",""
"birgand","Francois Birgand","College of Agriculture and Life Sciences","Biological and Agricultural Engineering","","False","7","69","#E69F00","False",""
"bwiegman","Brian Wiegmann","College of Agriculture and Life Sciences","Entomology and Plant Pathology","","False","2","66","#E69F00","False",""
"rkgupta2","Rajeev Gupta","College of Engineering","Materials Science and Engineering","","False","11","127","#0072B2","False",""
"eooviedo","Edgar Oviedo-Rondon","College of Agriculture and Life Sciences","Prestage Department of Poultry Science","","False","4","91","#E69F00","False",""
"jgenzer","Jan Genzer","College of Engineering","Chemical and Biomolecular Engineering","","False","7","233","#0072B2","False",""
"kstapel","Katharina Stapelmann","College of Engineering","Nuclear Engineering","","False","8","88","#0072B2","False",""
"magrimme","Marc Grimmett","College of Education","Educational Leadership, Policy, and Human Development","","False","1","11","#D55E00","False",""
"mpsingh","Munindar Singh","College of Engineering","Computer Science","","False","11","230","#0072B2","False",""
"demarti4","Donald Martin","College of Sciences","Statistics","","False","1","15","#009E73","False",""
"lgamsja","Lisa Gamsjaeger","College of Veterinary Medicine","Population Health and Pathobiology","","False","1","26","#56B4E9","False",""
"bernholc","Jerzy Bernholc","College of Sciences","Physics","","False","4","79","#009E73","False",""
"jbraun2","James Braun","College of Engineering","Mechanical and Aerospace Engineering","","False","4","60","#0072B2","False",""
"sleblan","Sharonda LeBlanc","College of Sciences","Physics","","False","2","13","#009E73","False",""
"jlreaser","Jeffrey Reaser","College of Humanities and Social Sciences","English","","False","2","24","#CC79A7","False",""
"alee29","Andrew Lee","College of Engineering","Mechanical and Aerospace Engineering","","False","4","33","#0072B2","False",""
"jfeng2","Jing Feng","College of Humanities and Social Sciences","Psychology","","False","7","41","#CC79A7","False",""
"berdim","Burak Erdim","College of Design","Architecture","","False","1","3","#E74C3C","False",""
"hsgill2","Harvinder Gill","College of Engineering","Chemical and Biomolecular Engineering","","False","6","83","#0072B2","False",""
"thsieh3","Tzung Fu Hsieh","College of Agriculture and Life Sciences","Plant and Microbial Biology","","False","2","47","#E69F00","False",""
"gconant","Gavin Conant","College of Sciences","Biological Sciences","","False","7","80","#009E73","False",""
"tpang","Tao Pang","College of Sciences","Mathematics","","False","2","37","#009E73","False",""
"nebuchle","Nick Buchler","College of Veterinary Medicine","Molecular Biomedical Sciences","","False","2","34","#56B4E9","False",""
"jvveliad","Victor Veliadis","College of Engineering","Electrical and Computer Engineering","","False","3","93","#0072B2","False",""
"murty","Korukonda Murty","College of Engineering","Nuclear Engineering","","False","8","113","#0072B2","False",""
"amhardis","Annie Hardison-Moody","College of Agriculture and Life Sciences","Agricultural and Human Sciences","","False","3","43","#E69F00","False",""
"yszhang","Y  Stacy Zhang","College of Sciences","Marine, Earth, and Atmospheric Sciences","","False","1","23","#009E73","False",""
"lcvanlan","Laurianne Van Landeghem","College of Veterinary Medicine","Molecular Biomedical Sciences","","False","4","29","#56B4E9","False",""
"yzhu7","Yong Zhu","College of Engineering","Mechanical and Aerospace Engineering","","False","16","214","#0072B2","False",""
"thassan","Tasnim Hassan","College of Engineering","Civil, Construction and Environmental Engineering","","False","1","71","#0072B2","False",""
"vmcatete","Veronica Catete","College of Engineering","Computer Science","","False","2","76","#0072B2","False",""
"xjjeng","Xinge Jeng","College of Sciences","Statistics","","False","3","24","#009E73","False",""
"jwhiteh2","Justin Whitehill","College of Natural Resources","Forestry and Environmental Resources","","False","2","28","#9B59B6","False",""
"skais","Sabre Kais","College of Engineering","Electrical and Computer Engineering","","False","1","142","#0072B2","False",""
"vnaraya3","Venkateswaran Narayanaswamy","College of Engineering","Mechanical and Aerospace Engineering","","False","8","93","#0072B2","False",""
"spark26","Soonhye Park","College of Education","Science, Technology, Engineering, & Mathematics Education","","False","2","54","#D55E00","False",""
"cmbyrd3","Christy Byrd","College of Education","Teacher Education and Learning Sciences","","False","3","40","#D55E00","False",""
"rebaynes","Ronald Baynes","College of Veterinary Medicine","Population Health and Pathobiology","","False","11","131","#56B4E9","False",""
"mscastil","Miguel Castillo","College of Agriculture and Life Sciences","Crop and Soil Sciences","","False","5","48","#E69F00","False",""
"hluo2","Hong Luo","College of Engineering","Mechanical and Aerospace Engineering","","False","6","52","#0072B2","False",""
"idiazmu","Ilenys Perez Diaz","College of Agriculture and Life Sciences","Food, Bioprocessing, and Nutrition Sciences","","False","3","38","#E69F00","False",""
"rtian2","Renran Tian","College of Engineering","Edward P. Fitts Department of Industrial & Systems Engineering","","False","2","57","#0072B2","False",""
"areysan","Camilo Rey-Sanchez","College of Sciences","Marine, Earth, and Atmospheric Sciences","","False","2","37","#009E73","False",""
"jyin8","Jie Yin","College of Engineering","Mechanical and Aerospace Engineering","","False","8","85","#0072B2","False",""
"pjearly","Peter Early","College of Veterinary Medicine","Clinical Sciences","","False","3","37","#56B4E9","False",""
"zhilin","Zhilin Li","College of Sciences","Mathematics","","False","6","111","#009E73","False",""
"bdhansen","Bernie Hansen","College of Veterinary Medicine","Clinical Sciences","","False","1","37","#56B4E9","False",""
"hsheese","H  Sebastian Heese","Poole College of Management","Information Technology, Analytics, & Operations","","False","1","49","#F0E442","False",""
"jaosborn","Jason Osborne","College of Sciences","Statistics","","False","3","80","#009E73","False",""
"rpaerl","Ryan Paerl","College of Sciences","Marine, Earth, and Atmospheric Sciences","","False","6","32","#009E73","False",""
"ldfusare","Lance Fusarelli","College of Education","Educational Leadership, Policy, and Human Development","","False","5","37","#D55E00","False",""
"mjknuth","Melinda Knuth","College of Agriculture and Life Sciences","Horticultural Science","","False","3","40","#E69F00","False",""
"jkpacifi","Krishna Pacifici","College of Natural Resources","Forestry and Environmental Resources","","False","4","70","#9B59B6","False",""
"mfyfe","Margaret Simon","College of Humanities and Social Sciences","English","","False","2","11","#CC79A7","False",""
"aanevzor","Alexander Nevzorov","College of Sciences","Chemistry","","False","6","42","#009E73","False",""
"sitar","Zlatko Sitar","College of Engineering","Materials Science and Engineering","","False","14","226","#0072B2","False",""
"jskhater","Jodi Khater","College of Humanities and Social Sciences","World Languages and Cultures","","False","1","1","#CC79A7","False",""
"amwisema","Angela Wiseman","College of Education","Teacher Education and Learning Sciences","","False","2","22","#D55E00","False",""
"jfgrifen","Jill Grifenhagen","College of Education","Teacher Education and Learning Sciences","","False","1","22","#D55E00","False",""
"glmille3","Grady Miller","College of Agriculture and Life Sciences","Crop and Soil Sciences","","False","4","66","#E69F00","False",""
"jshen3","Jialong Shen","Wilson College of Textiles","Textile Engineering, Chemistry and Science","","False","4","38","#1ABC9C","False",""
"csdepern","Christopher DePerno","College of Natural Resources","Forestry and Environmental Resources","","False","9","135","#9B59B6","False",""
"wjwarner","Wendy Warner","College of Agriculture and Life Sciences","Agricultural and Human Sciences","","False","1","19","#E69F00","False",""
"mbgoshe","Michael Goshe","College of Agriculture and Life Sciences","Molecular and Structural Biochemistry","","False","1","46","#E69F00","False",""
"jryu","Jong Eun Ryu","College of Engineering","Mechanical and Aerospace Engineering","","False","8","89","#0072B2","False",""
"cjohns28","Corey Johnson","College of Natural Resources","Parks, Recreation and Tourism Management","","False","19","92","#9B59B6","False",""
"fjlouws","Frank Louws","College of Agriculture and Life Sciences","Horticultural Science","","False","12","89","#E69F00","False",""
"jlgage","Joseph Gage","College of Agriculture and Life Sciences","Crop and Soil Sciences","","False","2","24","#E69F00","False",""
"smlukic","Srdjan Lukic","College of Engineering","Electrical and Computer Engineering","","False","10","107","#0072B2","False",""
"jdbloom","Dara Bloom","College of Agriculture and Life Sciences","Agricultural and Human Sciences","","False","5","26","#E69F00","False",""
"ekautz","Elizabeth Kautz","College of Engineering","Nuclear Engineering","","False","2","87","#0072B2","False",""
"avanwal","Acer VanWallendael","College of Agriculture and Life Sciences","Horticultural Science","","False","3","24","#E69F00","False",""
"aclark","Aaron Clark","College of Education","Science, Technology, Engineering, & Mathematics Education","","False","1","12","#D55E00","False",""
"baquroll","Barbara Qurollo","College of Veterinary Medicine","Clinical Sciences","","False","4","48","#56B4E9","False",""
"gflist","George List","College of Engineering","Civil, Construction and Environmental Engineering","","False","2","65","#0072B2","False",""
"rparaju","Rajan Parajuli","College of Natural Resources","Forestry and Environmental Resources","","False","5","75","#9B59B6","False",""
"jcallair","Jason Allaire","College of Humanities and Social Sciences","Psychology","","False","2","54","#CC79A7","False",""
"tghosh","Tushar Ghosh","Wilson College of Textiles","Textile Engineering, Chemistry and Science","","False","4","51","#1ABC9C","False",""
"amgrunde","Amy Grunden","College of Agriculture and Life Sciences","North Carolina Agricultural Research Service","","False","2","60","#E69F00","False",""
"pflaleic","Frederik Laleicke","College of Natural Resources","Forest Biomaterials","","False","2","9","#9B59B6","False",""
"jrzink","Jim Zink","College of Humanities and Social Sciences","Political Science & Public Administration [in the School of Public and International Affairs]","","False","1","11","#CC79A7","False",""
"jgpierce","Joshua Pierce","College of Sciences","Chemistry","","False","4","71","#009E73","False",""
"mmuller2","Marie Muller","College of Engineering","Mechanical and Aerospace Engineering","","False","2","51","#0072B2","False",""
"ksbunds","Kyle Bunds","College of Natural Resources","Parks, Recreation and Tourism Management","","False","4","51","#9B59B6","False",""
"bwhipker","Brian Whipker","College of Agriculture and Life Sciences","Horticultural Science","","False","5","62","#E69F00","False",""
"damarks","Devorah Stowe","College of Veterinary Medicine","Population Health and Pathobiology","","False","1","36","#56B4E9","False",""
"jnpearso","Jamie Pearson","College of Education","Teacher Education and Learning Sciences","","False","2","18","#D55E00","False",""
"slin23","Shih-Chun Lin","College of Engineering","Electrical and Computer Engineering","","False","5","60","#0072B2","False",""
"tjhorn","Tim Horn","College of Engineering","Mechanical and Aerospace Engineering","","False","3","56","#0072B2","False",""
"jwb","John Baugh","College of Engineering","Civil, Construction and Environmental Engineering","","False","3","27","#0072B2","False",""
"misra","Kailash Misra","College of Sciences","Mathematics","","False","3","40","#009E73","False",""
"cmlewell","Christina Lewellen","Poole College of Management","Accounting","","False","1","9","#F0E442","False",""
"srhopkin","Skylar Hopkins","College of Agriculture and Life Sciences","Applied Ecology","","False","2","25","#E69F00","False",""
"imali","Ivana Mali","College of Natural Resources","Forestry and Environmental Resources","","False","2","33","#9B59B6","False",""
"mjscott3","Maxwell Scott","College of Agriculture and Life Sciences","Entomology and Plant Pathology","","False","2","82","#E69F00","False",""
"sgaddam4","Shobhan Gaddameedhi","College of Sciences","Biological Sciences","","False","5","52","#009E73","False",""
"lmneal2","Luke Neal","College of Engineering","Chemical and Biomolecular Engineering","","False","3","49","#0072B2","False",""
"mkatti","Madhusudan Katti","College of Humanities and Social Sciences","Interdisciplinary Studies","","False","1","41","#CC79A7","False",""
"bspace","Brian Space","College of Sciences","Chemistry","","False","9","131","#009E73","False",""
"jbtracy","Joseph Tracy","College of Engineering","Materials Science and Engineering","","False","3","88","#0072B2","False",""
"johata","Jun Ohata","College of Sciences","Chemistry","","False","5","46","#009E73","False",""
"avsaveli","Alexei Saveliev","College of Engineering","Mechanical and Aerospace Engineering","","False","2","45","#0072B2","False",""
"choyo","Cathrine Hoyo","College of Sciences","Biological Sciences","","False","13","153","#009E73","False",""
"eadenhar","Emiel Den Hartog","Wilson College of Textiles","Textile Engineering, Chemistry and Science","","False","4","71","#1ABC9C","False",""
"jsjones7","Jill Jones","College of Education","Teacher Education and Learning Sciences","","False","5","10","#D55E00","False",""
"jeapen","Jacob Eapen","College of Engineering","Nuclear Engineering","","False","4","30","#0072B2","False",""
"rhernan2","Raquel Hernandez","College of Agriculture and Life Sciences","Molecular and Structural Biochemistry","","False","2","31","#E69F00","False",""
"wliu25","Wusheng Liu","College of Agriculture and Life Sciences","Horticultural Science","","False","2","42","#E69F00","False",""
"celeprev","Catherine LePrevost","College of Agriculture and Life Sciences","Applied Ecology","","False","5","45","#E69F00","False",""
"jahoppin","Jane Hoppin","College of Sciences","Biological Sciences","","False","4","205","#009E73","False",""
"ahjhala","Arnav Jhala","College of Engineering","Computer Science","","False","1","42","#0072B2","False",""
"jpwang","Jack Wang","College of Natural Resources","Forestry and Environmental Resources","","False","5","54","#9B59B6","False",""
"hhuang11","He Huang","College of Engineering","Biomedical Engineering","","False","14","216","#0072B2","False",""
"lmgonza4","Liara Gonzalez","College of Veterinary Medicine","Clinical Sciences","","False","5","48","#56B4E9","False",""
"hmitaso","Helena Mitasova","College of Sciences","Marine, Earth, and Atmospheric Sciences","","False","4","95","#009E73","False",""
"mmfarazm","Mohammad Farazmand","College of Sciences","Mathematics","","False","1","44","#009E73","False",""
"yxu11","Yingjiao Xu","Wilson College of Textiles","Textile and Apparel, Technology and Management","","False","3","52","#1ABC9C","False",""
"hshuang","Hsiao-Ying Shadow Huang","College of Engineering","Mechanical and Aerospace Engineering","","False","5","56","#0072B2","False",""
"klmarti3","Katie Martin","College of Natural Resources","Forestry and Environmental Resources","","False","3","30","#9B59B6","False",""
"cheil","Caiti Heil","College of Sciences","Biological Sciences","","False","2","30","#009E73","False",""
"wtang8","Wenyuan Tang","College of Engineering","Electrical and Computer Engineering","","False","1","40","#0072B2","False",""
"jrhall","Jonathan Hall","College of Sciences","Biological Sciences","","False","2","10","#009E73","False",""
"dxlascel","Duncan Lascelles","College of Veterinary Medicine","Clinical Sciences","","False","29","226","#56B4E9","False",""
"akaprav","Alexandros Kapravelos","College of Engineering","Computer Science","","False","1","25","#0072B2","False",""
"mbreen3","Matthew Breen","College of Veterinary Medicine","Molecular Biomedical Sciences","","False","7","123","#56B4E9","False",""
"mvjoseph","Michael Joseph","College of Agriculture and Life Sciences","Prestage Department of Poultry Science","","False","1","25","#E69F00","False",""
"megruen","Margaret Gruen","College of Veterinary Medicine","Clinical Sciences","","False","3","97","#56B4E9","False",""
"ktate","Kathryn Stevenson","College of Natural Resources","Parks, Recreation and Tourism Management","","False","7","75","#9B59B6","False",""
"lubkin","Sharon Lubkin","College of Sciences","Mathematics","","False","2","32","#009E73","False",""
"kakosenk","Kama Kosenko","College of Humanities and Social Sciences","Communication","","False","2","30","#CC79A7","False",""
"ihusain2","Iqbal Husain","College of Engineering","Electrical and Computer Engineering","","False","8","200","#0072B2","False",""
"mtseifri","Martin Seifrid","College of Engineering","Materials Science and Engineering","","False","4","51","#0072B2","False",""
"jfbrazel","Joseph Brazel","Poole College of Management","Accounting","","False","4","18","#F0E442","False",""
"jtreme","Julianne Treme","College of Agriculture and Life Sciences","Agricultural and Resource Economics","","False","1","3","#E69F00","False",""
"xshen5","Xipeng Shen","College of Engineering","Computer Science","","False","14","160","#0072B2","False",""
"syang24","Shu Yang","College of Sciences","Statistics","","False","3","91","#009E73","False",""
"fathi","Yahya Fathi","College of Engineering","Edward P. Fitts Department of Industrial & Systems Engineering","","False","2","25","#0072B2","False",""
"mpairis","Monique Pairis-Garcia","College of Veterinary Medicine","Population Health and Pathobiology","","False","1","78","#56B4E9","False",""
"dasalvi","Deepti Salvi","College of Agriculture and Life Sciences","Food, Bioprocessing, and Nutrition Sciences","","False","2","50","#E69F00","False",""
"kgarcia2","Kevin Garcia","College of Agriculture and Life Sciences","Crop and Soil Sciences","","False","13","67","#E69F00","False",""
"skim235","Serena Kim","College of Humanities and Social Sciences","Political Science & Public Administration [in the School of Public and International Affairs]","","False","1","17","#CC79A7","False",""
"jzhan256","Jing Zhang","College of Agriculture and Life Sciences","Horticultural Science","","False","4","28","#E69F00","False",""
"hawest","Harvey West II","College of Engineering","Edward P. Fitts Department of Industrial & Systems Engineering","","False","1","16","#0072B2","False",""
"kbusch","K C Busch","College of Education","Science, Technology, Engineering, & Mathematics Education","","False","1","25","#D55E00","False",""
"pferket","Peter Ferket","College of Agriculture and Life Sciences","Prestage Department of Poultry Science","","False","2","80","#E69F00","False",""
"ahross","Ann Ross","College of Sciences","Biological Sciences","","False","6","78","#009E73","False",""
"ekyoungs","Elsa Youngsteadt","College of Agriculture and Life Sciences","Applied Ecology","","False","6","45","#E69F00","False",""
"zqu5","Zhen Qu","College of Sciences","Marine, Earth, and Atmospheric Sciences","","False","1","36","#009E73","False",""
"ajbandod","Amay Bandodkar","College of Engineering","Electrical and Computer Engineering","","False","3","83","#0072B2","False",""
"gspowel2","Gareth Powell","College of Agriculture and Life Sciences","Entomology and Plant Pathology","","False","3","49","#E69F00","False",""
"jccarr","Jon Carr","Poole College of Management","Management, Innovation and Entrepreneurship","","False","1","30","#F0E442","False",""
"mgpapich","Mark Papich","College of Veterinary Medicine","Molecular Biomedical Sciences","","False","15","247","#56B4E9","False",""
"ahk","Hamid Krim","College of Engineering","Electrical and Computer Engineering","","False","12","135","#0072B2","False",""
"memayorg","Maria Mayorga","College of Engineering","Engineering Research","","False","4","85","#0072B2","False",""
"dfarfur","Dima Farfurnik","College of Engineering","Electrical and Computer Engineering","","False","2","24","#0072B2","False",""
"smbelch2","Scott Belcher","College of Sciences","Biological Sciences","","False","4","69","#009E73","False",""
"ajjaeger","Audrey Jaeger","College of Education","Educational Leadership, Policy, and Human Development","","False","4","42","#D55E00","False",""
"menomot","Masataka Enomoto","College of Veterinary Medicine","Clinical Sciences","","False","4","27","#56B4E9","False",""
"tdpark","Travis Park","College of Agriculture and Life Sciences","Agricultural and Human Sciences","","False","1","6","#E69F00","False",""
"hzheng23","Haotian Zheng","College of Agriculture and Life Sciences","Food, Bioprocessing, and Nutrition Sciences","","False","1","39","#E69F00","False",""
"gwlucier","Gregory Lucier","College of Engineering","Civil, Construction and Environmental Engineering","","False","7","29","#0072B2","False",""
"sbshah3","Sanjay Shah","College of Agriculture and Life Sciences","Biological and Agricultural Engineering","","False","4","54","#E69F00","False",""
"rhernan4","Ricardo Hernandez","College of Agriculture and Life Sciences","Horticultural Science","","False","3","41","#E69F00","False",""
"jonr","Jonathan Schultheis","College of Agriculture and Life Sciences","Horticultural Science","","False","13","61","#E69F00","False",""
"rllongla","Richard Longland","College of Sciences","Physics","","False","5","72","#009E73","False",""
"tsmorril","Thayer Morrill","Poole College of Management","Economics","","False","2","24","#F0E442","False",""
"mmkinley","Maya Kinley-Hanlon","College of Sciences","Physics","","False","6","92","#009E73","False",""
"rjanaki","Ram Janakiraman","Poole College of Management","Marketing","","False","2","29","#F0E442","False",""
"assuryaw","Amol Suryawanshi","College of Veterinary Medicine","Population Health and Pathobiology","","False","1","52","#56B4E9","False",""
"alietz","Amanda Lietz","College of Engineering","Nuclear Engineering","","False","4","23","#0072B2","False",""
"claplan","Caroline Laplante","College of Veterinary Medicine","Molecular Biomedical Sciences","","False","2","20","#56B4E9","False",""
"sshasha2","Sara Shashaani","College of Engineering","Edward P. Fitts Department of Industrial & Systems Engineering","","False","2","36","#0072B2","False",""
"flaggne","Florian Laggner","College of Engineering","Nuclear Engineering","","False","3","92","#0072B2","False",""
"tsgordo2","Tammrah Gordon","College of Humanities and Social Sciences","History","","False","1","5","#CC79A7","False",""
"xwang97","Xiaoqiu Wang","College of Agriculture and Life Sciences","Animal Science","","False","4","52","#E69F00","False",""
"hwan4","Hong Wan","College of Engineering","Edward P. Fitts Department of Industrial & Systems Engineering","","False","1","10","#0072B2","False",""
"mroe","R  Michael Roe","College of Agriculture and Life Sciences","Entomology and Plant Pathology","","False","1","75","#E69F00","False",""
"xli24","Xu Li","College of Agriculture and Life Sciences","Plant and Microbial Biology","","False","2","38","#E69F00","False",""
"macowley","Michael Cowley","College of Sciences","Biological Sciences","","False","2","30","#009E73","False",""
"kwagone","Kasey Wagoner","College of Sciences","Physics","","False","2","18","#009E73","False",""
"classen","John Classen","College of Agriculture and Life Sciences","Biological and Agricultural Engineering","","False","1","40","#E69F00","False",""
"dlaylor","David Aylor","College of Sciences","Biological Sciences","","False","5","35","#009E73","False",""
"amlocke2","Anna Locke","College of Agriculture and Life Sciences","Crop and Soil Sciences","","False","1","35","#E69F00","False",""
"smcoster","Stacy DeCoster","College of Humanities and Social Sciences","Sociology and Anthropology","","False","3","29","#CC79A7","False",""
"czakas","Christina Zakas","College of Sciences","Biological Sciences","","False","1","25","#009E73","False",""
"dcarte22","Darius Carter","College of Engineering","Mechanical and Aerospace Engineering","","False","1","9","#0072B2","False",""
"rychirko","Rada Chirkova","College of Engineering","Computer Science","","False","1","35","#0072B2","False",""
"blkirkma","Bradley Kirkman","Poole College of Management","Management, Innovation and Entrepreneurship","","False","4","76","#F0E442","False",""
"carendt","Carli Arendt","College of Sciences","Marine, Earth, and Atmospheric Sciences","","False","1","31","#009E73","False",""
"jducoste","Joel Ducoste","College of Engineering","Engineering Research","","False","7","93","#0072B2","False",""
"kanderso","Kenneth Anderson","College of Agriculture and Life Sciences","Prestage Department of Poultry Science","","False","10","107","#E69F00","False",""
"wjiang8","Wen Jiang","College of Engineering","Nuclear Engineering","","False","3","67","#0072B2","False",""
"ddreisig","Dominic Reisig","College of Agriculture and Life Sciences","Entomology and Plant Pathology","","False","10","186","#E69F00","False",""
"gabr","Mohammed Gabr","College of Engineering","Civil, Construction and Environmental Engineering","","False","10","124","#0072B2","False",""
"awhitfi","Anna Whitfield","College of Agriculture and Life Sciences","Entomology and Plant Pathology","","False","7","110","#E69F00","False",""
"arescobe","Adolfo Escobedo","College of Engineering","Edward P. Fitts Department of Industrial & Systems Engineering","","False","2","22","#0072B2","False",""
"mrhyman","Michael Hyman","College of Agriculture and Life Sciences","Plant and Microbial Biology","","False","3","34","#E69F00","False",""
"bmmorten","Brina Montoya","College of Engineering","Civil, Construction and Environmental Engineering","","False","9","105","#0072B2","False",""
"oargell","Orlando Arguello-Miranda","College of Agriculture and Life Sciences","Plant and Microbial Biology","","False","1","21","#E69F00","False",""
"rwhited","Rob Whited","Poole College of Management","Accounting","","False","2","11","#F0E442","False",""
"dknazov","David Knazovicky","College of Veterinary Medicine","Clinical Sciences","","False","2","17","#56B4E9","False",""
"tghashg","Troy Ghashghaei","College of Veterinary Medicine","Molecular Biomedical Sciences","","False","3","45","#56B4E9","False",""
"mmpop","Margareta Thomson","College of Education","Teacher Education and Learning Sciences","","False","3","28","#D55E00","False",""
"krmunana","Karen Munana","College of Veterinary Medicine","Clinical Sciences","","False","4","69","#56B4E9","False",""
"arumyan","Artem Rumyantsev","College of Engineering","Chemical and Biomolecular Engineering","","False","3","45","#0072B2","False",""
"jburk","JoAnn Burkholder","College of Agriculture and Life Sciences","Center for Applied Aquatic Ecology","","False","6","59","#E69F00","False",""
"bmmcconn","Brandon McConnell","College of Engineering","Edward P. Fitts Department of Industrial & Systems Engineering","","False","2","30","#0072B2","False",""
"agulyuk","Alexey Gulyuk","College of Engineering","Materials Science and Engineering","","False","1","7","#0072B2","False",""
"sdneuper","Shevaun Neupert","College of Humanities and Social Sciences","Psychology","","False","6","105","#CC79A7","False",""
"vskokov","Vladimir Skokov","College of Sciences","Physics","","False","15","222","#009E73","False",""
"martinjd","James Martin","College of Sciences","Chemistry","","False","2","46","#009E73","False",""
"jlsnowde","Joy Little","College of Sciences","Biological Sciences","","False","1","16","#009E73","False",""
"lvschnab","Lauren Schnabel","College of Veterinary Medicine","Clinical Sciences","","False","5","102","#56B4E9","False",""
"udur","Umut Dur","Poole College of Management","Economics","","False","7","33","#F0E442","False",""
"skrish16","Srinivasan Krishnamurthy","Poole College of Management","Finance","","False","1","10","#F0E442","False",""
"jsbaker4","Justin Baker","College of Natural Resources","Forestry and Environmental Resources","","False","7","84","#9B59B6","False",""
"jpkerns","James Kerns","College of Agriculture and Life Sciences","Entomology and Plant Pathology","","False","2","47","#E69F00","False",""
"peaveret","Paige Averett","College of Humanities and Social Sciences","Social Work","","False","4","53","#CC79A7","False",""
"xilin","Lin Xi","College of Agriculture and Life Sciences","Animal Science","","False","4","121","#E69F00","False",""
"busman","Basiru Usman","Poole College of Management","Information Technology, Analytics, & Operations","","False","1","5","#F0E442","False",""
"jastern","Joshua Stern","College of Veterinary Medicine","College of Veterinary Medicine Administration","","False","15","149","#56B4E9","False",""
"jwalgenb","James Walgenbach","College of Agriculture and Life Sciences","Entomology and Plant Pathology","","False","2","47","#E69F00","False",""
"mkpeed","Katie Sheats","College of Veterinary Medicine","College of Veterinary Medicine Administration","","False","5","42","#56B4E9","False",""
"mlardons","Marcelo Ardon","College of Natural Resources","Forestry and Environmental Resources","","False","2","67","#9B59B6","False",""
"wgao5","Wei Gao","Wilson College of Textiles","Textile Engineering, Chemistry and Science","","False","4","63","#1ABC9C","False",""
"hzhou","Huiyang Zhou","College of Engineering","Electrical and Computer Engineering","","False","3","86","#0072B2","False",""
"anadkins","Amy Adkins","College of Engineering","Biomedical Engineering","","False","1","7","#0072B2","False",""
"mddickey","Michael Dickey","College of Engineering","Chemical and Biomolecular Engineering","","False","14","320","#0072B2","False",""
"fmeille","Flora Meilleur","College of Agriculture and Life Sciences","Molecular and Structural Biochemistry","","False","7","90","#E69F00","False",""
"ardequei","Anderson de Queiroz","College of Engineering","Civil, Construction and Environmental Engineering","","False","9","64","#0072B2","False",""
"dcdorman","David Dorman","College of Veterinary Medicine","Molecular Biomedical Sciences","","False","7","91","#56B4E9","False",""
"wlu4","Wenbin Lu","College of Sciences","Statistics","","False","6","111","#009E73","False",""
"avlebude","Anthony Lebude","College of Agriculture and Life Sciences","Horticultural Science","","False","1","11","#E69F00","False",""
"caharms","Craig Harms","College of Veterinary Medicine","Clinical Sciences","","False","8","147","#56B4E9","False",""
"fwu","Fen Wu","College of Engineering","Mechanical and Aerospace Engineering","","False","10","137","#0072B2","False",""
"awmeade","Adam Meade","College of Humanities and Social Sciences","Psychology","","False","3","50","#CC79A7","False",""
"cdsteve3","Clint Stevenson","College of Agriculture and Life Sciences","Food, Bioprocessing, and Nutrition Sciences","","False","1","10","#E69F00","False",""
"pdsicili","Paul Siciliano","College of Agriculture and Life Sciences","Animal Science","","False","1","42","#E69F00","False",""
"agorny","Adrienne Gorny","College of Agriculture and Life Sciences","Entomology and Plant Pathology","","False","1","30","#E69F00","False",""
"zsbrown2","Zachary Brown","College of Agriculture and Life Sciences","Agricultural and Resource Economics","","False","10","45","#E69F00","False",""
"mayousse","Mohamed Youssef","College of Agriculture and Life Sciences","Biological and Agricultural Engineering","","False","6","72","#E69F00","False",""
"lxiang3","Lirong Xiang","College of Agriculture and Life Sciences","Biological and Agricultural Engineering","","False","1","28","#E69F00","False",""
"lkbradle","Lucy Bradley","College of Agriculture and Life Sciences","Horticultural Science","","False","1","18","#E69F00","False",""
"lwdavis","Lynn Worley-Davis","College of Agriculture and Life Sciences","Prestage Department of Poultry Science","","False","2","8","#E69F00","False",""
"aamassi","Aram Amassian","College of Engineering","Materials Science and Engineering","","False","3","78","#0072B2","False",""
"msolufse","Mette Olufsen","College of Sciences","Mathematics","","False","7","73","#009E73","False",""
"tlallen2","Tania Allen","College of Design","Media Arts, Design and Technology","","False","1","5","#E74C3C","False",""
"qyxiang","Qiuyun Xiang","College of Agriculture and Life Sciences","Plant and Microbial Biology","","False","3","78","#E69F00","False",""
"dlgray2","DeLeon Gray","College of Education","Teacher Education and Learning Sciences","","False","1","26","#D55E00","False",""
"mabolha","Milad Abolhasani","College of Engineering","Chemical and Biomolecular Engineering","","False","5","119","#0072B2","False",""
"hlee33","Hanna Lee","Wilson College of Textiles","Textile and Apparel, Technology and Management","","False","1","19","#1ABC9C","False",""
"tbdimitr","Lina Battestilli","College of Engineering","Computer Science","","False","2","35","#0072B2","False",""
"jcolehu","Jacqueline Cole","College of Engineering","Biomedical Engineering","","False","3","41","#0072B2","False",""
"yliu292","Yin Liu","College of Engineering","Materials Science and Engineering","","False","2","43","#0072B2","False",""
"rclark","Robert Clark","Poole College of Management","Economics","","False","7","85","#F0E442","False",""
"bwkeene","Bruce Keene","College of Veterinary Medicine","Clinical Sciences","","False","8","72","#56B4E9","False",""
"jimielke","Jeffrey Mielke","College of Humanities and Social Sciences","English","","False","3","45","#CC79A7","False",""
"mahaider","Mansoor Haider","College of Sciences","Mathematics","","False","2","35","#009E73","False",""
"dbmorais","Duarte Morais","College of Natural Resources","Parks, Recreation and Tourism Management","","False","3","43","#9B59B6","False",""
"ejjasels","Edward Jaselskis","College of Engineering","Civil, Construction and Environmental Engineering","","False","1","56","#0072B2","False",""
"mnguddat","Murthy Guddati","College of Engineering","Civil, Construction and Environmental Engineering","","False","1","76","#0072B2","False",""
"mrojasp","Marcela Pierce","College of Agriculture and Life Sciences","Plant and Microbial Biology","","False","2","27","#E69F00","False",""
"mhreiski","Michael Reiskind","College of Agriculture and Life Sciences","Entomology and Plant Pathology","","False","5","76","#E69F00","False",""
"wahoffma","William Hoffmann","College of Agriculture and Life Sciences","Plant and Microbial Biology","","False","3","84","#E69F00","False",""
"gmachad","Gustavo Machado","College of Veterinary Medicine","Population Health and Pathobiology","","False","19","193","#56B4E9","False",""
"ntdinh","Nam Dinh","College of Engineering","Nuclear Engineering","","False","6","81","#0072B2","False",""
"prhess","Paul Hess","College of Veterinary Medicine","Clinical Sciences","","False","2","36","#56B4E9","False",""
"smleona4","Suzanne Leonard","College of Agriculture and Life Sciences","Animal Science","","False","4","25","#E69F00","False",""
"sscmjv","Michael Vepraskas","College of Agriculture and Life Sciences","Crop and Soil Sciences","","False","2","38","#E69F00","False",""
"wditto","William Ditto","College of Sciences","Physics","","False","1","87","#009E73","False",""
"iguvenc","Ismail Guvenc","College of Engineering","Electrical and Computer Engineering","","False","12","154","#0072B2","False",""
"knappe","Detlef Knappe","College of Engineering","Civil, Construction and Environmental Engineering","","False","2","99","#0072B2","False",""
"sdfrank","Steven Frank","College of Agriculture and Life Sciences","Entomology and Plant Pathology","","False","8","72","#E69F00","False",""
"thomas","Melvin Thomas","College of Humanities and Social Sciences","Sociology and Anthropology","","False","2","15","#CC79A7","False",""
"mhpoore","Matt Poore","College of Agriculture and Life Sciences","Animal Science","","False","13","99","#E69F00","False",""
"dhsuchof","David Suchoff","College of Agriculture and Life Sciences","Crop and Soil Sciences","","False","7","41","#E69F00","False",""
"fang","Shu-Cherng Fang","College of Engineering","Edward P. Fitts Department of Industrial & Systems Engineering","","False","6","142","#0072B2","False",""
"mtnance","Mark Nance","College of Humanities and Social Sciences","Political Science & Public Administration [in the School of Public and International Affairs]","","False","1","11","#CC79A7","False",""
"muth","John Muth","College of Engineering","Electrical and Computer Engineering","","False","1","72","#0072B2","False",""
"yhe29","Yingchen He","College of Humanities and Social Sciences","Psychology","","False","3","21","#CC79A7","False",""
"zholmes","Zakiya Leggett","College of Natural Resources","Forestry and Environmental Resources","","False","3","38","#9B59B6","False",""
"blhughes","Brian Hughes","College of Engineering","Electrical and Computer Engineering","","False","1","22","#0072B2","False",""
"lmquesad","Lina Quesada","College of Agriculture and Life Sciences","Entomology and Plant Pathology","","False","2","98","#E69F00","False",""
"baran","Mesut Baran","College of Engineering","Electrical and Computer Engineering","","False","2","59","#0072B2","False",""
"kim","Youngsoo Kim","College of Engineering","Civil, Construction and Environmental Engineering","","False","7","187","#0072B2","False",""
"tnaziz","Tarek Aziz","College of Engineering","Civil, Construction and Environmental Engineering","","False","1","16","#0072B2","False",""
"zguo32","Zhishan Guo","College of Engineering","Computer Science","","False","12","127","#0072B2","False",""
"dshamil3","Douglas Hamilton","College of Sciences","Marine, Earth, and Atmospheric Sciences","","False","10","87","#009E73","False",""
"tckraft","Tim Kraft","Poole College of Management","Information Technology, Analytics, & Operations","","False","1","15","#F0E442","False",""
"cdavis24","Catherine Davis","College of Sciences","Marine, Earth, and Atmospheric Sciences","","False","4","36","#009E73","False",""
"emzechma","Emily Berglund","College of Engineering","Civil, Construction and Environmental Engineering","","False","8","167","#0072B2","False",""
"sjcarrie","Sarah Carrier","College of Education","Teacher Education and Learning Sciences","","False","4","44","#D55E00","False",""
"amanzon","Anna Manzoni","College of Humanities and Social Sciences","Sociology and Anthropology","","False","4","26","#CC79A7","False",""
"cahintz","Cassie Castorena","College of Engineering","Civil, Construction and Environmental Engineering","","False","7","88","#0072B2","False",""
"dsihi","Debjani Sihi","College of Agriculture and Life Sciences","Plant and Microbial Biology","","False","7","48","#E69F00","False",""
"hfell","Harrison Fell","College of Agriculture and Life Sciences","Agricultural and Resource Economics","","False","2","31","#E69F00","False",""
"jing","Naihuan Jing","College of Sciences","Mathematics","","False","10","203","#009E73","False",""
"mcoady","Maria Coady","College of Education","Education","","False","3","40","#D55E00","False",""
"jwstalli","Jonathan Stallrich","College of Sciences","Statistics","","False","3","41","#009E73","False",""
"kbadler","Kenneth Adler","College of Veterinary Medicine","Molecular Biomedical Sciences","","False","3","49","#56B4E9","False",""
"egnichol","Elizabeth Nichols","College of Natural Resources","Forestry and Environmental Resources","","False","1","34","#9B59B6","False",""
"smvillan","Sara Villani","College of Agriculture and Life Sciences","Entomology and Plant Pathology","","False","1","17","#E69F00","False",""
"terteme","Tugce Ertem Eray","College of Humanities and Social Sciences","Communication","","False","4","23","#CC79A7","False",""
"clmarian","Christopher Mariani","College of Veterinary Medicine","Clinical Sciences","","False","5","67","#56B4E9","False",""
"aihawari","Ayman Hawari","College of Engineering","Nuclear Engineering","","False","7","64","#0072B2","False",""
"zikry","Mohammed Zikry","College of Engineering","Mechanical and Aerospace Engineering","","False","2","180","#0072B2","False",""
"crcongre","Curtis Congreve","College of Sciences","Marine, Earth, and Atmospheric Sciences","","False","4","27","#009E73","False",""
"rriehn","Robert Riehn","College of Sciences","Physics","","False","5","53","#009E73","False",""
"nkotlar","Nadine Kotlarz","College of Engineering","Civil, Construction and Environmental Engineering","","False","2","21","#0072B2","False",""
"tjmenzie","Timothy Menzies","College of Engineering","Computer Science","","False","16","172","#0072B2","False",""
"tyeh","Ting-Feng Yeh","College of Natural Resources","Forest Biomaterials","","False","1","4","#9B59B6","False",""
"rcollaz","Ramon Collazo","College of Engineering","Materials Science and Engineering","","False","18","225","#0072B2","False",""
"whenck","William Enck","College of Engineering","Computer Science","","False","1","46","#0072B2","False",""
"jethoma7","John Thomas","College of Sciences","Physics","","False","2","30","#009E73","False",""
"jpknelle","James Kneller","College of Sciences","Physics","","False","4","60","#009E73","False",""
"pdswartz","Paul Swartz","College of Agriculture and Life Sciences","Molecular and Structural Biochemistry","","False","1","25","#E69F00","False",""
"lvbociu","Lorena Bociu","College of Sciences","Mathematics","","False","2","38","#009E73","False",""
"wpetry","Will Petry","College of Agriculture and Life Sciences","Plant and Microbial Biology","","False","4","23","#E69F00","False",""
"mwnolan","Michael Nolan","College of Veterinary Medicine","Clinical Sciences","","False","4","74","#56B4E9","False",""
"capoole2","Chad Poole","College of Agriculture and Life Sciences","Biological and Agricultural Engineering","","False","1","7","#E69F00","False",""
"gkennedy","George Kennedy","College of Agriculture and Life Sciences","Entomology and Plant Pathology","","False","8","89","#E69F00","False",""
"clbird2","Carolyn Bird","College of Agriculture and Life Sciences","Agricultural and Human Sciences","","False","1","6","#E69F00","False",""
"flowers","William Flowers","College of Agriculture and Life Sciences","Animal Science","","False","2","39","#E69F00","False",""
"bourham","Mohamed Bourham","College of Engineering","Nuclear Engineering","","False","4","100","#0072B2","False",""
"ktrayman","Kasie Raymann","College of Agriculture and Life Sciences","Plant and Microbial Biology","","False","4","25","#E69F00","False",""
"yzhan296","Yang Zhang","Wilson College of Textiles","Textile Engineering, Chemistry and Science","","False","4","54","#1ABC9C","False",""
"kwwegman","Karl Wegmann","College of Sciences","Marine, Earth, and Atmospheric Sciences","","False","3","90","#009E73","False",""
"stsynkov","Semyon Tsynkov","College of Sciences","Mathematics","","False","5","86","#009E73","False",""
"sjmcdona","Steve McDonald","College of Humanities and Social Sciences","Sociology and Anthropology","","False","2","41","#CC79A7","False",""
"dxu27","Dongkuan Xu","College of Engineering","Computer Science","","False","1","37","#0072B2","False",""
"yzhou19","Amanda Zhou","College of Sciences","Biological Sciences","","False","2","72","#009E73","False",""
"nmeskhi","Nicholas Meskhidze","College of Sciences","Marine, Earth, and Atmospheric Sciences","","False","4","63","#009E73","False",""
"cebarbie","Carla Barbieri","College of Natural Resources","Parks, Recreation and Tourism Management","","False","1","68","#9B59B6","False",""
"chhaigle","Candace Haigler","College of Agriculture and Life Sciences","Crop and Soil Sciences","","False","4","62","#E69F00","False",""
"mgamcsi","Michael Gamcsik","College of Engineering","Biomedical Engineering","","False","1","16","#0072B2","False",""
"xfang3","Xiaomeng Fang","Wilson College of Textiles","Textile Engineering, Chemistry and Science","","False","1","29","#1ABC9C","False",""
"jrelyea","Jackie Relyea","College of Education","Teacher Education and Learning Sciences","","False","1","39","#D55E00","False",""
"bgreaves","Brad Reaves","College of Engineering","Computer Science","","False","2","23","#0072B2","False",""
"dyanistr","Dmitriy Anistratov","College of Engineering","Nuclear Engineering","","False","3","29","#0072B2","False",""
"fgould","Fred Gould","College of Agriculture and Life Sciences","Entomology and Plant Pathology","","False","4","100","#E69F00","False",""
"jmcasper","Jonathan Casper","College of Natural Resources","Parks, Recreation and Tourism Management","","False","3","62","#9B59B6","False",""
"xli254","Xiaotong Li","College of Sciences","Chemistry","","False","1","36","#009E73","False",""
"mfbykova","Marina Bykova","College of Humanities and Social Sciences","Philosophy and Religious Studies","","False","6","76","#CC79A7","False",""
"ascafur","Alessandra Scafuro","College of Engineering","Computer Science","","False","1","23","#0072B2","False",""
"pkolar","Praveen Kolar","College of Agriculture and Life Sciences","Biological and Agricultural Engineering","","False","1","49","#E69F00","False",""
"lkromo","Lynsey Romo","College of Humanities and Social Sciences","Communication","","False","2","51","#CC79A7","False",""
"kmjennin","Katherine Jennings","College of Agriculture and Life Sciences","Horticultural Science","","False","15","127","#E69F00","False",""
"mrblanch","Meg Blanchard","College of Education","Science, Technology, Engineering, & Mathematics Education","","False","2","34","#D55E00","False",""
"moorman","Christopher Moorman","College of Natural Resources","Forestry and Environmental Resources","","False","13","177","#9B59B6","False",""
"smirbag","Samira Mirbagher Ajorpaz","College of Engineering","Electrical and Computer Engineering","","False","1","11","#0072B2","False",""
"mgorgero","Marsha Gordon","College of Humanities and Social Sciences","English","","False","2","40","#CC79A7","False",""
