"id","name","college","dept","title","is_asst","pub_year","pub_total","color","is_cfep","cfep_cluster"
"fyyamane","Yalcin Yamaner","College of Engineering","Electrical and Computer Engineering","","False","2","76","#0072B2","False",""
"asanmig","Adriana San Miguel","College of Engineering","Chemical and Biomolecular Engineering","","False","2","55","#0072B2","False",""
"mkleine","Manuel Kleiner","College of Agriculture and Life Sciences","Plant and Microbial Biology","","False","3","122","#E69F00","False",""
"drpanthe","Dilip Panthee","College of Agriculture and Life Sciences","Horticultural Science","","False","6","79","#E69F00","False",""
"nrvinuez","Nelson Vinueza Benitez","Wilson College of Textiles","Textile Engineering, Chemistry and Science","","False","5","54","#1ABC9C","False",""
"rbrober2","Reade Roberts","College of Sciences","Biological Sciences","","False","2","33","#009E73","False",""
"eglazer","Phoebe Glazer","College of Sciences","Chemistry","","False","2","37","#009E73","False",""
"jakamins","Jessica Kaminsky","College of Engineering","Civil, Construction and Environmental Engineering","","False","2","76","#0072B2","False",""
"rwgonzal","Ronalds Gonzalez","College of Natural Resources","Forest Biomaterials","","False","6","95","#9B59B6","False",""
"wshi3","Wei Shi","College of Agriculture and Life Sciences","Crop and Soil Sciences","","False","4","66","#E69F00","False",""
"achakra2","Aranya Chakrabortty","College of Engineering","Electrical and Computer Engineering","","False","9","196","#0072B2","False",""
"rbarker","Roger Barker","Wilson College of Textiles","Textile Engineering, Chemistry and Science","","False","1","40","#1ABC9C","False",""
"acmclaug","Anne McLaughlin","College of Humanities and Social Sciences","Psychology","","False","13","107","#CC79A7","False",""
"hliu4","H C Liu","College of Agriculture and Life Sciences","Animal Science","","False","3","38","#E69F00","False",""
"imgimeno","Isabel Gimeno","College of Veterinary Medicine","Population Health and Pathobiology","","False","5","50","#56B4E9","False",""
"agopalar","Ashok Gopalarathnam","College of Engineering","Mechanical and Aerospace Engineering","","False","3","48","#0072B2","False",""
"jcao22","Jie Cao","College of Agriculture and Life Sciences","Applied Ecology","","False","1","51","#E69F00","False",""
"cmaltec","Christian Maltecca","College of Agriculture and Life Sciences","Animal Science","","False","13","214","#E69F00","False",""
"frey","Chris Frey","College of Engineering","Engineering Research","","False","11","132","#0072B2","False",""
"sksupak","Stacy Supak","College of Natural Resources","Center for Geospatial Analytics","","False","1","12","#9B59B6","False",""
"jggayles","Joy Gayles","College of Education","Educational Leadership, Policy, and Human Development","","False","3","25","#D55E00","False",""
"lester","James Lester","College of Engineering","Computer Science","","False","6","150","#0072B2","False",""
"xjiang5","Xiaoning Jiang","College of Engineering","Mechanical and Aerospace Engineering","","False","8","372","#0072B2","False",""
"cuomo","Jerome Cuomo","College of Engineering","Materials Science and Engineering","","False","1","5","#0072B2","False",""
"kaltofen","Erich Kaltofen","College of Sciences","Mathematics","","False","3","61","#009E73","False",""
"makittle","Meagan Kittle Autry","College of Engineering","Civil, Construction and Environmental Engineering","","False","1","7","#0072B2","False",""
"jbudhat","Januka Budhathoki Uprety","Wilson College of Textiles","Textile Engineering, Chemistry and Science","","False","2","38","#1ABC9C","False",""
"pmperkin","Penelope Perkins-Veazie","College of Agriculture and Life Sciences","Horticultural Science","","False","2","110","#E69F00","False",""
"kdgriege","Khara Grieger","College of Agriculture and Life Sciences","Applied Ecology","","False","2","76","#E69F00","False",""
"cbcoope3","Caren Cooper","College of Natural Resources","Forestry and Environmental Resources","","False","4","87","#9B59B6","False",""
"mlila","Mary Lila","College of Agriculture and Life Sciences","Kannapolis Research","","False","10","202","#E69F00","False",""
"rgcarbon","Ruben Carbonell","College of Engineering","Golden Leaf Biomanufacturing Training and Education Center","","False","11","83","#0072B2","False",""
"rbordol","Rongmon Bordoloi","College of Sciences","Physics","","False","1","45","#009E73","False",""
"skoenig","Sebastian Koenig","College of Sciences","Physics","","False","2","46","#009E73","False",""
"hallen","Hans Hallen","College of Sciences","Physics","","False","2","58","#009E73","False",""
"sastage","Scott Stage","College of Humanities and Social Sciences","Psychology","","False","1","10","#CC79A7","False",""
"jmgray2","Josh Gray","College of Natural Resources","Forestry and Environmental Resources","","False","1","47","#9B59B6","False",""
"bgilger","Brian Gilger","College of Veterinary Medicine","Clinical Sciences","","False","8","162","#56B4E9","False",""
"bbcutts","Bethany Cutts","College of Natural Resources","Parks, Recreation and Tourism Management","","False","3","55","#9B59B6","False",""
"mdwalker","Mark Walker","Poole College of Management","Finance","","False","1","15","#F0E442","False",""
"sepratt2","Shannon Phillips","College of Agriculture and Life Sciences","Animal Science","","False","1","53","#E69F00","False",""
"apgriesh","Andrew Grieshop","College of Engineering","Civil, Construction and Environmental Engineering","","False","3","67","#0072B2","False",""
"fedens","Frank Edens","College of Agriculture and Life Sciences","Prestage Department of Poultry Science","","False","2","16","#E69F00","False",""
"rfguerre","Rafael Guerrero","College of Sciences","Biological Sciences","","False","2","47","#009E73","False",""
"rjnaraya","Roger Narayan","College of Engineering","Biomedical Engineering","","False","11","288","#0072B2","False",""
"closburn","Chris Osburn","College of Sciences","Marine, Earth, and Atmospheric Sciences","","False","5","124","#009E73","False",""
"ryu5","Ruozhou Yu","College of Engineering","Computer Science","","False","2","63","#0072B2","False",""
"jmgluck","Jessica Gluck","Wilson College of Textiles","Textile Engineering, Chemistry and Science","","False","1","32","#1ABC9C","False",""
"srporter","Stephen Porter","College of Education","Educational Leadership, Policy, and Human Development","","False","1","26","#D55E00","False",""
"msashwel","Melissa Merrill","College of Agriculture and Life Sciences","Animal Science","","False","5","28","#E69F00","False",""
"msano2","Mike Sano","College of Veterinary Medicine","Molecular Biomedical Sciences","","False","2","43","#56B4E9","False",""
"clpickwo","Carrie Pickworth","College of Agriculture and Life Sciences","Animal Science","","False","1","42","#E69F00","False",""
"mpgreen2","Matthew Green","College of Sciences","Physics","","False","6","94","#009E73","False",""
"clee45","Chin Ho Lee","College of Engineering","Computer Science","","False","1","20","#0072B2","False",""
"thlabean","Thomas LaBean","College of Engineering","Materials Science and Engineering","","False","2","57","#0072B2","False",""
"shultz","David Shultz","College of Sciences","Chemistry","","False","3","59","#009E73","False",""
"shu4","Shuijin Hu","College of Agriculture and Life Sciences","Entomology and Plant Pathology","","False","2","183","#E69F00","False",""
"esfalk","Lisa Falk","College of Sciences","Marine, Earth, and Atmospheric Sciences","","False","1","5","#009E73","False",""
"mvramire","Melissa Ramirez","College of Sciences","Biological Sciences","","False","1","25","#009E73","False",""
"yencho","Craig Yencho","College of Agriculture and Life Sciences","Horticultural Science","","False","5","109","#E69F00","False",""
"ranji","Ranji Ranjithan","College of Engineering","Civil, Construction and Environmental Engineering","","False","8","66","#0072B2","False",""
"aecarso2","Ashley Brown","College of Engineering","Biomedical Engineering","","False","2","103","#0072B2","False",""
"dbeggles","David Eggleston","College of Sciences","Marine, Earth, and Atmospheric Sciences","","False","3","70","#009E73","False",""
"odvelev","Orlin Velev","College of Engineering","Chemical and Biomolecular Engineering","","False","7","202","#0072B2","False",""
"dpapp","David Papp","College of Sciences","Mathematics","","False","2","41","#009E73","False",""
"scho3","Soolyeon Cho","College of Design","College of Design Administration","","False","1","33","#E74C3C","False",""
"lmwidman","Laura Widman","College of Humanities and Social Sciences","Psychology","","False","5","102","#CC79A7","False",""
"cjhalweg","Chris Halweg","College of Sciences","Biological Sciences","","False","1","2","#009E73","False",""
"svenkat4","Suresh Venkatesh","College of Engineering","Electrical and Computer Engineering","","False","1","45","#0072B2","False",""
"xpeng5","Xinxia Peng","College of Veterinary Medicine","Molecular Biomedical Sciences","","False","3","60","#56B4E9","False",""
"bnbakalo","Bojko Bakalov","College of Sciences","Mathematics","","False","1","30","#009E73","False",""
"lawilli3","Laurie Williams","College of Engineering","Computer Science","","False","3","101","#0072B2","False",""
"mhenrik","Michala de Linde Henriksen","College of Veterinary Medicine","Clinical Sciences","","False","3","57","#56B4E9","False",""
"jgrimes","Jesse Grimes","College of Agriculture and Life Sciences","Prestage Department of Poultry Science","","False","1","62","#E69F00","False",""
"mtang8","Minh Tang","College of Sciences","Statistics","","False","4","57","#009E73","False",""
"cxu24","Cheryl Xu","College of Engineering","Mechanical and Aerospace Engineering","","False","2","90","#0072B2","False",""
"msharar","Mahmoud Sharara","College of Agriculture and Life Sciences","Biological and Agricultural Engineering","","False","2","30","#E69F00","False",""
"jmalonso","Jose Alonso Bellver","College of Agriculture and Life Sciences","Plant and Microbial Biology","","False","2","72","#E69F00","False",""
"skrhea","Sarah Rhea","College of Veterinary Medicine","Population Health and Pathobiology","","False","1","33","#56B4E9","False",""
"mnavramo","Maria Avramova","College of Engineering","Nuclear Engineering","","False","1","85","#0072B2","False",""
"franzen","Stefan Franzen","College of Sciences","Chemistry","","False","9","129","#009E73","False",""
"kjpeters","Kara Peters","College of Engineering","Engineering Research","","False","10","157","#0072B2","False",""
"eatorre3","Emmanuel Torres Quezada","College of Agriculture and Life Sciences","Horticultural Science","","False","1","20","#E69F00","False",""
"bjchapma","Benjamin Chapman","College of Agriculture and Life Sciences","Agricultural and Human Sciences","","False","2","45","#E69F00","False",""
"btoconno","Brendan O'Connor","College of Engineering","Mechanical and Aerospace Engineering","","False","2","87","#0072B2","False",""
"rashirwa","Rohan Shirwaiker","College of Engineering","Edward P. Fitts Department of Industrial & Systems Engineering","","False","1","55","#0072B2","False",""
"aismirno","Alexej Smirnov","College of Sciences","Chemistry","","False","5","127","#009E73","False",""
"babennet","Barbara Bennett","College of Humanities and Social Sciences","English","","False","1","2","#CC79A7","False",""
"jtsuji","Jun Ninomiya-Tsuji","College of Sciences","Biological Sciences","","False","3","52","#009E73","False",""
"mrahe","Michael Rahe","College of Veterinary Medicine","Population Health and Pathobiology","","False","1","31","#56B4E9","False",""
"amelsha","Ahmed El-Shafei","Wilson College of Textiles","Textile Engineering, Chemistry and Science","","False","9","134","#1ABC9C","False",""
"amjohns2","Amy Johnson","College of Agriculture and Life Sciences","Crop and Soil Sciences","","False","1","10","#E69F00","False",""
"nwising","Nina Balke","College of Engineering","Materials Science and Engineering","","False","9","143","#0072B2","False",""
"kameikle","Kelly Meiklejohn","College of Veterinary Medicine","Population Health and Pathobiology","","False","2","46","#56B4E9","False",""
"shgreene","Steven Greene","College of Humanities and Social Sciences","Political Science & Public Administration [in the School of Public and International Affairs]","","False","1","21","#CC79A7","False",""
"drotenb","Dorith Rotenberg","College of Agriculture and Life Sciences","Entomology and Plant Pathology","","False","4","60","#E69F00","False",""
"tnguye13","Tien Khai Nguyen","College of Sciences","Mathematics","","False","1","45","#009E73","False",""
"nsharm23","Nitin Sharma","College of Engineering","Biomedical Engineering","","False","2","125","#0072B2","False",""
"falexal","Alex Albert","College of Engineering","Civil, Construction and Environmental Engineering","","False","2","57","#0072B2","False",""
"nick","Nicholas Piggott","College of Agriculture and Life Sciences","Agricultural and Resource Economics","","False","2","5","#E69F00","False",""
"lalucia","Lucian Lucia","College of Natural Resources","Forest Biomaterials","","False","11","313","#9B59B6","False",""
"wchang6","Wei-Chen Chang","College of Sciences","Chemistry","","False","2","76","#009E73","False",""
"sthakur","Siddhartha Thakur","College of Veterinary Medicine","Population Health and Pathobiology","","False","5","100","#56B4E9","False",""
"dvashae","Daryoosh Vashaee","College of Engineering","Electrical and Computer Engineering","","False","19","210","#0072B2","False",""
"aalexan3","Alen Alexanderian","College of Sciences","Mathematics","","False","3","48","#009E73","False",""
"hubbe","Martin Hubbe","College of Natural Resources","Forest Biomaterials","","False","6","137","#9B59B6","False",""
"jsking5","John King","College of Natural Resources","Forestry and Environmental Resources","","False","10","102","#9B59B6","False",""
"rbarran","Rodolphe Barrangou","College of Agriculture and Life Sciences","Food, Bioprocessing, and Nutrition Sciences","","False","13","237","#E69F00","False",""
"daley","Dennis Daley","College of Humanities and Social Sciences","Political Science & Public Administration [in the School of Public and International Affairs]","","False","2","12","#CC79A7","False",""
"smlee4","Susanna Lee","College of Humanities and Social Sciences","History","","False","1","3","#CC79A7","False",""
"asaibab","Arvind Krishna Saibaba","College of Sciences","Mathematics","","False","2","52","#009E73","False",""
"lmclaug2","Levi McLaughlin","College of Humanities and Social Sciences","Philosophy and Religious Studies","","False","2","34","#CC79A7","False",""
"rsazdan","Radmila Sazdanovic","College of Sciences","Mathematics","","False","5","53","#009E73","False",""
"lwalker3","Lin Walker","College of Agriculture and Life Sciences","Prestage Department of Poultry Science","","False","1","15","#E69F00","False",""
"mbnsonwu","Maura Nsonwu","College of Humanities and Social Sciences","Social Work","","False","2","28","#CC79A7","False",""
"mpmarti7","Meredith Martin","College of Natural Resources","Forestry and Environmental Resources","","False","1","18","#9B59B6","False",""
"kmathews","Kyle Mathews","College of Veterinary Medicine","Clinical Sciences","","False","2","66","#56B4E9","False",""
"dhpoole","Daniel Poole","College of Agriculture and Life Sciences","Animal Science","","False","1","51","#E69F00","False",""
"kbflores","Kevin Flores","College of Sciences","Mathematics","","False","1","42","#009E73","False",""
"astaicu","Ana-Maria Staicu","College of Sciences","Statistics","","False","4","68","#009E73","False",""
"jbelmon2","Julio Monti Belmonte","College of Sciences","Physics","","False","1","29","#009E73","False",""
"slvaden","Shelly Vaden","College of Veterinary Medicine","Clinical Sciences","","False","1","84","#56B4E9","False",""
"hcui9","Hantao Cui","College of Engineering","Electrical and Computer Engineering","","False","1","70","#0072B2","False",""
"cproulx","Caroline Proulx","College of Sciences","Chemistry","","False","3","42","#009E73","False",""
"bkgoodwi","Barry Goodwin","College of Agriculture and Life Sciences","Agricultural and Resource Economics","","False","3","76","#E69F00","False",""
"ksaul","Katherine Saul","College of Engineering","Mechanical and Aerospace Engineering","","False","7","76","#0072B2","False",""
"mjlewis","Melissa Lewis","College of Veterinary Medicine","Clinical Sciences","","False","2","55","#56B4E9","False",""
"skmishra","Santosh Mishra","College of Veterinary Medicine","Molecular Biomedical Sciences","","False","2","35","#56B4E9","False",""
"spontak","Richard Spontak","College of Engineering","Chemical and Biomolecular Engineering","","False","11","144","#0072B2","False",""
"gbyrd","Greg Byrd","College of Engineering","Electrical and Computer Engineering","","False","2","53","#0072B2","False",""
"bmrao","Balaji Rao","College of Engineering","Chemical and Biomolecular Engineering","","False","6","67","#0072B2","False",""
"mdlorenz","Marce Lorenzen","College of Agriculture and Life Sciences","Entomology and Plant Pathology","","False","2","49","#E69F00","False",""
"ksmulvey","Kelly Lynn Mulvey","College of Humanities and Social Sciences","Psychology","","False","4","138","#CC79A7","False",""
"mbedward","Michael Edwards","College of Natural Resources","Parks, Recreation and Tourism Management","","False","2","57","#9B59B6","False",""
"esmoney","Eric Money","College of Natural Resources","Center for Geospatial Analytics","","False","1","15","#9B59B6","False",""
"erbrook4","Eric Brooks","College of Veterinary Medicine","Molecular Biomedical Sciences","","False","1","15","#56B4E9","False",""
"rcrespo","Rocio Crespo","College of Veterinary Medicine","Population Health and Pathobiology","","False","1","64","#56B4E9","False",""
"vgcarraw","Virginia Stage","College of Agriculture and Life Sciences","Agricultural and Human Sciences","","False","2","60","#E69F00","False",""
"kbchen2","Karen Chen","College of Engineering","Edward P. Fitts Department of Industrial & Systems Engineering","","False","1","46","#0072B2","False",""
"akemper","Lex Kemper","College of Sciences","College of Sciences Administration","","False","4","125","#009E73","False",""
"scshanno","Steven Shannon","College of Engineering","Nuclear Engineering","","False","3","56","#0072B2","False",""
"arellis","Alan Ellis","College of Humanities and Social Sciences","Social Work","","False","3","72","#CC79A7","False",""
"nmatsud","Noboru Matsuda","College of Engineering","Computer Science","","False","5","34","#0072B2","False",""
"drsheehy","Donald Sheehy","College of Engineering","Computer Science","","False","2","29","#0072B2","False",""
"amikael","Aram Mikaelyan","College of Agriculture and Life Sciences","Entomology and Plant Pathology","","False","2","37","#E69F00","False",""
"oaharrys","Ola Lars Harrysson","College of Engineering","Edward P. Fitts Department of Industrial & Systems Engineering","","False","4","61","#0072B2","False",""
"cmjones6","Corey Jones","College of Sciences","Mathematics","","False","1","40","#009E73","False",""
"jcmichno","Jim Michnowicz","College of Humanities and Social Sciences","World Languages and Cultures","","False","1","22","#CC79A7","False",""
"fldelosr","Francis de los Reyes","College of Engineering","Civil, Construction and Environmental Engineering","","False","6","93","#0072B2","False",""
"lgrace2","Landon Grace","College of Engineering","Mechanical and Aerospace Engineering","","False","1","36","#0072B2","False",""
"dvzenkov","Dmitry Zenkov","College of Sciences","Mathematics","","False","2","15","#009E73","False",""
"cjmattin","Carolyn Mattingly","College of Sciences","Biological Sciences","","False","9","59","#009E73","False",""
"macubeta","Marc Cubeta","College of Agriculture and Life Sciences","Entomology and Plant Pathology","","False","3","64","#E69F00","False",""
"mtulbure","Mirela Tulbure","College of Natural Resources","Forestry and Environmental Resources","","False","2","55","#9B59B6","False",""
"candice","Ioannis Viniotis","College of Engineering","Electrical and Computer Engineering","","False","2","23","#0072B2","False",""
"sbhatta4","Subhashish Bhattacharya","College of Engineering","Electrical and Computer Engineering","","False","34","632","#0072B2","False",""
"ejakubi","Elena Jakubikova","College of Sciences","Chemistry","","False","2","85","#009E73","False",""
"jlswann","Julie Swann","College of Engineering","Edward P. Fitts Department of Industrial & Systems Engineering","","False","5","100","#0072B2","False",""
"dbdoughe","Daniel Dougherty","College of Sciences","Physics","","False","4","70","#009E73","False",""
"jmbradl5","Justin Bradley","College of Engineering","Computer Science","","False","1","50","#0072B2","False",""
"sesuter","Steven Suter","College of Veterinary Medicine","Clinical Sciences","","False","2","52","#56B4E9","False",""
"sflim","Shuang Fang Lim","College of Sciences","Physics","","False","1","22","#009E73","False",""
"iperera","Imara Perera","College of Agriculture and Life Sciences","Plant and Microbial Biology","","False","2","33","#E69F00","False",""
"jaellis5","Jesse Ellis","Poole College of Management","Finance","","False","2","14","#F0E442","False",""
"szgurbuz","Sevgi Gurbuz","College of Engineering","Electrical and Computer Engineering","","False","4","125","#0072B2","False",""
"mlcrowle","Martha Crowley","College of Humanities and Social Sciences","Sociology and Anthropology","","False","1","14","#CC79A7","False",""
"ericro","Eric Rotenberg","College of Engineering","Electrical and Computer Engineering","","False","4","39","#0072B2","False",""
"rdewey","Ralph Dewey","College of Agriculture and Life Sciences","Crop and Soil Sciences","","False","2","37","#E69F00","False",""
"xie","Lian Xie","College of Sciences","Marine, Earth, and Atmospheric Sciences","","False","5","78","#009E73","False",""
"aneilso","Andrew Neilson","College of Agriculture and Life Sciences","Kannapolis Research","","False","1","122","#E69F00","False",""
"gsseiler","Gabriela Seiler","College of Veterinary Medicine","Molecular Biomedical Sciences","","False","1","36","#56B4E9","False",""
"jallen","Jonathan Allen","College of Agriculture and Life Sciences","Food, Bioprocessing, and Nutrition Sciences","","False","1","17","#E69F00","False",""
"sdcarson","Sue Carson","College of Agriculture and Life Sciences","Plant and Microbial Biology","","False","1","19","#E69F00","False",""
"sptou","Sandra Tou","College of Veterinary Medicine","Clinical Sciences","","False","1","30","#56B4E9","False",""
"aeroglu","Abdulkerim Eroglu","College of Agriculture and Life Sciences","Kannapolis Research","","False","2","24","#E69F00","False",""
"wiley","Steve Wiley","College of Humanities and Social Sciences","Communication","","False","1","9","#CC79A7","False",""
"hall","Carol Hall","College of Engineering","Chemical and Biomolecular Engineering","","False","3","152","#0072B2","False",""
"jbearp","Julie Earp","Poole College of Management","Information Technology, Analytics, & Operations","","False","1","14","#F0E442","False",""
"mrodrig","Marcelo Rodriguez","College of Veterinary Medicine","Molecular Biomedical Sciences","","False","1","16","#56B4E9","False",""
"aybozkur","Alper Bozkurt","College of Engineering","Electrical and Computer Engineering","","False","2","122","#0072B2","False",""
"techekk","Tarek Echekki","College of Engineering","Mechanical and Aerospace Engineering","","False","5","72","#0072B2","False",""
"wasandov","William Sandoval","College of Education","Science, Technology, Engineering, & Mathematics Education","","False","1","33","#D55E00","False",""
"arbinder","Andy Binder","College of Humanities and Social Sciences","Communication","","False","2","25","#CC79A7","False",""
"ldparks","Lisa Parks","College of Sciences","Biological Sciences","","False","1","4","#009E73","False",""
"sghosh2","Sujit Ghosh","College of Sciences","Statistics","","False","3","118","#009E73","False",""
"tfang2","Tiegang Fang","College of Engineering","Mechanical and Aerospace Engineering","","False","11","163","#0072B2","False",""
"wyuan2","Wenqiao Yuan","College of Agriculture and Life Sciences","Biological and Agricultural Engineering","","False","4","73","#E69F00","False",""
"teshrive","Thomas Shriver","College of Humanities and Social Sciences","Sociology and Anthropology","","False","4","60","#CC79A7","False",""
"blondin","John Blondin","College of Sciences","Physics","","False","4","46","#009E73","False",""
"apmazzol","Andre Mazzoleni","College of Engineering","Mechanical and Aerospace Engineering","","False","3","60","#0072B2","False",""
"rleon","Ramon Leon Gonzalez","College of Agriculture and Life Sciences","Crop and Soil Sciences","","False","2","170","#E69F00","False",""
"jbbarcen","Jose Bruno-Barcena","College of Agriculture and Life Sciences","Plant and Microbial Biology","","False","1","42","#E69F00","False",""
"elleitho","Lonnie Leithold","College of Sciences","Marine, Earth, and Atmospheric Sciences","","False","1","11","#009E73","False",""
"dbrown","Dennis Brown","College of Agriculture and Life Sciences","Molecular and Structural Biochemistry","","False","2","30","#E69F00","False",""
"rouskas","Georgios Rouskas","College of Engineering","Computer Science","","False","5","89","#0072B2","False",""
"seyuter","Sandra Yuter","College of Sciences","Marine, Earth, and Atmospheric Sciences","","False","5","71","#009E73","False",""
"dxie","Deyu Xie","College of Agriculture and Life Sciences","Plant and Microbial Biology","","False","8","98","#E69F00","False",""
"rrunocic","Raymond Unocic","College of Engineering","Materials Science and Engineering","","False","8","209","#0072B2","False",""
"godwin","John Godwin","College of Sciences","Biological Sciences","","False","5","52","#009E73","False",""
"krgross","Kevin Gross","College of Sciences","Statistics","","False","2","51","#009E73","False",""
"dcmuddim","David Muddiman","College of Sciences","Chemistry","","False","15","307","#009E73","False",""
"leung","Yu-Fai Leung","College of Natural Resources","Parks, Recreation and Tourism Management","","False","7","67","#9B59B6","False",""
"mtanigu","Masahiko Taniguchi","College of Sciences","Chemistry","","False","7","111","#009E73","False",""
"rbrose2","Bob Rose","College of Agriculture and Life Sciences","Molecular and Structural Biochemistry","","False","1","17","#E69F00","False",""
"tzagenc","Tom Zagenczyk","Poole College of Management","Management, Innovation and Entrepreneurship","","False","5","65","#F0E442","False",""
"kogan","Kemafor Ogan","College of Engineering","Computer Science","","False","4","33","#0072B2","False",""
"hding","Huiling Ding","College of Humanities and Social Sciences","English","","False","2","16","#CC79A7","False",""
"mbryant","Matthew Bryant","College of Engineering","Mechanical and Aerospace Engineering","","False","6","130","#0072B2","False",""
"ajbirken","Adam Birkenheuer","College of Veterinary Medicine","Clinical Sciences","","False","9","97","#56B4E9","False",""
"efrissma","Emilie Rissman","College of Sciences","Biological Sciences","","False","3","47","#009E73","False",""
"jemeitze","John Meitzen","College of Sciences","Biological Sciences","","False","2","55","#009E73","False",""
"jjpawlak","Joel Pawlak","College of Natural Resources","Forest Biomaterials","","False","5","77","#9B59B6","False",""
"wbuhler","Wayne Buhler","College of Agriculture and Life Sciences","Horticultural Science","","False","1","10","#E69F00","False",""
"ackiassa","Corey Kiassat","College of Engineering","Edward P. Fitts Department of Industrial & Systems Engineering","","False","1","9","#0072B2","False",""
"wguezas","Wesley Klewerton Guez Assuncao","College of Engineering","Computer Science","","False","1","113","#0072B2","False",""
"wlu2","Wenchang Lu","College of Sciences","Physics","","False","2","51","#009E73","False",""
"tadrake","Timothy Drake","College of Education","Educational Leadership, Policy, and Human Development","","False","1","28","#D55E00","False",""
"iabolotn","Igor Bolotnov","College of Engineering","Nuclear Engineering","","False","2","64","#0072B2","False",""
"yxiao34","Yi Xiao","College of Sciences","Chemistry","","False","3","83","#009E73","False",""
"jcbonner","James Bonner","College of Sciences","Biological Sciences","","False","2","48","#009E73","False",""
"jmari","Jorge Mari","College of Humanities and Social Sciences","World Languages and Cultures","","False","1","7","#CC79A7","False",""
"impeszle","Ilona Peszlen","College of Natural Resources","Forest Biomaterials","","False","3","31","#9B59B6","False",""
"cjcrosbi","Christopher Crosbie","College of Humanities and Social Sciences","English","","False","1","14","#CC79A7","False",""
"jlburne5","Jennifer Burnette","College of Humanities and Social Sciences","Psychology","","False","4","88","#CC79A7","False",""
"wjsagues","Joe Sagues","College of Agriculture and Life Sciences","Biological and Agricultural Engineering","","False","1","35","#E69F00","False",""
"rjb","Russell Borski","College of Sciences","Biological Sciences","","False","2","51","#009E73","False",""
"smfergu2","Scott Ferguson","College of Engineering","Mechanical and Aerospace Engineering","","False","1","49","#0072B2","False",""
"xxu","Xu Xu","College of Engineering","Edward P. Fitts Department of Industrial & Systems Engineering","","False","4","71","#0072B2","False",""
"jkmattin","John Mattingly","College of Engineering","Nuclear Engineering","","False","3","50","#0072B2","False",""
"aseyam","Abdel-Fattah Seyam","Wilson College of Textiles","Textile and Apparel, Technology and Management","","False","3","63","#1ABC9C","False",""
"acgurbuz","Ali Gurbuz","College of Engineering","Electrical and Computer Engineering","","False","11","136","#0072B2","False",""
"jredward","Jack Edwards","College of Engineering","Mechanical and Aerospace Engineering","","False","3","57","#0072B2","False",""
"lmitas","Lubos Mitas","College of Sciences","Physics","","False","6","80","#009E73","False",""
"slpigg","Stacey Pigg","College of Humanities and Social Sciences","English","","False","2","14","#CC79A7","False",""
"fscholl","Frank Scholle","College of Sciences","Biological Sciences","","False","1","39","#009E73","False",""
"mvoynov","Maxim Voynov","College of Sciences","Chemistry","","False","3","45","#009E73","False",""
"rshamey","Renzo Shamey","Wilson College of Textiles","Textile Engineering, Chemistry and Science","","False","5","60","#1ABC9C","False",""
"vpaneja","Viney Aneja","College of Sciences","Marine, Earth, and Atmospheric Sciences","","False","2","74","#009E73","False",""
"wwang","Wenye Wang","College of Engineering","Electrical and Computer Engineering","","False","8","87","#0072B2","False",""
"coby","Coby Schal","College of Agriculture and Life Sciences","Entomology and Plant Pathology","","False","5","229","#E69F00","False",""
"mdrake","MaryAnne Drake","College of Agriculture and Life Sciences","Food, Bioprocessing, and Nutrition Sciences","","False","12","264","#E69F00","False",""
"aschnet","Astrid Schnetzer","College of Sciences","Marine, Earth, and Atmospheric Sciences","","False","5","45","#009E73","False",""
"bsunderw","Benjamin Underwood","College of Engineering","Civil, Construction and Environmental Engineering","","False","6","175","#0072B2","False",""
"gcmclaug","Gail McLaughlin","College of Sciences","Physics","","False","6","95","#009E73","False",""
"jmdole","John Dole","College of Agriculture and Life Sciences","Horticultural Science","","False","2","81","#E69F00","False",""
"rrvatsav","Ranga Vatsavai","College of Engineering","Computer Science","","False","1","50","#0072B2","False",""
"hwsedero","Heike Inge Sederoff","College of Agriculture and Life Sciences","Plant and Microbial Biology","","False","2","48","#E69F00","False",""
"ytsuji","Yoshiaki Tsuji","College of Sciences","Biological Sciences","","False","1","30","#009E73","False",""
"efg","Ed Gehringer","College of Engineering","Computer Science","","False","5","101","#0072B2","False",""
"llfoster","Lori Foster","College of Humanities and Social Sciences","Psychology","","False","3","41","#CC79A7","False",""
"dricket","David Ricketts","College of Engineering","Electrical and Computer Engineering","","False","10","101","#0072B2","False",""
"dyeun","Do Young Eun","College of Engineering","Electrical and Computer Engineering","","False","1","41","#0072B2","False",""
"fmartin3","Florence Martin","College of Education","Teacher Education and Learning Sciences","","False","3","135","#D55E00","False",""
"rsmith","Ralph Smith","College of Sciences","Mathematics","","False","8","107","#009E73","False",""
"vdublje","Veljko Dubljevic","College of Humanities and Social Sciences","Philosophy and Religious Studies","","False","3","103","#CC79A7","False",""
"lrlarson","Lincoln Larson","College of Natural Resources","Parks, Recreation and Tourism Management","","False","3","144","#9B59B6","False",""
"xzheng","Xiaoyong Zheng","College of Agriculture and Life Sciences","Agricultural and Resource Economics","","False","2","36","#E69F00","False",""
"szeng","Zhaobang Zeng","College of Agriculture and Life Sciences","Horticultural Science","","False","4","42","#E69F00","False",""
"jlmell","Julie Mell","College of Humanities and Social Sciences","History","","False","1","7","#CC79A7","False",""
"mrburche","Michael Burchell","College of Agriculture and Life Sciences","Biological and Agricultural Engineering","","False","4","42","#E69F00","False",""
"hong","Hoon Hong","College of Sciences","Mathematics","","False","4","53","#009E73","False",""
"dmfoster","Derek Foster","College of Veterinary Medicine","Population Health and Pathobiology","","False","2","70","#56B4E9","False",""
"lrfishe1","Loren Fisher","College of Agriculture and Life Sciences","North Carolina Agricultural Research Service","","False","1","20","#E69F00","False",""
"jflevine","Jay Levine","College of Sciences","Marine, Earth, and Atmospheric Sciences","","False","1","50","#009E73","False",""
"prwestmo","Phil Westmoreland","College of Engineering","Chemical and Biomolecular Engineering","","False","3","69","#0072B2","False",""
"rchiech","Ryan Chiechi","College of Sciences","Chemistry","","False","4","132","#009E73","False",""
"grant","Christine Grant","College of Engineering","Chemical and Biomolecular Engineering","","False","1","11","#0072B2","False",""
"jpliu","Paul Liu","College of Sciences","Marine, Earth, and Atmospheric Sciences","","False","2","65","#009E73","False",""
"jnbocarr","Jason Bocarro","College of Natural Resources","Parks, Recreation and Tourism Management","","False","3","62","#9B59B6","False",""
"skim22","Sung Woo Kim","College of Agriculture and Life Sciences","Animal Science","","False","12","405","#E69F00","False",""
"drbohnen","DelWayne Bohnenstiehl","College of Sciences","Marine, Earth, and Atmospheric Sciences","","False","8","79","#009E73","False",""
"gcope","William Cope","College of Agriculture and Life Sciences","Applied Ecology","","False","7","99","#E69F00","False",""
"gpcruse","Glenn Cruse","College of Veterinary Medicine","Molecular Biomedical Sciences","","False","1","51","#56B4E9","False",""
"evheugte","Eric VanHeugten","College of Agriculture and Life Sciences","Animal Science","","False","4","43","#E69F00","False",""
"jcbegeny","John Begeny","College of Humanities and Social Sciences","Psychology","","False","1","56","#CC79A7","False",""
"jdong","Jingyan Dong","College of Engineering","Edward P. Fitts Department of Industrial & Systems Engineering","","False","6","110","#0072B2","False",""
"kdaniel","Karen Daniels","College of Sciences","Physics","","False","5","105","#009E73","False",""
"jjbaryck","Joe Barycki","College of Agriculture and Life Sciences","Molecular and Structural Biochemistry","","False","1","23","#E69F00","False",""
"mbfisher","Matthew Fisher","College of Engineering","Biomedical Engineering","","False","2","82","#0072B2","False",""
"arabiei","Afsaneh Rabiei","College of Engineering","Mechanical and Aerospace Engineering","","False","1","94","#0072B2","False",""
"ecrisci","Elisa Crisci","College of Veterinary Medicine","Population Health and Pathobiology","","False","4","63","#56B4E9","False",""
"hdai","Huaiyu Dai","College of Engineering","Electrical and Computer Engineering","","False","6","202","#0072B2","False",""
"dljorda2","David Jordan","College of Agriculture and Life Sciences","Crop and Soil Sciences","","False","10","177","#E69F00","False",""
"crji","Chueng Ji","College of Sciences","Physics","","False","4","116","#009E73","False",""
"jljone21","Jacob Jones","College of Engineering","Materials Science and Engineering","","False","15","315","#0072B2","False",""
"elseekam","Erin Seekamp","College of Natural Resources","Parks, Recreation and Tourism Management","","False","3","88","#9B59B6","False",""
"jmdavis2","Jeanine Davis","College of Agriculture and Life Sciences","Horticultural Science","","False","1","21","#E69F00","False",""
"rmrejesu","Roderick Rejesus","College of Agriculture and Life Sciences","Agricultural and Resource Economics","","False","4","68","#E69F00","False",""
"sasha","Alexandra Duel-Hallen","College of Engineering","Electrical and Computer Engineering","","False","4","33","#0072B2","False",""
"eshim","Eunkyoung Shim","Wilson College of Textiles","Textile Engineering, Chemistry and Science","","False","3","48","#1ABC9C","False",""
"dbbuchwa","David Buchwalter","College of Sciences","Biological Sciences","","False","3","71","#009E73","False",""
"ehyland","Ethan Hyland","College of Sciences","Marine, Earth, and Atmospheric Sciences","","False","1","77","#009E73","False",""
"ooralka","Omer Oralkan","College of Engineering","Electrical and Computer Engineering","","False","5","161","#0072B2","False",""
"sbcraig","Bart Craig","College of Humanities and Social Sciences","Psychology","","False","1","14","#CC79A7","False",""
"amjacob","Anna Egalite","College of Education","Educational Leadership, Policy, and Human Development","","False","1","34","#D55E00","False",""
"cboi","Cristiana Boi","College of Engineering","Chemical and Biomolecular Engineering","","False","2","66","#0072B2","False",""
"aspnes","David Aspnes","College of Sciences","Physics","","False","3","69","#009E73","False",""
"avkuznet","Andrey Kuznetsov","College of Engineering","Mechanical and Aerospace Engineering","","False","25","283","#0072B2","False",""
"dazaharo","David Zaharoff","College of Engineering","Biomedical Engineering","","False","1","48","#0072B2","False",""
"bcallah","Benjamin Callahan","College of Veterinary Medicine","Population Health and Pathobiology","","False","1","50","#56B4E9","False",""
"dfcall","Douglas Call","College of Engineering","Civil, Construction and Environmental Engineering","","False","2","63","#0072B2","False",""
"krwening","Keith Weninger","College of Sciences","Physics","","False","7","81","#009E73","False",""
"mmwillia","Mary Elting","College of Sciences","Physics","","False","2","30","#009E73","False",""
"tranney","Thomas Ranney","College of Agriculture and Life Sciences","Horticultural Science","","False","2","48","#E69F00","False",""
"cjdohert","Colleen Doherty","College of Agriculture and Life Sciences","Molecular and Structural Biochemistry","","False","3","50","#E69F00","False",""
"iakogan","Irina Kogan","College of Sciences","Mathematics","","False","2","22","#009E73","False",""
"dofreyte","Donald Freytes","College of Engineering","Biomedical Engineering","","False","1","49","#0072B2","False",""
"king","Russell King","College of Engineering","Edward P. Fitts Department of Industrial & Systems Engineering","","False","2","35","#0072B2","False",""
"sghosal","Subhashis Ghoshal","College of Sciences","Statistics","","False","2","51","#009E73","False",""
"dkaoumi","Djamel Kaoumi","College of Engineering","Nuclear Engineering","","False","1","84","#0072B2","False",""
"rjricha2","Robert Richardson","College of Agriculture and Life Sciences","Crop and Soil Sciences","","False","1","42","#E69F00","False",""
"mdlamber","Misty Lambert","College of Agriculture and Life Sciences","Agricultural and Human Sciences","","False","1","21","#E69F00","False",""
"cdelgad","Cesar Delgado","College of Education","Science, Technology, Engineering, & Mathematics Education","","False","1","38","#D55E00","False",""
"reirwin","Rebecca Irwin","College of Agriculture and Life Sciences","Applied Ecology","","False","4","135","#E69F00","False",""
"njolby","Natasha Olby","College of Veterinary Medicine","Clinical Sciences","","False","4","179","#56B4E9","False",""
"cdguillu","Christophe Guilluy","College of Veterinary Medicine","Molecular Biomedical Sciences","","False","2","27","#56B4E9","False",""
"raghilad","Reza Ghiladi","College of Sciences","Chemistry","","False","6","97","#009E73","False",""
"mmbooker","Matthew Booker","College of Humanities and Social Sciences","History","","False","2","17","#CC79A7","False",""
"knivanov","Kostadin Ivanov","College of Engineering","Nuclear Engineering","","False","4","107","#0072B2","False",""
"anbryan2","Alyssa Rockenbach","College of Education","Educational Leadership, Policy, and Human Development","","False","5","59","#D55E00","False",""
"laramir2","Alonso Ramirez","College of Agriculture and Life Sciences","Applied Ecology","","False","3","93","#E69F00","False",""
"fisik","Fikret Isik","College of Natural Resources","Forestry and Environmental Resources","","False","3","90","#9B59B6","False",""
"yuan","Fuh-Gwo Yuan","College of Engineering","Mechanical and Aerospace Engineering","","False","5","153","#0072B2","False",""
"ccjacob5","Carrie Jacobs","College of Veterinary Medicine","Clinical Sciences","","False","1","16","#56B4E9","False",""
"jwolson","Jonathan Olson","College of Sciences","Biological Sciences","","False","5","16","#009E73","False",""
"gilmarti","David Gilmartin","College of Humanities and Social Sciences","History","","False","4","28","#CC79A7","False",""
"ipsen","Ilse Ipsen","College of Sciences","Mathematics","","False","1","64","#009E73","False",""
"atbliksl","Anthony Blikslager","College of Veterinary Medicine","College of Veterinary Medicine Administration","","False","11","210","#56B4E9","False",""
"mpourgh","Moe Pourghaz","College of Engineering","Civil, Construction and Environmental Engineering","","False","1","70","#0072B2","False",""
"nfrazie2","Nishani Frazier","College of Humanities and Social Sciences","History","","False","1","7","#CC79A7","False",""
"dlirving","Douglas Irving","College of Engineering","Materials Science and Engineering","","False","2","81","#0072B2","False",""
"lgbullar","Lisa Bullard","College of Engineering","Chemical and Biomolecular Engineering","","False","1","33","#0072B2","False",""
"nreadin","Nathan Reading","College of Sciences","Mathematics","","False","3","45","#009E73","False",""
"iuroeder","Ian Roederer","College of Sciences","Physics","","False","8","129","#009E73","False",""
"pbiziko","Petra Bizikova","College of Veterinary Medicine","Clinical Sciences","","False","1","37","#56B4E9","False",""
"pdumbach","Paul Umbach","College of Education","Educational Leadership, Policy, and Human Development","","False","2","24","#D55E00","False",""
"enford","Ericka Ford","Wilson College of Textiles","Textile Engineering, Chemistry and Science","","False","3","32","#1ABC9C","False",""
"hashraf2","Hudson Ashrafi","College of Agriculture and Life Sciences","Horticultural Science","","False","6","63","#E69F00","False",""
"vaugust","Veronica Augustyn","College of Engineering","Materials Science and Engineering","","False","5","76","#0072B2","False",""
"davidian","Marie Davidian","College of Sciences","Statistics","","False","6","85","#009E73","False",""
"fedkiw","Peter Fedkiw","College of Engineering","Chemical and Biomolecular Engineering","","False","3","43","#0072B2","False",""
"rgmarti3","Ryan Martin","College of Sciences","Statistics","","False","1","78","#009E73","False",""
"tawalkow","Temple Walkowiak","College of Education","Teacher Education and Learning Sciences","","False","1","18","#D55E00","False",""
"wchen43","Weijian Chen","College of Sciences","Physics","","False","1","22","#009E73","False",""
"jahipp","Aaron Hipp","College of Natural Resources","Parks, Recreation and Tourism Management","","False","3","148","#9B59B6","False",""
"clgordy","Claire Gordy","College of Sciences","Biological Sciences","","False","2","16","#009E73","False",""
"swking","Stacy Wood","Poole College of Management","Marketing","","False","1","24","#F0E442","False",""
"lezanno","Lindsay Zanno","College of Sciences","Biological Sciences","","False","2","77","#009E73","False",""
"mgerard","Mathew Gerard","College of Veterinary Medicine","Molecular Biomedical Sciences","","False","1","16","#56B4E9","False",""
"lacraig","Lee Craig","Poole College of Management","Economics","","False","4","23","#F0E442","False",""
"mbecchi","Michela Becchi","College of Engineering","Electrical and Computer Engineering","","False","2","41","#0072B2","False",""
"fawrigh2","Fred Wright","College of Sciences","Statistics","","False","2","120","#009E73","False",""
"jmhaugh","Jason Haugh","College of Engineering","Chemical and Biomolecular Engineering","","False","7","72","#0072B2","False",""
"lcolpog","Luke Gatiboni","College of Agriculture and Life Sciences","Crop and Soil Sciences","","False","7","121","#E69F00","False",""
"ngcosco","Nilda Cosco","College of Design","College of Design Administration","","False","2","20","#E74C3C","False",""
"mjstruet","Michael Struett","College of Humanities and Social Sciences","Political Science & Public Administration [in the School of Public and International Affairs]","","False","2","22","#CC79A7","False",""
"trjones8","Tamecia Jones","College of Education","Science, Technology, Engineering, & Mathematics Education","","False","1","22","#D55E00","False",""
"jcollazo","Jaime Collazo","College of Agriculture and Life Sciences","Applied Ecology","","False","7","75","#E69F00","False",""
"agdean","Alexander Dean","College of Engineering","Electrical and Computer Engineering","","False","3","23","#0072B2","False",""
"narobins","Nicholas Robins","College of Humanities and Social Sciences","History","","False","2","10","#CC79A7","False",""
"garval","Michael Garval","College of Humanities and Social Sciences","World Languages and Cultures","","False","1","3","#CC79A7","False",""
"munsal","Mithat Unsal","College of Sciences","Physics","","False","4","60","#009E73","False",""
"rjschwar","Roy Schwartzman","College of Humanities and Social Sciences","Communication","","False","1","17","#CC79A7","False",""
"bejin","Byoungho Jin","Wilson College of Textiles","Textile and Apparel, Technology and Management","","False","4","111","#1ABC9C","False",""
"aakedrow","April Kedrowicz","College of Veterinary Medicine","Clinical Sciences","","False","2","36","#56B4E9","False",""
"cbgorman","Christopher Gorman","College of Sciences","Chemistry","","False","1","45","#009E73","False",""
"mcurry2","Maggie Curry","College of Sciences","Marine, Earth, and Atmospheric Sciences","","False","1","16","#009E73","False",""
"lhoggar","Lori Hoggard","College of Humanities and Social Sciences","Psychology","","False","1","28","#CC79A7","False",""
"ataylor","Andrew Taylor","College of Humanities and Social Sciences","Political Science & Public Administration [in the School of Public and International Affairs]","","False","1","22","#CC79A7","False",""
"jjiang26","Jicai Jiang","College of Agriculture and Life Sciences","Animal Science","","False","3","68","#E69F00","False",""
"jbrown","David Brown","College of Sciences","Physics","","False","1","21","#009E73","False",""
"tismirno","Tatyana Smirnova","College of Sciences","Chemistry","","False","1","52","#009E73","False",""
"gmkumar","Kumar Mahinthakumar","College of Engineering","Civil, Construction and Environmental Engineering","","False","7","71","#0072B2","False",""
"jytzeng","Jung-Ying Tzeng","College of Sciences","Statistics","","False","2","65","#009E73","False",""
"mgjones3","Gail Jones","College of Education","Science, Technology, Engineering, & Mathematics Education","","False","3","85","#D55E00","False",""
"lhajiba","Leila Hajibabai","College of Engineering","Edward P. Fitts Department of Industrial & Systems Engineering","","False","1","30","#0072B2","False",""
"kgundog","Kenan Gundogdu","College of Sciences","Physics","","False","1","87","#009E73","False",""
"jhunt5","Jessica Hunt","College of Education","Teacher Education and Learning Sciences","","False","1","52","#D55E00","False",""
"cjohns26","Carla Johnson","College of Education","Science, Technology, Engineering, & Mathematics Education","","False","5","138","#D55E00","False",""
"jrbryan3","Jennifer Richmond-Bryant","College of Natural Resources","Forestry and Environmental Resources","","False","1","57","#9B59B6","False",""
"jjwierer","Jonathan Wierer","College of Engineering","Electrical and Computer Engineering","","False","5","73","#0072B2","False",""
"klstansb","Kim Stansbury","College of Humanities and Social Sciences","Social Work","","False","1","17","#CC79A7","False",""
"ramabrit","Robert Mabrito","College of Humanities and Social Sciences","Philosophy and Religious Studies","","False","1","3","#CC79A7","False",""
"mchen33","Mingtai Chen","College of Engineering","Mechanical and Aerospace Engineering","","False","3","26","#0072B2","False",""
"pcombet","Patrick Combettes","College of Sciences","Mathematics","","False","2","80","#009E73","False",""
"jgookin","Jody Gookin","College of Veterinary Medicine","Clinical Sciences","","False","6","72","#56B4E9","False",""
"rsozzan","Rosangela Sozzani","College of Agriculture and Life Sciences","Plant and Microbial Biology","","False","2","87","#E69F00","False",""
"tschroe","Thomas Schroeder","Wilson College of Textiles","Textile Engineering, Chemistry and Science","","False","1","13","#1ABC9C","False",""
"atstepan","Anna Stepanova","College of Agriculture and Life Sciences","Plant and Microbial Biology","","False","1","68","#E69F00","False",""
"aryoung","Albert Young","College of Sciences","Physics","","False","9","115","#009E73","False",""
"fmuelle","Frank Mueller","College of Engineering","Computer Science","","False","9","107","#0072B2","False",""
"ygyingli","Yaroslava Yingling","College of Engineering","Materials Science and Engineering","","False","7","140","#0072B2","False",""
"sspaul2","Stepan Paul","College of Sciences","Mathematics","","False","1","8","#009E73","False",""
"eztaylor","Eileen Taylor","Poole College of Management","Accounting","","False","1","27","#F0E442","False",""
"screberg","Chris Reberg-Horton","College of Agriculture and Life Sciences","Crop and Soil Sciences","","False","4","102","#E69F00","False",""
"kdange","Kimberly Ange-Van Heugten","College of Agriculture and Life Sciences","Animal Science","","False","1","48","#E69F00","False",""
"slsimon","Sindee Simon","College of Engineering","Chemical and Biomolecular Engineering","","False","6","98","#0072B2","False",""
"jslindse","Jonathan Lindsey","College of Sciences","Chemistry","","False","12","263","#009E73","False",""
"gnp","Gregory Parsons","College of Engineering","Chemical and Biomolecular Engineering","","False","12","241","#0072B2","False",""
"jlheitma","Josh Heitman","College of Agriculture and Life Sciences","Crop and Soil Sciences","","False","8","168","#E69F00","False",""
"ross","Ross Bassett","College of Humanities and Social Sciences","History","","False","1","6","#CC79A7","False",""
"sarumug","Sankarasubramanian Arumugam","College of Engineering","Civil, Construction and Environmental Engineering","","False","7","115","#0072B2","False",""
"smpuryea","Stephen Puryear","College of Humanities and Social Sciences","Philosophy and Religious Studies","","False","4","22","#CC79A7","False",""
"cfrohli","Carla Frohlich","College of Sciences","Physics","","False","6","64","#009E73","False",""
"nnelson4","Natalie Nelson","College of Agriculture and Life Sciences","Biological and Agricultural Engineering","","False","1","65","#E69F00","False",""
"cmwilli5","Cranos Williams","College of Engineering","Electrical and Computer Engineering","","False","5","54","#0072B2","False",""
"rwkays","Roland Kays","College of Natural Resources","Forestry and Environmental Resources","","False","9","225","#9B59B6","False",""
"jcbivins","Jason Bivins","College of Humanities and Social Sciences","Philosophy and Religious Studies","","False","3","13","#CC79A7","False",""
"n51nh301","William Adler","College of Humanities and Social Sciences","Philosophy and Religious Studies","","False","2","26","#CC79A7","False",""
"mwkudeno","Michael Kudenov","College of Engineering","Electrical and Computer Engineering","","False","6","120","#0072B2","False",""
"rgmaggi","Ricardo Maggi","College of Veterinary Medicine","Clinical Sciences","","False","9","149","#56B4E9","False",""
"mgilman","Mikhail Gilman","College of Sciences","Mathematics","","False","1","28","#009E73","False",""
"bjreich","Brian Reich","College of Sciences","Statistics","","False","9","198","#009E73","False",""
"swkullma","Seth Kullman","College of Sciences","Biological Sciences","","False","3","70","#009E73","False",""
"yyazmy","Yousry Azmy","College of Engineering","Nuclear Engineering","","False","1","32","#0072B2","False",""
"jaforre3","Jodi Forrester","College of Natural Resources","Forestry and Environmental Resources","","False","1","41","#9B59B6","False",""
"richardv","Richard Venditti","College of Natural Resources","Forest Biomaterials","","False","9","200","#9B59B6","False",""
"rbhandfi","Robert Handfield","Poole College of Management","Information Technology, Analytics, & Operations","","False","2","102","#F0E442","False",""
"jlhavlin","John Havlin","College of Agriculture and Life Sciences","Crop and Soil Sciences","","False","1","18","#E69F00","False",""
"jcheng3","Jay Cheng","College of Agriculture and Life Sciences","Biological and Agricultural Engineering","","False","5","91","#E69F00","False",""
"akota2","Arun Kumar Kota","College of Engineering","Mechanical and Aerospace Engineering","","False","5","64","#0072B2","False",""
"amturne3","Alison Turner","College of Humanities and Social Sciences","World Languages and Cultures","","False","1","6","#CC79A7","False",""
"hwade","Harald Ade","College of Sciences","Physics","","False","16","385","#009E73","False",""
"smsulli2","Seth Sullivant","College of Sciences","Mathematics","","False","4","65","#009E73","False",""
"nlu2","Ning Lu","College of Engineering","Electrical and Computer Engineering","","False","3","155","#0072B2","False",""
"jtking","Jason King","College of Engineering","Computer Science","","False","2","15","#0072B2","False",""
"dslalush","David Lalush","College of Engineering","Biomedical Engineering","","False","4","80","#0072B2","False",""
"ebbreits","Edward Breitschwerdt","College of Veterinary Medicine","Clinical Sciences","","False","19","318","#56B4E9","False",""
"skomarn","Slavko Komarnytsky","College of Agriculture and Life Sciences","Kannapolis Research","","False","4","70","#E69F00","False",""
"rkmeente","Ross Meentemeyer","College of Natural Resources","Center for Geospatial Analytics","","False","7","127","#9B59B6","False",""
"drobenou","Daniel Obenour","College of Engineering","Civil, Construction and Environmental Engineering","","False","2","50","#0072B2","False",""
"ljbobay","Louis-Marie Bobay","College of Sciences","Biological Sciences","","False","2","44","#009E73","False",""
"mlsichit","Mihail Sichitiu","College of Engineering","Electrical and Computer Engineering","","False","1","64","#0072B2","False",""
"mnpeters","Nils Peterson","College of Natural Resources","Forestry and Environmental Resources","","False","11","130","#9B59B6","False",""
"dhhenard","David Henard","Poole College of Management","Marketing","","False","1","10","#F0E442","False",""
"hschmit2","Hans Peter Schmitz","College of Humanities and Social Sciences","Political Science & Public Administration [in the School of Public and International Affairs]","","False","1","38","#CC79A7","False",""
"jdcoggbu","Jerrell Coggburn","College of Humanities and Social Sciences","Political Science & Public Administration [in the School of Public and International Affairs]","","False","2","40","#CC79A7","False",""
"tdefranc","Teresa DeFrancesco","College of Veterinary Medicine","Clinical Sciences","","False","3","70","#56B4E9","False",""
"rhe","Ruoying He","College of Sciences","Marine, Earth, and Atmospheric Sciences","","False","6","126","#009E73","False",""
"cubbage","Frederick Cubbage","College of Natural Resources","Forestry and Environmental Resources","","False","13","115","#9B59B6","False",""
"stefansk","Len Stefanski","College of Sciences","Statistics","","False","1","28","#009E73","False",""
"drtarpy","David Tarpy","College of Agriculture and Life Sciences","Applied Ecology","","False","4","117","#E69F00","False",""
"jabuckel","Jeffrey Buckel","College of Agriculture and Life Sciences","Applied Ecology","","False","5","87","#E69F00","False",""
"mhennet","Diane Henneton","College of Humanities and Social Sciences","World Languages and Cultures","","False","1","4","#CC79A7","False",""
"ruzsoy","Reha Uzsoy","College of Engineering","Edward P. Fitts Department of Industrial & Systems Engineering","","False","3","112","#0072B2","False",""
"kaunocic","Kinga Unocic","College of Engineering","Materials Science and Engineering","","False","12","160","#0072B2","False",""
"ktstolee","Kathryn Thomasset Stolee","College of Engineering","Computer Science","","False","1","19","#0072B2","False",""
"fncastel","Felix Castellano","College of Sciences","Chemistry","","False","12","241","#009E73","False",""
"lrbass","Lisa Bass","College of Education","Educational Leadership, Policy, and Human Development","","False","1","9","#D55E00","False",""
"lsgoodel","Suzie Goodell","College of Agriculture and Life Sciences","Food, Bioprocessing, and Nutrition Sciences","","False","1","65","#E69F00","False",""
"nccrook","Nathan Crook","College of Engineering","Chemical and Biomolecular Engineering","","False","5","54","#0072B2","False",""
"wyu2","Wensong Yu","College of Engineering","Future Renewable Electric Energy Delivery and Management Systems Center (The)","","False","2","75","#0072B2","False",""
"jklee","John Lee","College of Education","College of Education Administration","","False","1","18","#D55E00","False",""
"mdkoci","Matt Koci","College of Agriculture and Life Sciences","Prestage Department of Poultry Science","","False","5","47","#E69F00","False",""
"rjhurley","Ryan Hurley","College of Humanities and Social Sciences","Communication","","False","1","13","#CC79A7","False",""
"rmschoen","Regina Schoenfeld","College of Veterinary Medicine","Molecular Biomedical Sciences","","False","2","58","#56B4E9","False",""
"rslewis","Ramsey Lewis","College of Agriculture and Life Sciences","Crop and Soil Sciences","","False","2","76","#E69F00","False",""
"sscaag","Aziz Amoozegar","College of Agriculture and Life Sciences","Crop and Soil Sciences","","False","2","34","#E69F00","False",""
"narayan","Jagdish Narayan","College of Engineering","Materials Science and Engineering","","False","10","257","#0072B2","False",""
"ryin","Rong Yin","Wilson College of Textiles","Textile Engineering, Chemistry and Science","","False","1","49","#1ABC9C","False",""
"zlyu3","Zhe Lyu","College of Agriculture and Life Sciences","Plant and Microbial Biology","","False","2","29","#E69F00","False",""
"rseraci","Rudi Seracino","College of Engineering","Civil, Construction and Environmental Engineering","","False","4","65","#0072B2","False",""
"avazque2","Abraham Vazquez-Guardado","College of Engineering","Electrical and Computer Engineering","","False","5","68","#0072B2","False",""
"dfrpp","David Ritchie","College of Agriculture and Life Sciences","Entomology and Plant Pathology","","False","2","15","#E69F00","False",""
"dgruehn","Daniel Gruehn","College of Humanities and Social Sciences","Psychology","","False","5","19","#CC79A7","False",""
"gyang9","Ge Yang","College of Engineering","Nuclear Engineering","","False","6","93","#0072B2","False",""
"pdbradfo","Philip Bradford","Wilson College of Textiles","Textile Engineering, Chemistry and Science","","False","2","81","#1ABC9C","False",""
"ccgoller","Carlos Goller","College of Sciences","Biological Sciences","","False","1","66","#009E73","False",""
"nmlavoin","Nathalie Lavoine","College of Natural Resources","Forest Biomaterials","","False","1","38","#9B59B6","False",""
"dkotter","Dana Kotter-Gruehn","College of Humanities and Social Sciences","Psychology","","False","3","18","#CC79A7","False",""
"jayoder","Jeff Yoder","College of Sciences","Biological Sciences","","False","5","83","#009E73","False",""
"dzbaron","Dror Baron","College of Engineering","Electrical and Computer Engineering","","False","3","62","#0072B2","False",""
"spark","Sunkyu Park","College of Natural Resources","Forest Biomaterials","","False","10","139","#9B59B6","False",""
"pcfyfe","Paul Fyfe","College of Humanities and Social Sciences","English","","False","1","24","#CC79A7","False",""
"iyoon","Intae Yoon","College of Humanities and Social Sciences","Social Work","","False","1","12","#CC79A7","False",""
"jcdietri","Casey Dietrich","College of Engineering","Civil, Construction and Environmental Engineering","","False","4","47","#0072B2","False",""
"japiedra","Jorge Piedrahita","College of Veterinary Medicine","Molecular Biomedical Sciences","","False","3","75","#56B4E9","False",""
"nsui","Ning Sui","College of Agriculture and Life Sciences","Molecular and Structural Biochemistry","","False","1","11","#E69F00","False",""
"apapani","Andrew Papanicolaou","College of Sciences","Mathematics","","False","1","28","#009E73","False",""
"kwk","Ki Kim","College of Engineering","Electrical and Computer Engineering","","False","10","107","#0072B2","False",""
"mmaguilo","Maricar Aguilos","College of Natural Resources","Forestry and Environmental Resources","","False","2","49","#9B59B6","False",""
"jtuck","James Tuck","College of Engineering","Electrical and Computer Engineering","","False","2","45","#0072B2","False",""
"smenega","Stefano Menegatti","College of Engineering","Chemical and Biomolecular Engineering","","False","5","115","#0072B2","False",""
"tran","Hien Tran","College of Sciences","Mathematics","","False","1","62","#009E73","False",""
"kito","Kazufumi Ito","College of Sciences","Mathematics","","False","4","69","#009E73","False",""
"mthuo","Martin Thuo","College of Engineering","Materials Science and Engineering","","False","5","131","#0072B2","False",""
"rmdodswo","Robin Dodsworth","College of Humanities and Social Sciences","English","","False","2","26","#CC79A7","False",""
"rblanger","Brian Langerhans","College of Sciences","Biological Sciences","","False","2","49","#009E73","False",""
"jliu38","Jun Liu","College of Engineering","Mechanical and Aerospace Engineering","","False","1","73","#0072B2","False",""
"icarbon","Ignazio Carbone","College of Agriculture and Life Sciences","Entomology and Plant Pathology","","False","1","89","#E69F00","False",""
"mtchu","Moody Chu","College of Sciences","Mathematics","","False","2","48","#009E73","False",""
"srmilla","Susana Milla-Lewis","College of Agriculture and Life Sciences","Crop and Soil Sciences","","False","6","78","#E69F00","False",""
"tmschaef","Thomas Schaefer","College of Sciences","Physics","","False","9","91","#009E73","False",""
"wekrause","Wendy Krause","Wilson College of Textiles","Textile Engineering, Chemistry and Science","","False","2","29","#1ABC9C","False",""
"nmhaenn","Nora Haenn","College of Humanities and Social Sciences","Sociology and Anthropology","","False","1","10","#CC79A7","False",""
"mkanters","Michael Kanters","College of Natural Resources","Parks, Recreation and Tourism Management","","False","2","20","#9B59B6","False",""
"lgtateos","Laura Tateosian","College of Natural Resources","Center for Geospatial Analytics","","False","2","22","#9B59B6","False",""
"khan","Saad Khan","College of Engineering","Chemical and Biomolecular Engineering","","False","12","178","#0072B2","False",""
"rdutta","Rudra Dutta","College of Engineering","Computer Science","","False","6","74","#0072B2","False",""
"fli5","Fanxing Li","College of Engineering","Chemical and Biomolecular Engineering","","False","2","170","#0072B2","False",""
"xgu","Xiaohui Gu","College of Engineering","Computer Science","","False","2","33","#0072B2","False",""
"mdparker","Matthew Parker","College of Sciences","Marine, Earth, and Atmospheric Sciences","","False","2","64","#009E73","False",""
"msmorril","Melinda Morrill","Poole College of Management","Economics","","False","3","37","#F0E442","False",""
"ttheis","Thomas Theis","College of Sciences","Chemistry","","False","2","119","#009E73","False",""
"rrkulkar","Ravi Kulkarni","College of Veterinary Medicine","Population Health and Pathobiology","","False","2","62","#56B4E9","False",""
"gbuckner","Gregory Buckner","College of Engineering","Mechanical and Aerospace Engineering","","False","4","67","#0072B2","False",""
"gvalacc","Giuseppe Valacchi","College of Agriculture and Life Sciences","Kannapolis Research","","False","5","248","#E69F00","False",""
"kowalsky","Mervyn Kowalsky","College of Engineering","Civil, Construction and Environmental Engineering","","False","1","71","#0072B2","False",""
"paulf","Paul Franzon","College of Engineering","Electrical and Computer Engineering","","False","18","194","#0072B2","False",""
"kmathur","Kavita Mathur","Wilson College of Textiles","Textile and Apparel, Technology and Management","","False","1","29","#1ABC9C","False",""
"tlstinso","Timothy Stinson","College of Humanities and Social Sciences","English","","False","1","12","#CC79A7","False",""
"amaity","Arnab Maity","College of Sciences","Statistics","","False","7","75","#009E73","False",""
"jlnietfe","John Nietfeld","College of Education","Teacher Education and Learning Sciences","","False","1","39","#D55E00","False",""
"mcaner","Mehmet Caner","Poole College of Management","Economics","","False","2","24","#F0E442","False",""
"bcclift","Bryan Clift","College of Natural Resources","Parks, Recreation and Tourism Management","","False","2","46","#9B59B6","False",""
"tmbarnes","Tiffany Barnes","College of Engineering","Computer Science","","False","10","173","#0072B2","False",""
"tmharri7","Tara Harrison","College of Veterinary Medicine","Clinical Sciences","","False","1","63","#56B4E9","False",""
"ajkeung","Albert Keung","College of Engineering","Chemical and Biomolecular Engineering","","False","2","54","#0072B2","False",""
"bmasmith","Charles Smith","College of Sciences","Statistics","","False","2","13","#009E73","False",""
"galewbar","Gregory Lewbart","College of Veterinary Medicine","Clinical Sciences","","False","8","160","#56B4E9","False",""
"thinton","Timothy Hinton","College of Humanities and Social Sciences","Philosophy and Religious Studies","","False","1","14","#CC79A7","False",""
"yslee","Yuan-Shin Lee","College of Engineering","Edward P. Fitts Department of Industrial & Systems Engineering","","False","4","52","#0072B2","False",""
"clanzas","Cristina Lanzas","College of Veterinary Medicine","Population Health and Pathobiology","","False","2","79","#56B4E9","False",""
"dosmond","Deanna Osmond","College of Agriculture and Life Sciences","Crop and Soil Sciences","","False","5","89","#E69F00","False",""
"nrmamooz","Nadya Mamoozadeh","College of Agriculture and Life Sciences","Applied Ecology","","False","1","13","#E69F00","False",""
"jodle","Jack Odle","College of Agriculture and Life Sciences","Animal Science","","False","16","158","#E69F00","False",""
"jswarts","Jason Swarts","College of Humanities and Social Sciences","English","","False","1","29","#CC79A7","False",""
"jmpolla3","Jeffrey Pollack","Poole College of Management","Management, Innovation and Entrepreneurship","","False","6","91","#F0E442","False",""
"jzhan257","Jian Zhang","College of Veterinary Medicine","Molecular Biomedical Sciences","","False","1","7","#56B4E9","False",""
"miorizz","Massimo Iorizzo","College of Agriculture and Life Sciences","Horticultural Science","","False","3","115","#E69F00","False",""
"qwei3","Qingshan Wei","College of Engineering","Chemical and Biomolecular Engineering","","False","1","97","#0072B2","False",""
"wdavis","William Davis","College of Engineering","Electrical and Computer Engineering","","False","7","66","#0072B2","False",""
"madesouc","Michaela DeSoucey","College of Humanities and Social Sciences","Sociology and Anthropology","","False","3","29","#CC79A7","False",""
"oapetrit","Olivia Petritz","College of Veterinary Medicine","Clinical Sciences","","False","1","44","#56B4E9","False",""
"jhkelley","John Kelley","College of Sciences","Physics","","False","9","74","#009E73","False",""
"owduckwo","Owen Duckworth","College of Agriculture and Life Sciences","Crop and Soil Sciences","","False","3","83","#E69F00","False",""
"adpierce","April Fogleman","College of Agriculture and Life Sciences","Food, Bioprocessing, and Nutrition Sciences","","False","1","16","#E69F00","False",""
"ebeltra2","Eduardo Beltranena","College of Agriculture and Life Sciences","Animal Science","","False","6","122","#E69F00","False",""
"blnowell","Branda Nowell","College of Humanities and Social Sciences","Political Science & Public Administration [in the School of Public and International Affairs]","","False","1","46","#CC79A7","False",""
"dlrober4","David Roberts","College of Engineering","Computer Science","","False","2","49","#0072B2","False",""
"tmbarrie","Thomas Barrie","College of Design","Architecture","","False","1","4","#E74C3C","False",""
"mtknauer","Mark Knauer","College of Agriculture and Life Sciences","Animal Science","","False","1","40","#E69F00","False",""
"sagui","Celeste Sagui","College of Sciences","Physics","","False","1","58","#009E73","False",""
"jdbohlma","Jonathan Bohlmann","Poole College of Management","Marketing","","False","1","12","#F0E442","False",""
"sorenson","Clyde Sorenson","College of Agriculture and Life Sciences","Entomology and Plant Pathology","","False","1","39","#E69F00","False",""
"bjreadin","Benjamin Reading","College of Agriculture and Life Sciences","Applied Ecology","","False","2","58","#E69F00","False",""
"hwang18","Hong Wang","College of Sciences","Physics","","False","2","48","#009E73","False",""
"pojiamb","Peter Ojiambo","College of Agriculture and Life Sciences","Entomology and Plant Pathology","","False","3","93","#E69F00","False",""
"rasdorf","William Rasdorf","College of Engineering","Civil, Construction and Environmental Engineering","","False","9","77","#0072B2","False",""
"lwang5","Lingjuan Li","College of Agriculture and Life Sciences","Biological and Agricultural Engineering","","False","6","51","#E69F00","False",""
"segarrig","Shelley Garrigan","College of Humanities and Social Sciences","World Languages and Cultures","","False","1","11","#CC79A7","False",""
"wfhunt","William Hunt","College of Agriculture and Life Sciences","Biological and Agricultural Engineering","","False","21","234","#E69F00","False",""
"hvtafres","Hooman Tafreshi","College of Engineering","Mechanical and Aerospace Engineering","","False","12","150","#0072B2","False",""
"birgand","Francois Birgand","College of Agriculture and Life Sciences","Biological and Agricultural Engineering","","False","1","69","#E69F00","False",""
"bwiegman","Brian Wiegmann","College of Agriculture and Life Sciences","Entomology and Plant Pathology","","False","3","66","#E69F00","False",""
"rkgupta2","Rajeev Gupta","College of Engineering","Materials Science and Engineering","","False","8","127","#0072B2","False",""
"eooviedo","Edgar Oviedo-Rondon","College of Agriculture and Life Sciences","Prestage Department of Poultry Science","","False","2","91","#E69F00","False",""
"jgenzer","Jan Genzer","College of Engineering","Chemical and Biomolecular Engineering","","False","18","233","#0072B2","False",""
"kstapel","Katharina Stapelmann","College of Engineering","Nuclear Engineering","","False","2","88","#0072B2","False",""
"mpsingh","Munindar Singh","College of Engineering","Computer Science","","False","9","230","#0072B2","False",""
"demarti4","Donald Martin","College of Sciences","Statistics","","False","1","15","#009E73","False",""
"bernholc","Jerzy Bernholc","College of Sciences","Physics","","False","3","79","#009E73","False",""
"pmcavoy","Paula McAvoy","College of Education","Teacher Education and Learning Sciences","","False","1","11","#D55E00","False",""
"jfeng2","Jing Feng","College of Humanities and Social Sciences","Psychology","","False","1","41","#CC79A7","False",""
"hsgill2","Harvinder Gill","College of Engineering","Chemical and Biomolecular Engineering","","False","1","83","#0072B2","False",""
"chsiao2","Lilian Hsiao","College of Engineering","Chemical and Biomolecular Engineering","","False","1","43","#0072B2","False",""
"jfpatric","Jason Patrick","College of Engineering","Civil, Construction and Environmental Engineering","","False","1","27","#0072B2","False",""
"thsieh3","Tzung Fu Hsieh","College of Agriculture and Life Sciences","Plant and Microbial Biology","","False","1","47","#E69F00","False",""
"gconant","Gavin Conant","College of Sciences","Biological Sciences","","False","7","80","#009E73","False",""
"tpang","Tao Pang","College of Sciences","Mathematics","","False","1","37","#009E73","False",""
"kmboone","Kofi Boone","College of Design","Landscape Architecture and Environmental Planning","","False","1","2","#E74C3C","False",""
"nebuchle","Nick Buchler","College of Veterinary Medicine","Molecular Biomedical Sciences","","False","1","34","#56B4E9","False",""
"jvveliad","Victor Veliadis","College of Engineering","Electrical and Computer Engineering","","False","8","93","#0072B2","False",""
"lcvanlan","Laurianne Van Landeghem","College of Veterinary Medicine","Molecular Biomedical Sciences","","False","2","29","#56B4E9","False",""
"yzhu7","Yong Zhu","College of Engineering","Mechanical and Aerospace Engineering","","False","8","214","#0072B2","False",""
"thassan","Tasnim Hassan","College of Engineering","Civil, Construction and Environmental Engineering","","False","2","71","#0072B2","False",""
"vmcatete","Veronica Catete","College of Engineering","Computer Science","","False","1","76","#0072B2","False",""
"xjjeng","Xinge Jeng","College of Sciences","Statistics","","False","2","24","#009E73","False",""
"jwhiteh2","Justin Whitehill","College of Natural Resources","Forestry and Environmental Resources","","False","3","28","#9B59B6","False",""
"skais","Sabre Kais","College of Engineering","Electrical and Computer Engineering","","False","9","142","#0072B2","False",""
"jdyoung2","Jessica Young Schmidt","College of Engineering","Computer Science","","False","1","9","#0072B2","False",""
"spark26","Soonhye Park","College of Education","Science, Technology, Engineering, & Mathematics Education","","False","2","54","#D55E00","False",""
"vnaraya3","Venkateswaran Narayanaswamy","College of Engineering","Mechanical and Aerospace Engineering","","False","3","93","#0072B2","False",""
"cmbyrd3","Christy Byrd","College of Education","Teacher Education and Learning Sciences","","False","1","40","#D55E00","False",""
"rebaynes","Ronald Baynes","College of Veterinary Medicine","Population Health and Pathobiology","","False","6","131","#56B4E9","False",""
"hluo2","Hong Luo","College of Engineering","Mechanical and Aerospace Engineering","","False","3","52","#0072B2","False",""
"idiazmu","Ilenys Perez Diaz","College of Agriculture and Life Sciences","Food, Bioprocessing, and Nutrition Sciences","","False","5","38","#E69F00","False",""
"rtian2","Renran Tian","College of Engineering","Edward P. Fitts Department of Industrial & Systems Engineering","","False","1","57","#0072B2","False",""
"sgallen","Steven Allen","Poole College of Management","Economics","","False","1","8","#F0E442","False",""
"jyin8","Jie Yin","College of Engineering","Mechanical and Aerospace Engineering","","False","6","85","#0072B2","False",""
"pjearly","Peter Early","College of Veterinary Medicine","Clinical Sciences","","False","3","37","#56B4E9","False",""
"zhilin","Zhilin Li","College of Sciences","Mathematics","","False","9","111","#009E73","False",""
"bdhansen","Bernie Hansen","College of Veterinary Medicine","Clinical Sciences","","False","2","37","#56B4E9","False",""
"hsheese","H  Sebastian Heese","Poole College of Management","Information Technology, Analytics, & Operations","","False","2","49","#F0E442","False",""
"jaosborn","Jason Osborne","College of Sciences","Statistics","","False","3","80","#009E73","False",""
"rpaerl","Ryan Paerl","College of Sciences","Marine, Earth, and Atmospheric Sciences","","False","1","32","#009E73","False",""
"jkpacifi","Krishna Pacifici","College of Natural Resources","Forestry and Environmental Resources","","False","1","70","#9B59B6","False",""
"mfyfe","Margaret Simon","College of Humanities and Social Sciences","English","","False","1","11","#CC79A7","False",""
"aanevzor","Alexander Nevzorov","College of Sciences","Chemistry","","False","2","42","#009E73","False",""
"sitar","Zlatko Sitar","College of Engineering","Materials Science and Engineering","","False","14","226","#0072B2","False",""
"amwisema","Angela Wiseman","College of Education","Teacher Education and Learning Sciences","","False","2","22","#D55E00","False",""
"glmille3","Grady Miller","College of Agriculture and Life Sciences","Crop and Soil Sciences","","False","3","66","#E69F00","False",""
"csdepern","Christopher DePerno","College of Natural Resources","Forestry and Environmental Resources","","False","6","135","#9B59B6","False",""
"wjwarner","Wendy Warner","College of Agriculture and Life Sciences","Agricultural and Human Sciences","","False","1","19","#E69F00","False",""
"mbgoshe","Michael Goshe","College of Agriculture and Life Sciences","Molecular and Structural Biochemistry","","False","1","46","#E69F00","False",""
"jryu","Jong Eun Ryu","College of Engineering","Mechanical and Aerospace Engineering","","False","2","89","#0072B2","False",""
"cjohns28","Corey Johnson","College of Natural Resources","Parks, Recreation and Tourism Management","","False","3","92","#9B59B6","False",""
"fjlouws","Frank Louws","College of Agriculture and Life Sciences","Horticultural Science","","False","3","89","#E69F00","False",""
"smlukic","Srdjan Lukic","College of Engineering","Electrical and Computer Engineering","","False","6","107","#0072B2","False",""
"aaiyyer","Anantha Aiyyer","College of Sciences","Marine, Earth, and Atmospheric Sciences","","False","3","44","#009E73","False",""
"mlp","Michael Parker","College of Agriculture and Life Sciences","Horticultural Science","","False","2","6","#E69F00","False",""
"gflist","George List","College of Engineering","Civil, Construction and Environmental Engineering","","False","2","65","#0072B2","False",""
"rparaju","Rajan Parajuli","College of Natural Resources","Forestry and Environmental Resources","","False","1","75","#9B59B6","False",""
"vlindsa","Vincent Lindsay","College of Sciences","Chemistry","","False","4","51","#009E73","False",""
"jcallair","Jason Allaire","College of Humanities and Social Sciences","Psychology","","False","7","54","#CC79A7","False",""
"tghosh","Tushar Ghosh","Wilson College of Textiles","Textile Engineering, Chemistry and Science","","False","3","51","#1ABC9C","False",""
"amgrunde","Amy Grunden","College of Agriculture and Life Sciences","North Carolina Agricultural Research Service","","False","3","60","#E69F00","False",""
"jgpierce","Joshua Pierce","College of Sciences","Chemistry","","False","3","71","#009E73","False",""
"rbormond","R  Bryan Ormond","Wilson College of Textiles","Textile Engineering, Chemistry and Science","","False","1","29","#1ABC9C","False",""
"vikasper","Verena Kasper-Marienberg","College of Humanities and Social Sciences","History","","False","1","10","#CC79A7","False",""
"ksbunds","Kyle Bunds","College of Natural Resources","Parks, Recreation and Tourism Management","","False","1","51","#9B59B6","False",""
"wjasper","Warren Jasper","Wilson College of Textiles","Textile Engineering, Chemistry and Science","","False","4","33","#1ABC9C","False",""
"slbenne2","Sara Bennett","College of Veterinary Medicine","Clinical Sciences","","False","2","10","#56B4E9","False",""
"msuh2","Minyoung Suh","Wilson College of Textiles","Textile and Apparel, Technology and Management","","False","1","28","#1ABC9C","False",""
"damarks","Devorah Stowe","College of Veterinary Medicine","Population Health and Pathobiology","","False","3","36","#56B4E9","False",""
"slin23","Shih-Chun Lin","College of Engineering","Electrical and Computer Engineering","","False","1","60","#0072B2","False",""
"tjhorn","Tim Horn","College of Engineering","Mechanical and Aerospace Engineering","","False","1","56","#0072B2","False",""
"bwbeeler","Benjamin Beeler","College of Engineering","Nuclear Engineering","","False","3","63","#0072B2","False",""
"jwb","John Baugh","College of Engineering","Civil, Construction and Environmental Engineering","","False","1","27","#0072B2","False",""
"misra","Kailash Misra","College of Sciences","Mathematics","","False","4","40","#009E73","False",""
"liclarke","Laura Clarke","College of Sciences","Physics","","False","2","37","#009E73","False",""
"mjscott3","Maxwell Scott","College of Agriculture and Life Sciences","Entomology and Plant Pathology","","False","3","82","#E69F00","False",""
"efimenko","Kirill Efimenko","College of Engineering","Chemical and Biomolecular Engineering","","False","3","45","#0072B2","False",""
"sgaddam4","Shobhan Gaddameedhi","College of Sciences","Biological Sciences","","False","2","52","#009E73","False",""
"mkatti","Madhusudan Katti","College of Humanities and Social Sciences","Interdisciplinary Studies","","False","1","41","#CC79A7","False",""
"bspace","Brian Space","College of Sciences","Chemistry","","False","7","131","#009E73","False",""
"sdkirby","Sarah Kirby","College of Agriculture and Life Sciences","Agricultural and Human Sciences","","False","1","9","#E69F00","False",""
"jbtracy","Joseph Tracy","College of Engineering","Materials Science and Engineering","","False","3","88","#0072B2","False",""
"avsaveli","Alexei Saveliev","College of Engineering","Mechanical and Aerospace Engineering","","False","6","45","#0072B2","False",""
"choyo","Cathrine Hoyo","College of Sciences","Biological Sciences","","False","6","153","#009E73","False",""
"rhernan2","Raquel Hernandez","College of Agriculture and Life Sciences","Molecular and Structural Biochemistry","","False","2","31","#E69F00","False",""
"wliu25","Wusheng Liu","College of Agriculture and Life Sciences","Horticultural Science","","False","1","42","#E69F00","False",""
"celeprev","Catherine LePrevost","College of Agriculture and Life Sciences","Applied Ecology","","False","1","45","#E69F00","False",""
"jahoppin","Jane Hoppin","College of Sciences","Biological Sciences","","False","17","205","#009E73","False",""
"ahjhala","Arnav Jhala","College of Engineering","Computer Science","","False","5","42","#0072B2","False",""
"jpwang","Jack Wang","College of Natural Resources","Forestry and Environmental Resources","","False","2","54","#9B59B6","False",""
"hhuang11","He Huang","College of Engineering","Biomedical Engineering","","False","6","216","#0072B2","False",""
"mmfarazm","Mohammad Farazmand","College of Sciences","Mathematics","","False","1","44","#009E73","False",""
"hmitaso","Helena Mitasova","College of Sciences","Marine, Earth, and Atmospheric Sciences","","False","6","95","#009E73","False",""
"yxu11","Yingjiao Xu","Wilson College of Textiles","Textile and Apparel, Technology and Management","","False","2","52","#1ABC9C","False",""
"hshuang","Hsiao-Ying Shadow Huang","College of Engineering","Mechanical and Aerospace Engineering","","False","7","56","#0072B2","False",""
"klmarti3","Katie Martin","College of Natural Resources","Forestry and Environmental Resources","","False","2","30","#9B59B6","False",""
"cheil","Caiti Heil","College of Sciences","Biological Sciences","","False","4","30","#009E73","False",""
"wtang8","Wenyuan Tang","College of Engineering","Electrical and Computer Engineering","","False","2","40","#0072B2","False",""
"dxlascel","Duncan Lascelles","College of Veterinary Medicine","Clinical Sciences","","False","8","226","#56B4E9","False",""
"mbreen3","Matthew Breen","College of Veterinary Medicine","Molecular Biomedical Sciences","","False","9","123","#56B4E9","False",""
"megruen","Margaret Gruen","College of Veterinary Medicine","Clinical Sciences","","False","4","97","#56B4E9","False",""
"lubkin","Sharon Lubkin","College of Sciences","Mathematics","","False","1","32","#009E73","False",""
"hmhassan","Hosni Hassan","College of Agriculture and Life Sciences","Prestage Department of Poultry Science","","False","1","34","#E69F00","False",""
"kakosenk","Kama Kosenko","College of Humanities and Social Sciences","Communication","","False","2","30","#CC79A7","False",""
"ihusain2","Iqbal Husain","College of Engineering","Electrical and Computer Engineering","","False","7","200","#0072B2","False",""
"rgfranks","Robert Franks","College of Agriculture and Life Sciences","Plant and Microbial Biology","","False","2","34","#E69F00","False",""
"xshen5","Xipeng Shen","College of Engineering","Computer Science","","False","3","160","#0072B2","False",""
"fathi","Yahya Fathi","College of Engineering","Edward P. Fitts Department of Industrial & Systems Engineering","","False","4","25","#0072B2","False",""
"mpairis","Monique Pairis-Garcia","College of Veterinary Medicine","Population Health and Pathobiology","","False","1","78","#56B4E9","False",""
"hawest","Harvey West II","College of Engineering","Edward P. Fitts Department of Industrial & Systems Engineering","","False","3","16","#0072B2","False",""
"pferket","Peter Ferket","College of Agriculture and Life Sciences","Prestage Department of Poultry Science","","False","4","80","#E69F00","False",""
"ahross","Ann Ross","College of Sciences","Biological Sciences","","False","2","78","#009E73","False",""
"ajbandod","Amay Bandodkar","College of Engineering","Electrical and Computer Engineering","","False","5","83","#0072B2","False",""
"mgpapich","Mark Papich","College of Veterinary Medicine","Molecular Biomedical Sciences","","False","8","247","#56B4E9","False",""
"jccarr","Jon Carr","Poole College of Management","Management, Innovation and Entrepreneurship","","False","1","30","#F0E442","False",""
"mmmoore4","Marguerite Moore","Wilson College of Textiles","Textile and Apparel, Technology and Management","","False","1","18","#1ABC9C","False",""
"ahk","Hamid Krim","College of Engineering","Electrical and Computer Engineering","","False","6","135","#0072B2","False",""
"memayorg","Maria Mayorga","College of Engineering","Engineering Research","","False","6","85","#0072B2","False",""
"smbelch2","Scott Belcher","College of Sciences","Biological Sciences","","False","4","69","#009E73","False",""
"hsu4","Hao Su","College of Engineering","Mechanical and Aerospace Engineering","","False","1","36","#0072B2","False",""
"tdpark","Travis Park","College of Agriculture and Life Sciences","Agricultural and Human Sciences","","False","1","6","#E69F00","False",""
"gwlucier","Gregory Lucier","College of Engineering","Civil, Construction and Environmental Engineering","","False","1","29","#0072B2","False",""
"rhernan4","Ricardo Hernandez","College of Agriculture and Life Sciences","Horticultural Science","","False","1","41","#E69F00","False",""
"rllongla","Richard Longland","College of Sciences","Physics","","False","6","72","#009E73","False",""
"tsmorril","Thayer Morrill","Poole College of Management","Economics","","False","2","24","#F0E442","False",""
"rjanaki","Ram Janakiraman","Poole College of Management","Marketing","","False","1","29","#F0E442","False",""
"assuryaw","Amol Suryawanshi","College of Veterinary Medicine","Population Health and Pathobiology","","False","5","52","#56B4E9","False",""
"claplan","Caroline Laplante","College of Veterinary Medicine","Molecular Biomedical Sciences","","False","1","20","#56B4E9","False",""
"xwang97","Xiaoqiu Wang","College of Agriculture and Life Sciences","Animal Science","","False","2","52","#E69F00","False",""
"mroe","R  Michael Roe","College of Agriculture and Life Sciences","Entomology and Plant Pathology","","False","3","75","#E69F00","False",""
"xli24","Xu Li","College of Agriculture and Life Sciences","Plant and Microbial Biology","","False","1","38","#E69F00","False",""
"slchen2","Stefanie Chen","College of Sciences","Biological Sciences","","False","1","21","#009E73","False",""
"cpmorris","Cassie Lilly","College of Sciences","Chemistry","","False","1","13","#009E73","False",""
"macowley","Michael Cowley","College of Sciences","Biological Sciences","","False","3","30","#009E73","False",""
"kwagone","Kasey Wagoner","College of Sciences","Physics","","False","1","18","#009E73","False",""
"classen","John Classen","College of Agriculture and Life Sciences","Biological and Agricultural Engineering","","False","1","40","#E69F00","False",""
"dlaylor","David Aylor","College of Sciences","Biological Sciences","","False","2","35","#009E73","False",""
"smcoster","Stacy DeCoster","College of Humanities and Social Sciences","Sociology and Anthropology","","False","4","29","#CC79A7","False",""
"czakas","Christina Zakas","College of Sciences","Biological Sciences","","False","3","25","#009E73","False",""
"rychirko","Rada Chirkova","College of Engineering","Computer Science","","False","4","35","#0072B2","False",""
"blkirkma","Bradley Kirkman","Poole College of Management","Management, Innovation and Entrepreneurship","","False","6","76","#F0E442","False",""
"nmccart","Neil McCarthy","College of Veterinary Medicine","Molecular Biomedical Sciences","","False","1","12","#56B4E9","False",""
"jducoste","Joel Ducoste","College of Engineering","Engineering Research","","False","1","93","#0072B2","False",""
"kanderso","Kenneth Anderson","College of Agriculture and Life Sciences","Prestage Department of Poultry Science","","False","4","107","#E69F00","False",""
"ddreisig","Dominic Reisig","College of Agriculture and Life Sciences","Entomology and Plant Pathology","","False","3","186","#E69F00","False",""
"gabr","Mohammed Gabr","College of Engineering","Civil, Construction and Environmental Engineering","","False","5","124","#0072B2","False",""
"awhitfi","Anna Whitfield","College of Agriculture and Life Sciences","Entomology and Plant Pathology","","False","3","110","#E69F00","False",""
"cjthomas","Carrie Thomas","College of Sciences","Marine, Earth, and Atmospheric Sciences","","False","1","11","#009E73","False",""
"mrhyman","Michael Hyman","College of Agriculture and Life Sciences","Plant and Microbial Biology","","False","2","34","#E69F00","False",""
"bmmorten","Brina Montoya","College of Engineering","Civil, Construction and Environmental Engineering","","False","2","105","#0072B2","False",""
"csgalik","Christopher Galik","College of Humanities and Social Sciences","Political Science & Public Administration [in the School of Public and International Affairs]","","False","6","42","#CC79A7","False",""
"eaison","Elon Ison","College of Sciences","Chemistry","","False","4","49","#009E73","False",""
"dknazov","David Knazovicky","College of Veterinary Medicine","Clinical Sciences","","False","1","17","#56B4E9","False",""
"mastanko","Michael Stanko","Poole College of Management","Marketing","","False","2","17","#F0E442","False",""
"oargell","Orlando Arguello-Miranda","College of Agriculture and Life Sciences","Plant and Microbial Biology","","False","1","21","#E69F00","False",""
"tghashg","Troy Ghashghaei","College of Veterinary Medicine","Molecular Biomedical Sciences","","False","2","45","#56B4E9","False",""
"mmpop","Margareta Thomson","College of Education","Teacher Education and Learning Sciences","","False","1","28","#D55E00","False",""
"krmunana","Karen Munana","College of Veterinary Medicine","Clinical Sciences","","False","4","69","#56B4E9","False",""
"arumyan","Artem Rumyantsev","College of Engineering","Chemical and Biomolecular Engineering","","False","2","45","#0072B2","False",""
"jburk","JoAnn Burkholder","College of Agriculture and Life Sciences","Center for Applied Aquatic Ecology","","False","2","59","#E69F00","False",""
"sdneuper","Shevaun Neupert","College of Humanities and Social Sciences","Psychology","","False","1","105","#CC79A7","False",""
"vskokov","Vladimir Skokov","College of Sciences","Physics","","False","19","222","#009E73","False",""
"martinjd","James Martin","College of Sciences","Chemistry","","False","1","46","#009E73","False",""
"jlsnowde","Joy Little","College of Sciences","Biological Sciences","","False","1","16","#009E73","False",""
"lvschnab","Lauren Schnabel","College of Veterinary Medicine","Clinical Sciences","","False","3","102","#56B4E9","False",""
"skrish16","Srinivasan Krishnamurthy","Poole College of Management","Finance","","False","1","10","#F0E442","False",""
"jsbaker4","Justin Baker","College of Natural Resources","Forestry and Environmental Resources","","False","3","84","#9B59B6","False",""
"peaveret","Paige Averett","College of Humanities and Social Sciences","Social Work","","False","3","53","#CC79A7","False",""
"mcricker","Matt Ricker","College of Agriculture and Life Sciences","Crop and Soil Sciences","","False","1","27","#E69F00","False",""
"mmmanfra","Meghan Manfra","College of Education","Teacher Education and Learning Sciences","","False","1","13","#D55E00","False",""
"xilin","Lin Xi","College of Agriculture and Life Sciences","Animal Science","","False","8","121","#E69F00","False",""
"jastern","Joshua Stern","College of Veterinary Medicine","College of Veterinary Medicine Administration","","False","4","149","#56B4E9","False",""
"jwalgenb","James Walgenbach","College of Agriculture and Life Sciences","Entomology and Plant Pathology","","False","1","47","#E69F00","False",""
"mlardons","Marcelo Ardon","College of Natural Resources","Forestry and Environmental Resources","","False","5","67","#9B59B6","False",""
"wgao5","Wei Gao","Wilson College of Textiles","Textile Engineering, Chemistry and Science","","False","7","63","#1ABC9C","False",""
"hzhou","Huiyang Zhou","College of Engineering","Electrical and Computer Engineering","","False","5","86","#0072B2","False",""
"mddickey","Michael Dickey","College of Engineering","Chemical and Biomolecular Engineering","","False","9","320","#0072B2","False",""
"tjpandol","Tamara Pandolfo","College of Natural Resources","Forestry and Environmental Resources","","False","3","13","#9B59B6","False",""
"fmeille","Flora Meilleur","College of Agriculture and Life Sciences","Molecular and Structural Biochemistry","","False","2","90","#E69F00","False",""
"dcdorman","David Dorman","College of Veterinary Medicine","Molecular Biomedical Sciences","","False","3","91","#56B4E9","False",""
"wlu4","Wenbin Lu","College of Sciences","Statistics","","False","5","111","#009E73","False",""
"boos","Dennis Boos","College of Sciences","Statistics","","False","2","15","#009E73","False",""
"avlebude","Anthony Lebude","College of Agriculture and Life Sciences","Horticultural Science","","False","1","11","#E69F00","False",""
"caharms","Craig Harms","College of Veterinary Medicine","Clinical Sciences","","False","6","147","#56B4E9","False",""
"fwu","Fen Wu","College of Engineering","Mechanical and Aerospace Engineering","","False","6","137","#0072B2","False",""
"svincent","Steven Vincent","College of Humanities and Social Sciences","History","","False","1","29","#CC79A7","False",""
"awmeade","Adam Meade","College of Humanities and Social Sciences","Psychology","","False","4","50","#CC79A7","False",""
"cdsteve3","Clint Stevenson","College of Agriculture and Life Sciences","Food, Bioprocessing, and Nutrition Sciences","","False","1","10","#E69F00","False",""
"pdsicili","Paul Siciliano","College of Agriculture and Life Sciences","Animal Science","","False","3","42","#E69F00","False",""
"zsbrown2","Zachary Brown","College of Agriculture and Life Sciences","Agricultural and Resource Economics","","False","1","45","#E69F00","False",""
"mayousse","Mohamed Youssef","College of Agriculture and Life Sciences","Biological and Agricultural Engineering","","False","4","72","#E69F00","False",""
"msolufse","Mette Olufsen","College of Sciences","Mathematics","","False","5","73","#009E73","False",""
"qyxiang","Qiuyun Xiang","College of Agriculture and Life Sciences","Plant and Microbial Biology","","False","3","78","#E69F00","False",""
"akrings","Alexander Krings","College of Agriculture and Life Sciences","Plant and Microbial Biology","","False","3","27","#E69F00","False",""
"dlgray2","DeLeon Gray","College of Education","Teacher Education and Learning Sciences","","False","3","26","#D55E00","False",""
"mabolha","Milad Abolhasani","College of Engineering","Chemical and Biomolecular Engineering","","False","2","119","#0072B2","False",""
"jcolehu","Jacqueline Cole","College of Engineering","Biomedical Engineering","","False","2","41","#0072B2","False",""
"yliu292","Yin Liu","College of Engineering","Materials Science and Engineering","","False","3","43","#0072B2","False",""
"rclark","Robert Clark","Poole College of Management","Economics","","False","2","85","#F0E442","False",""
"bwkeene","Bruce Keene","College of Veterinary Medicine","Clinical Sciences","","False","5","72","#56B4E9","False",""
"jimielke","Jeffrey Mielke","College of Humanities and Social Sciences","English","","False","1","45","#CC79A7","False",""
"mnguddat","Murthy Guddati","College of Engineering","Civil, Construction and Environmental Engineering","","False","9","76","#0072B2","False",""
"dbmorais","Duarte Morais","College of Natural Resources","Parks, Recreation and Tourism Management","","False","2","43","#9B59B6","False",""
"ejjasels","Edward Jaselskis","College of Engineering","Civil, Construction and Environmental Engineering","","False","5","56","#0072B2","False",""
"mrojasp","Marcela Pierce","College of Agriculture and Life Sciences","Plant and Microbial Biology","","False","2","27","#E69F00","False",""
"mhreiski","Michael Reiskind","College of Agriculture and Life Sciences","Entomology and Plant Pathology","","False","5","76","#E69F00","False",""
"jrbochin","Jason Bochinski","College of Sciences","Physics","","False","2","24","#009E73","False",""
"wahoffma","William Hoffmann","College of Agriculture and Life Sciences","Plant and Microbial Biology","","False","3","84","#E69F00","False",""
"gmachad","Gustavo Machado","College of Veterinary Medicine","Population Health and Pathobiology","","False","4","193","#56B4E9","False",""
"ntdinh","Nam Dinh","College of Engineering","Nuclear Engineering","","False","2","81","#0072B2","False",""
"desaloni","Daniel Saloni","College of Natural Resources","Forest Biomaterials","","False","4","51","#9B59B6","False",""
"prhess","Paul Hess","College of Veterinary Medicine","Clinical Sciences","","False","7","36","#56B4E9","False",""
"gwalmond","Glen Almond","College of Veterinary Medicine","Population Health and Pathobiology","","False","1","40","#56B4E9","False",""
"sscmjv","Michael Vepraskas","College of Agriculture and Life Sciences","Crop and Soil Sciences","","False","3","38","#E69F00","False",""
"gilligan","John Gilligan","College of Engineering","Nuclear Engineering","","False","3","9","#0072B2","False",""
"knappe","Detlef Knappe","College of Engineering","Civil, Construction and Environmental Engineering","","False","2","99","#0072B2","False",""
"sdfrank","Steven Frank","College of Agriculture and Life Sciences","Entomology and Plant Pathology","","False","5","72","#E69F00","False",""
"thomas","Melvin Thomas","College of Humanities and Social Sciences","Sociology and Anthropology","","False","2","15","#CC79A7","False",""
"mhpoore","Matt Poore","College of Agriculture and Life Sciences","Animal Science","","False","2","99","#E69F00","False",""
"mtnance","Mark Nance","College of Humanities and Social Sciences","Political Science & Public Administration [in the School of Public and International Affairs]","","False","1","11","#CC79A7","False",""
"fang","Shu-Cherng Fang","College of Engineering","Edward P. Fitts Department of Industrial & Systems Engineering","","False","7","142","#0072B2","False",""
"muth","John Muth","College of Engineering","Electrical and Computer Engineering","","False","1","72","#0072B2","False",""
"ngmedhin","Negash Medhin","College of Sciences","Mathematics","","False","1","8","#009E73","False",""
"rgolub","Robert Golub","College of Sciences","Physics","","False","2","28","#009E73","False",""
"zholmes","Zakiya Leggett","College of Natural Resources","Forestry and Environmental Resources","","False","2","38","#9B59B6","False",""
"blhughes","Brian Hughes","College of Engineering","Electrical and Computer Engineering","","False","4","22","#0072B2","False",""
"akhater","Akram Khater","College of Humanities and Social Sciences","Khayrallah Center for Lebanese Diaspora Studies ","","False","1","16","#CC79A7","False",""
"lmquesad","Lina Quesada","College of Agriculture and Life Sciences","Entomology and Plant Pathology","","False","3","98","#E69F00","False",""
"baran","Mesut Baran","College of Engineering","Electrical and Computer Engineering","","False","4","59","#0072B2","False",""
"kim","Youngsoo Kim","College of Engineering","Civil, Construction and Environmental Engineering","","False","14","187","#0072B2","False",""
"tnaziz","Tarek Aziz","College of Engineering","Civil, Construction and Environmental Engineering","","False","1","16","#0072B2","False",""
"zguo32","Zhishan Guo","College of Engineering","Computer Science","","False","2","127","#0072B2","False",""
"mdamori","Marcelo D'Amorim","College of Engineering","Computer Science","","False","1","55","#0072B2","False",""
"tckraft","Tim Kraft","Poole College of Management","Information Technology, Analytics, & Operations","","False","1","15","#F0E442","False",""
"emzechma","Emily Berglund","College of Engineering","Civil, Construction and Environmental Engineering","","False","9","167","#0072B2","False",""
"sjcarrie","Sarah Carrier","College of Education","Teacher Education and Learning Sciences","","False","1","44","#D55E00","False",""
"cahintz","Cassie Castorena","College of Engineering","Civil, Construction and Environmental Engineering","","False","2","88","#0072B2","False",""
"hfell","Harrison Fell","College of Agriculture and Life Sciences","Agricultural and Resource Economics","","False","3","31","#E69F00","False",""
"jing","Naihuan Jing","College of Sciences","Mathematics","","False","5","203","#009E73","False",""
"jwstalli","Jonathan Stallrich","College of Sciences","Statistics","","False","1","41","#009E73","False",""
"kbadler","Kenneth Adler","College of Veterinary Medicine","Molecular Biomedical Sciences","","False","4","49","#56B4E9","False",""
"clmarian","Christopher Mariani","College of Veterinary Medicine","Clinical Sciences","","False","3","67","#56B4E9","False",""
"apschmid","Andrew Schmidt","Poole College of Management","Accounting","","False","2","9","#F0E442","False",""
"zikry","Mohammed Zikry","College of Engineering","Mechanical and Aerospace Engineering","","False","15","180","#0072B2","False",""
"crcongre","Curtis Congreve","College of Sciences","Marine, Earth, and Atmospheric Sciences","","False","1","27","#009E73","False",""
"rriehn","Robert Riehn","College of Sciences","Physics","","False","3","53","#009E73","False",""
"tjmenzie","Timothy Menzies","College of Engineering","Computer Science","","False","3","172","#0072B2","False",""
"rcollaz","Ramon Collazo","College of Engineering","Materials Science and Engineering","","False","11","225","#0072B2","False",""
"jethoma7","John Thomas","College of Sciences","Physics","","False","3","30","#009E73","False",""
"jpknelle","James Kneller","College of Sciences","Physics","","False","2","60","#009E73","False",""
"mliu10","Ming Liu","College of Engineering","Biomedical Engineering","","False","1","44","#0072B2","False",""
"lvbociu","Lorena Bociu","College of Sciences","Mathematics","","False","1","38","#009E73","False",""
"pdswartz","Paul Swartz","College of Agriculture and Life Sciences","Molecular and Structural Biochemistry","","False","1","25","#E69F00","False",""
"mwnolan","Michael Nolan","College of Veterinary Medicine","Clinical Sciences","","False","1","74","#56B4E9","False",""
"wpetry","Will Petry","College of Agriculture and Life Sciences","Plant and Microbial Biology","","False","2","23","#E69F00","False",""
"gkennedy","George Kennedy","College of Agriculture and Life Sciences","Entomology and Plant Pathology","","False","3","89","#E69F00","False",""
"flowers","William Flowers","College of Agriculture and Life Sciences","Animal Science","","False","1","39","#E69F00","False",""
"bourham","Mohamed Bourham","College of Engineering","Nuclear Engineering","","False","7","100","#0072B2","False",""
"kwwegman","Karl Wegmann","College of Sciences","Marine, Earth, and Atmospheric Sciences","","False","2","90","#009E73","False",""
"stsynkov","Semyon Tsynkov","College of Sciences","Mathematics","","False","5","86","#009E73","False",""
"sjmcdona","Steve McDonald","College of Humanities and Social Sciences","Sociology and Anthropology","","False","1","41","#CC79A7","False",""
"yzhou19","Amanda Zhou","College of Sciences","Biological Sciences","","False","1","72","#009E73","False",""
"nmeskhi","Nicholas Meskhidze","College of Sciences","Marine, Earth, and Atmospheric Sciences","","False","2","63","#009E73","False",""
"cebarbie","Carla Barbieri","College of Natural Resources","Parks, Recreation and Tourism Management","","False","5","68","#9B59B6","False",""
"chhaigle","Candace Haigler","College of Agriculture and Life Sciences","Crop and Soil Sciences","","False","4","62","#E69F00","False",""
"bgreaves","Brad Reaves","College of Engineering","Computer Science","","False","2","23","#0072B2","False",""
"jcneal","Joseph Neal","College of Agriculture and Life Sciences","Horticultural Science","","False","1","10","#E69F00","False",""
"dyanistr","Dmitriy Anistratov","College of Engineering","Nuclear Engineering","","False","1","29","#0072B2","False",""
"fgould","Fred Gould","College of Agriculture and Life Sciences","Entomology and Plant Pathology","","False","4","100","#E69F00","False",""
"jmcasper","Jonathan Casper","College of Natural Resources","Parks, Recreation and Tourism Management","","False","4","62","#9B59B6","False",""
"mfbykova","Marina Bykova","College of Humanities and Social Sciences","Philosophy and Religious Studies","","False","5","76","#CC79A7","False",""
"ascafur","Alessandra Scafuro","College of Engineering","Computer Science","","False","2","23","#0072B2","False",""
"pkolar","Praveen Kolar","College of Agriculture and Life Sciences","Biological and Agricultural Engineering","","False","3","49","#E69F00","False",""
"lkromo","Lynsey Romo","College of Humanities and Social Sciences","Communication","","False","2","51","#CC79A7","False",""
"kmjennin","Katherine Jennings","College of Agriculture and Life Sciences","Horticultural Science","","False","3","127","#E69F00","False",""
"kmoliver","Kevin Oliver","College of Education","Teacher Education and Learning Sciences","","False","2","30","#D55E00","False",""
"mrblanch","Meg Blanchard","College of Education","Science, Technology, Engineering, & Mathematics Education","","False","2","34","#D55E00","False",""
"moorman","Christopher Moorman","College of Natural Resources","Forestry and Environmental Resources","","False","9","177","#9B59B6","False",""
"mgorgero","Marsha Gordon","College of Humanities and Social Sciences","English","","False","1","40","#CC79A7","False",""
